error    libmamba Could not open lockfile '/sciclone/apps/miniforge3-24.9.2-0/pkgs/cache/cache.lock'
error    libmamba Removing lock file '/sciclone/apps/miniforge3-24.9.2-0/pkgs/cache/cache.lock' failed
    You may need to remove it manually
warning  libmamba Cache file "/sciclone/home/tdfelton/.conda/pkgs/cache/497deca9.json" was modified by another program
error    libmamba Could not open lockfile '/sciclone/apps/miniforge3-24.9.2-0/pkgs/cache/cache.lock'
error    libmamba Removing lock file '/sciclone/apps/miniforge3-24.9.2-0/pkgs/cache/cache.lock' failed
    You may need to remove it manually
warning  libmamba Cache file "/sciclone/home/tdfelton/.conda/pkgs/cache/09cdf8bf.json" was modified by another program
warning  libmamba Cache file "/sciclone/home/tdfelton/.conda/pkgs/cache/47929eba.json" was modified by another program
warning  libmamba Cache file "/sciclone/home/tdfelton/.conda/pkgs/cache/3e39a7aa.json" was modified by another program
warning  libmamba Cache file "/sciclone/home/tdfelton/.conda/pkgs/cache/2ce54b42.json" was modified by another program
warning  libmamba Cache file "/sciclone/home/tdfelton/.conda/pkgs/cache/4ea078d6.json" was modified by another program
error    libmamba Could not open lockfile '/sciclone/apps/miniforge3-24.9.2-0/pkgs/cache/cache.lock'
error    libmamba Removing lock file '/sciclone/apps/miniforge3-24.9.2-0/pkgs/cache/cache.lock' failed
    You may need to remove it manually
error    libmamba Could not open lockfile '/sciclone/apps/miniforge3-24.9.2-0/pkgs/cache/cache.lock'
error    libmamba Removing lock file '/sciclone/apps/miniforge3-24.9.2-0/pkgs/cache/cache.lock' failed
    You may need to remove it manually
error    libmamba Could not open lockfile '/sciclone/apps/miniforge3-24.9.2-0/pkgs/cache/cache.lock'
error    libmamba Removing lock file '/sciclone/apps/miniforge3-24.9.2-0/pkgs/cache/cache.lock' failed
    You may need to remove it manually
error    libmamba Could not open lockfile '/sciclone/apps/miniforge3-24.9.2-0/pkgs/cache/cache.lock'
error    libmamba Removing lock file '/sciclone/apps/miniforge3-24.9.2-0/pkgs/cache/cache.lock' failed
    You may need to remove it manually
tail: cannot open '/sciclone/home/tdfelton/SUPERCOMPUTING/assignments/assignment_07/data/SraRunTable.csv' for reading: No such file or directory
Collecting 1 genome record [------------------------------------------------]   0% 0/1
[1A[2KCollecting 1 genome record [------------------------------------------------]   0% 0/1
[1A[2KCollecting 1 genome record [------------------------------------------------]   0% 0/1
[1A[2KCollecting 1 genome record [------------------------------------------------]   0% 0/1
[1A[2KCollecting 1 genome record [------------------------------------------------]   0% 0/1
[1A[2KCollecting 1 genome record [------------------------------------------------]   0% 0/1
[1A[2KCollecting 1 genome record [------------------------------------------------]   0% 0/1
[1A[2KCollecting 1 genome record [------------------------------------------------]   0% 0/1
[1A[2KCollecting 1 genome record [================================================] 100% 1/1
[1A[2KCollecting 1 genome record [================================================] 100% 1/1
[1A[2KCollecting 1 genome record [================================================] 100% 1/1
[1A[2KCollecting 1 genome record [================================================] 100% 1/1
[1A[2KCollecting 1 genome record [================================================] 100% 1/1
[1A[2KCollecting 1 genome record [================================================] 100% 1/1
[1A[2KCollecting 1 genome record [================================================] 100% 1/1
[1A[2KCollecting 1 genome record [================================================] 100% 1/1
[1A[2KCollecting 1 genome record [================================================] 100% 1/1
[1A[2KCollecting 1 genome record [================================================] 100% 1/1
[1A[2KCollecting 1 genome record [================================================] 100% 1/1
[1A[2KCollecting 1 genome record [================================================] 100% 1/1
Downloading: /sciclone/home/tdfelton/SUPERCOMPUTING/assignments/assignment_07/data/dog_reference/dog_reference.zip    2.73kB 34.5MB/s
[1A[2K[1A[2KCollecting 1 genome record [================================================] 100% 1/1
Downloading: /sciclone/home/tdfelton/SUPERCOMPUTING/assignments/assignment_07/data/dog_reference/dog_reference.zip    2.73kB 34.5MB/s
[1A[2K[1A[2KCollecting 1 genome record [================================================] 100% 1/1
Downloading: /sciclone/home/tdfelton/SUPERCOMPUTING/assignments/assignment_07/data/dog_reference/dog_reference.zip    8.39kB 388kB/s
[1A[2K[1A[2KCollecting 1 genome record [================================================] 100% 1/1
Downloading: /sciclone/home/tdfelton/SUPERCOMPUTING/assignments/assignment_07/data/dog_reference/dog_reference.zip    32.8kB 1.04MB/s
[1A[2K[1A[2KCollecting 1 genome record [================================================] 100% 1/1
Downloading: /sciclone/home/tdfelton/SUPERCOMPUTING/assignments/assignment_07/data/dog_reference/dog_reference.zip    98.3kB 2.46MB/s
[1A[2K[1A[2KCollecting 1 genome record [================================================] 100% 1/1
Downloading: /sciclone/home/tdfelton/SUPERCOMPUTING/assignments/assignment_07/data/dog_reference/dog_reference.zip    229kB 4.71MB/s
[1A[2K[1A[2KCollecting 1 genome record [================================================] 100% 1/1
Downloading: /sciclone/home/tdfelton/SUPERCOMPUTING/assignments/assignment_07/data/dog_reference/dog_reference.zip    688kB 10.4MB/s
[1A[2K[1A[2KCollecting 1 genome record [================================================] 100% 1/1
Downloading: /sciclone/home/tdfelton/SUPERCOMPUTING/assignments/assignment_07/data/dog_reference/dog_reference.zip    1.38MB 18.1MB/s
[1A[2K[1A[2KCollecting 1 genome record [================================================] 100% 1/1
Downloading: /sciclone/home/tdfelton/SUPERCOMPUTING/assignments/assignment_07/data/dog_reference/dog_reference.zip    1.97MB 22.8MB/s
[1A[2K[1A[2KCollecting 1 genome record [================================================] 100% 1/1
Downloading: /sciclone/home/tdfelton/SUPERCOMPUTING/assignments/assignment_07/data/dog_reference/dog_reference.zip    2.33MB 24.3MB/s
[1A[2K[1A[2KCollecting 1 genome record [================================================] 100% 1/1
Downloading: /sciclone/home/tdfelton/SUPERCOMPUTING/assignments/assignment_07/data/dog_reference/dog_reference.zip    2.72MB 25.6MB/s
[1A[2K[1A[2KCollecting 1 genome record [================================================] 100% 1/1
Downloading: /sciclone/home/tdfelton/SUPERCOMPUTING/assignments/assignment_07/data/dog_reference/dog_reference.zip    3.11MB 26.7MB/s
[1A[2K[1A[2KCollecting 1 genome record [================================================] 100% 1/1
Downloading: /sciclone/home/tdfelton/SUPERCOMPUTING/assignments/assignment_07/data/dog_reference/dog_reference.zip    3.51MB 27.8MB/s
[1A[2K[1A[2KCollecting 1 genome record [================================================] 100% 1/1
Downloading: /sciclone/home/tdfelton/SUPERCOMPUTING/assignments/assignment_07/data/dog_reference/dog_reference.zip    3.9MB 28.6MB/s
[1A[2K[1A[2KCollecting 1 genome record [================================================] 100% 1/1
Downloading: /sciclone/home/tdfelton/SUPERCOMPUTING/assignments/assignment_07/data/dog_reference/dog_reference.zip    4.29MB 29.3MB/s
[1A[2K[1A[2KCollecting 1 genome record [================================================] 100% 1/1
Downloading: /sciclone/home/tdfelton/SUPERCOMPUTING/assignments/assignment_07/data/dog_reference/dog_reference.zip    4.69MB 29.9MB/s
[1A[2K[1A[2KCollecting 1 genome record [================================================] 100% 1/1
Downloading: /sciclone/home/tdfelton/SUPERCOMPUTING/assignments/assignment_07/data/dog_reference/dog_reference.zip    5.08MB 30.5MB/s
[1A[2K[1A[2KCollecting 1 genome record [================================================] 100% 1/1
Downloading: /sciclone/home/tdfelton/SUPERCOMPUTING/assignments/assignment_07/data/dog_reference/dog_reference.zip    5.47MB 31MB/s
[1A[2K[1A[2KCollecting 1 genome record [================================================] 100% 1/1
Downloading: /sciclone/home/tdfelton/SUPERCOMPUTING/assignments/assignment_07/data/dog_reference/dog_reference.zip    5.87MB 31.4MB/s
[1A[2K[1A[2KCollecting 1 genome record [================================================] 100% 1/1
Downloading: /sciclone/home/tdfelton/SUPERCOMPUTING/assignments/assignment_07/data/dog_reference/dog_reference.zip    6.26MB 31.7MB/s
[1A[2K[1A[2KCollecting 1 genome record [================================================] 100% 1/1
Downloading: /sciclone/home/tdfelton/SUPERCOMPUTING/assignments/assignment_07/data/dog_reference/dog_reference.zip    6.65MB 32.1MB/s
[1A[2K[1A[2KCollecting 1 genome record [================================================] 100% 1/1
Downloading: /sciclone/home/tdfelton/SUPERCOMPUTING/assignments/assignment_07/data/dog_reference/dog_reference.zip    7.05MB 32.3MB/s
[1A[2K[1A[2KCollecting 1 genome record [================================================] 100% 1/1
Downloading: /sciclone/home/tdfelton/SUPERCOMPUTING/assignments/assignment_07/data/dog_reference/dog_reference.zip    7.44MB 32.6MB/s
[1A[2K[1A[2KCollecting 1 genome record [================================================] 100% 1/1
Downloading: /sciclone/home/tdfelton/SUPERCOMPUTING/assignments/assignment_07/data/dog_reference/dog_reference.zip    7.83MB 32.9MB/s
[1A[2K[1A[2KCollecting 1 genome record [================================================] 100% 1/1
Downloading: /sciclone/home/tdfelton/SUPERCOMPUTING/assignments/assignment_07/data/dog_reference/dog_reference.zip    8.22MB 33.1MB/s
[1A[2K[1A[2KCollecting 1 genome record [================================================] 100% 1/1
Downloading: /sciclone/home/tdfelton/SUPERCOMPUTING/assignments/assignment_07/data/dog_reference/dog_reference.zip    8.62MB 33.4MB/s
[1A[2K[1A[2KCollecting 1 genome record [================================================] 100% 1/1
Downloading: /sciclone/home/tdfelton/SUPERCOMPUTING/assignments/assignment_07/data/dog_reference/dog_reference.zip    9.04MB 33.7MB/s
[1A[2K[1A[2KCollecting 1 genome record [================================================] 100% 1/1
Downloading: /sciclone/home/tdfelton/SUPERCOMPUTING/assignments/assignment_07/data/dog_reference/dog_reference.zip    9.44MB 33.9MB/s
[1A[2K[1A[2KCollecting 1 genome record [================================================] 100% 1/1
Downloading: /sciclone/home/tdfelton/SUPERCOMPUTING/assignments/assignment_07/data/dog_reference/dog_reference.zip    9.86MB 34.1MB/s
[1A[2K[1A[2KCollecting 1 genome record [================================================] 100% 1/1
Downloading: /sciclone/home/tdfelton/SUPERCOMPUTING/assignments/assignment_07/data/dog_reference/dog_reference.zip    10.3MB 34.2MB/s
[1A[2K[1A[2KCollecting 1 genome record [================================================] 100% 1/1
Downloading: /sciclone/home/tdfelton/SUPERCOMPUTING/assignments/assignment_07/data/dog_reference/dog_reference.zip    10.6MB 34.4MB/s
[1A[2K[1A[2KCollecting 1 genome record [================================================] 100% 1/1
Downloading: /sciclone/home/tdfelton/SUPERCOMPUTING/assignments/assignment_07/data/dog_reference/dog_reference.zip    11MB 34.6MB/s
[1A[2K[1A[2KCollecting 1 genome record [================================================] 100% 1/1
Downloading: /sciclone/home/tdfelton/SUPERCOMPUTING/assignments/assignment_07/data/dog_reference/dog_reference.zip    11.4MB 34.7MB/s
[1A[2K[1A[2KCollecting 1 genome record [================================================] 100% 1/1
Downloading: /sciclone/home/tdfelton/SUPERCOMPUTING/assignments/assignment_07/data/dog_reference/dog_reference.zip    11.9MB 34.9MB/s
[1A[2K[1A[2KCollecting 1 genome record [================================================] 100% 1/1
Downloading: /sciclone/home/tdfelton/SUPERCOMPUTING/assignments/assignment_07/data/dog_reference/dog_reference.zip    12.3MB 35MB/s
[1A[2K[1A[2KCollecting 1 genome record [================================================] 100% 1/1
Downloading: /sciclone/home/tdfelton/SUPERCOMPUTING/assignments/assignment_07/data/dog_reference/dog_reference.zip    12.6MB 35.1MB/s
[1A[2K[1A[2KCollecting 1 genome record [================================================] 100% 1/1
Downloading: /sciclone/home/tdfelton/SUPERCOMPUTING/assignments/assignment_07/data/dog_reference/dog_reference.zip    13MB 35.2MB/s
[1A[2K[1A[2KCollecting 1 genome record [================================================] 100% 1/1
Downloading: /sciclone/home/tdfelton/SUPERCOMPUTING/assignments/assignment_07/data/dog_reference/dog_reference.zip    13.4MB 35.2MB/s
[1A[2K[1A[2KCollecting 1 genome record [================================================] 100% 1/1
Downloading: /sciclone/home/tdfelton/SUPERCOMPUTING/assignments/assignment_07/data/dog_reference/dog_reference.zip    13.7MB 35.1MB/s
[1A[2K[1A[2KCollecting 1 genome record [================================================] 100% 1/1
Downloading: /sciclone/home/tdfelton/SUPERCOMPUTING/assignments/assignment_07/data/dog_reference/dog_reference.zip    14MB 34.9MB/s
[1A[2K[1A[2KCollecting 1 genome record [================================================] 100% 1/1
Downloading: /sciclone/home/tdfelton/SUPERCOMPUTING/assignments/assignment_07/data/dog_reference/dog_reference.zip    14.4MB 34.9MB/s
[1A[2K[1A[2KCollecting 1 genome record [================================================] 100% 1/1
Downloading: /sciclone/home/tdfelton/SUPERCOMPUTING/assignments/assignment_07/data/dog_reference/dog_reference.zip    14.8MB 35MB/s
[1A[2K[1A[2KCollecting 1 genome record [================================================] 100% 1/1
Downloading: /sciclone/home/tdfelton/SUPERCOMPUTING/assignments/assignment_07/data/dog_reference/dog_reference.zip    15.2MB 35.1MB/s
[1A[2K[1A[2KCollecting 1 genome record [================================================] 100% 1/1
Downloading: /sciclone/home/tdfelton/SUPERCOMPUTING/assignments/assignment_07/data/dog_reference/dog_reference.zip    15.6MB 35.2MB/s
[1A[2K[1A[2KCollecting 1 genome record [================================================] 100% 1/1
Downloading: /sciclone/home/tdfelton/SUPERCOMPUTING/assignments/assignment_07/data/dog_reference/dog_reference.zip    16MB 35.3MB/s
[1A[2K[1A[2KCollecting 1 genome record [================================================] 100% 1/1
Downloading: /sciclone/home/tdfelton/SUPERCOMPUTING/assignments/assignment_07/data/dog_reference/dog_reference.zip    16.4MB 35.4MB/s
[1A[2K[1A[2KCollecting 1 genome record [================================================] 100% 1/1
Downloading: /sciclone/home/tdfelton/SUPERCOMPUTING/assignments/assignment_07/data/dog_reference/dog_reference.zip    16.7MB 35.4MB/s
[1A[2K[1A[2KCollecting 1 genome record [================================================] 100% 1/1
Downloading: /sciclone/home/tdfelton/SUPERCOMPUTING/assignments/assignment_07/data/dog_reference/dog_reference.zip    17.1MB 35.5MB/s
[1A[2K[1A[2KCollecting 1 genome record [================================================] 100% 1/1
Downloading: /sciclone/home/tdfelton/SUPERCOMPUTING/assignments/assignment_07/data/dog_reference/dog_reference.zip    17.5MB 35.6MB/s
[1A[2K[1A[2KCollecting 1 genome record [================================================] 100% 1/1
Downloading: /sciclone/home/tdfelton/SUPERCOMPUTING/assignments/assignment_07/data/dog_reference/dog_reference.zip    17.9MB 35.6MB/s
[1A[2K[1A[2KCollecting 1 genome record [================================================] 100% 1/1
Downloading: /sciclone/home/tdfelton/SUPERCOMPUTING/assignments/assignment_07/data/dog_reference/dog_reference.zip    18.3MB 35.7MB/s
[1A[2K[1A[2KCollecting 1 genome record [================================================] 100% 1/1
Downloading: /sciclone/home/tdfelton/SUPERCOMPUTING/assignments/assignment_07/data/dog_reference/dog_reference.zip    18.7MB 35.7MB/s
[1A[2K[1A[2KCollecting 1 genome record [================================================] 100% 1/1
Downloading: /sciclone/home/tdfelton/SUPERCOMPUTING/assignments/assignment_07/data/dog_reference/dog_reference.zip    19.1MB 35.7MB/s
[1A[2K[1A[2KCollecting 1 genome record [================================================] 100% 1/1
Downloading: /sciclone/home/tdfelton/SUPERCOMPUTING/assignments/assignment_07/data/dog_reference/dog_reference.zip    19.5MB 35.8MB/s
[1A[2K[1A[2KCollecting 1 genome record [================================================] 100% 1/1
Downloading: /sciclone/home/tdfelton/SUPERCOMPUTING/assignments/assignment_07/data/dog_reference/dog_reference.zip    19.9MB 35.8MB/s
[1A[2K[1A[2KCollecting 1 genome record [================================================] 100% 1/1
Downloading: /sciclone/home/tdfelton/SUPERCOMPUTING/assignments/assignment_07/data/dog_reference/dog_reference.zip    20.2MB 35.9MB/s
[1A[2K[1A[2KCollecting 1 genome record [================================================] 100% 1/1
Downloading: /sciclone/home/tdfelton/SUPERCOMPUTING/assignments/assignment_07/data/dog_reference/dog_reference.zip    20.6MB 35.9MB/s
[1A[2K[1A[2KCollecting 1 genome record [================================================] 100% 1/1
Downloading: /sciclone/home/tdfelton/SUPERCOMPUTING/assignments/assignment_07/data/dog_reference/dog_reference.zip    21MB 36MB/s
[1A[2K[1A[2KCollecting 1 genome record [================================================] 100% 1/1
Downloading: /sciclone/home/tdfelton/SUPERCOMPUTING/assignments/assignment_07/data/dog_reference/dog_reference.zip    21.4MB 36MB/s
[1A[2K[1A[2KCollecting 1 genome record [================================================] 100% 1/1
Downloading: /sciclone/home/tdfelton/SUPERCOMPUTING/assignments/assignment_07/data/dog_reference/dog_reference.zip    21.8MB 36.1MB/s
[1A[2K[1A[2KCollecting 1 genome record [================================================] 100% 1/1
Downloading: /sciclone/home/tdfelton/SUPERCOMPUTING/assignments/assignment_07/data/dog_reference/dog_reference.zip    22.2MB 36.1MB/s
[1A[2K[1A[2KCollecting 1 genome record [================================================] 100% 1/1
Downloading: /sciclone/home/tdfelton/SUPERCOMPUTING/assignments/assignment_07/data/dog_reference/dog_reference.zip    22.6MB 36.2MB/s
[1A[2K[1A[2KCollecting 1 genome record [================================================] 100% 1/1
Downloading: /sciclone/home/tdfelton/SUPERCOMPUTING/assignments/assignment_07/data/dog_reference/dog_reference.zip    23MB 36.2MB/s
[1A[2K[1A[2KCollecting 1 genome record [================================================] 100% 1/1
Downloading: /sciclone/home/tdfelton/SUPERCOMPUTING/assignments/assignment_07/data/dog_reference/dog_reference.zip    23.4MB 36.2MB/s
[1A[2K[1A[2KCollecting 1 genome record [================================================] 100% 1/1
Downloading: /sciclone/home/tdfelton/SUPERCOMPUTING/assignments/assignment_07/data/dog_reference/dog_reference.zip    23.8MB 36.3MB/s
[1A[2K[1A[2KCollecting 1 genome record [================================================] 100% 1/1
Downloading: /sciclone/home/tdfelton/SUPERCOMPUTING/assignments/assignment_07/data/dog_reference/dog_reference.zip    24.1MB 36.3MB/s
[1A[2K[1A[2KCollecting 1 genome record [================================================] 100% 1/1
Downloading: /sciclone/home/tdfelton/SUPERCOMPUTING/assignments/assignment_07/data/dog_reference/dog_reference.zip    24.5MB 36.3MB/s
[1A[2K[1A[2KCollecting 1 genome record [================================================] 100% 1/1
Downloading: /sciclone/home/tdfelton/SUPERCOMPUTING/assignments/assignment_07/data/dog_reference/dog_reference.zip    24.8MB 36.2MB/s
[1A[2K[1A[2KCollecting 1 genome record [================================================] 100% 1/1
Downloading: /sciclone/home/tdfelton/SUPERCOMPUTING/assignments/assignment_07/data/dog_reference/dog_reference.zip    25.1MB 36.1MB/s
[1A[2K[1A[2KCollecting 1 genome record [================================================] 100% 1/1
Downloading: /sciclone/home/tdfelton/SUPERCOMPUTING/assignments/assignment_07/data/dog_reference/dog_reference.zip    25.5MB 36.2MB/s
[1A[2K[1A[2KCollecting 1 genome record [================================================] 100% 1/1
Downloading: /sciclone/home/tdfelton/SUPERCOMPUTING/assignments/assignment_07/data/dog_reference/dog_reference.zip    25.9MB 36.2MB/s
[1A[2K[1A[2KCollecting 1 genome record [================================================] 100% 1/1
Downloading: /sciclone/home/tdfelton/SUPERCOMPUTING/assignments/assignment_07/data/dog_reference/dog_reference.zip    26.3MB 36.2MB/s
[1A[2K[1A[2KCollecting 1 genome record [================================================] 100% 1/1
Downloading: /sciclone/home/tdfelton/SUPERCOMPUTING/assignments/assignment_07/data/dog_reference/dog_reference.zip    26.7MB 36.2MB/s
[1A[2K[1A[2KCollecting 1 genome record [================================================] 100% 1/1
Downloading: /sciclone/home/tdfelton/SUPERCOMPUTING/assignments/assignment_07/data/dog_reference/dog_reference.zip    27.1MB 36.3MB/s
[1A[2K[1A[2KCollecting 1 genome record [================================================] 100% 1/1
Downloading: /sciclone/home/tdfelton/SUPERCOMPUTING/assignments/assignment_07/data/dog_reference/dog_reference.zip    27.5MB 36.3MB/s
[1A[2K[1A[2KCollecting 1 genome record [================================================] 100% 1/1
Downloading: /sciclone/home/tdfelton/SUPERCOMPUTING/assignments/assignment_07/data/dog_reference/dog_reference.zip    27.9MB 36.3MB/s
[1A[2K[1A[2KCollecting 1 genome record [================================================] 100% 1/1
Downloading: /sciclone/home/tdfelton/SUPERCOMPUTING/assignments/assignment_07/data/dog_reference/dog_reference.zip    28.2MB 36.3MB/s
[1A[2K[1A[2KCollecting 1 genome record [================================================] 100% 1/1
Downloading: /sciclone/home/tdfelton/SUPERCOMPUTING/assignments/assignment_07/data/dog_reference/dog_reference.zip    28.5MB 36.2MB/s
[1A[2K[1A[2KCollecting 1 genome record [================================================] 100% 1/1
Downloading: /sciclone/home/tdfelton/SUPERCOMPUTING/assignments/assignment_07/data/dog_reference/dog_reference.zip    28.9MB 36.2MB/s
[1A[2K[1A[2KCollecting 1 genome record [================================================] 100% 1/1
Downloading: /sciclone/home/tdfelton/SUPERCOMPUTING/assignments/assignment_07/data/dog_reference/dog_reference.zip    29.3MB 36.2MB/s
[1A[2K[1A[2KCollecting 1 genome record [================================================] 100% 1/1
Downloading: /sciclone/home/tdfelton/SUPERCOMPUTING/assignments/assignment_07/data/dog_reference/dog_reference.zip    29.7MB 36.3MB/s
[1A[2K[1A[2KCollecting 1 genome record [================================================] 100% 1/1
Downloading: /sciclone/home/tdfelton/SUPERCOMPUTING/assignments/assignment_07/data/dog_reference/dog_reference.zip    30MB 36.3MB/s
[1A[2K[1A[2KCollecting 1 genome record [================================================] 100% 1/1
Downloading: /sciclone/home/tdfelton/SUPERCOMPUTING/assignments/assignment_07/data/dog_reference/dog_reference.zip    30.4MB 36.3MB/s
[1A[2K[1A[2KCollecting 1 genome record [================================================] 100% 1/1
Downloading: /sciclone/home/tdfelton/SUPERCOMPUTING/assignments/assignment_07/data/dog_reference/dog_reference.zip    30.8MB 36.3MB/s
[1A[2K[1A[2KCollecting 1 genome record [================================================] 100% 1/1
Downloading: /sciclone/home/tdfelton/SUPERCOMPUTING/assignments/assignment_07/data/dog_reference/dog_reference.zip    31.2MB 36.4MB/s
[1A[2K[1A[2KCollecting 1 genome record [================================================] 100% 1/1
Downloading: /sciclone/home/tdfelton/SUPERCOMPUTING/assignments/assignment_07/data/dog_reference/dog_reference.zip    31.6MB 36.4MB/s
[1A[2K[1A[2KCollecting 1 genome record [================================================] 100% 1/1
Downloading: /sciclone/home/tdfelton/SUPERCOMPUTING/assignments/assignment_07/data/dog_reference/dog_reference.zip    32MB 36.4MB/s
[1A[2K[1A[2KCollecting 1 genome record [================================================] 100% 1/1
Downloading: /sciclone/home/tdfelton/SUPERCOMPUTING/assignments/assignment_07/data/dog_reference/dog_reference.zip    32.4MB 36.4MB/s
[1A[2K[1A[2KCollecting 1 genome record [================================================] 100% 1/1
Downloading: /sciclone/home/tdfelton/SUPERCOMPUTING/assignments/assignment_07/data/dog_reference/dog_reference.zip    32.7MB 36.4MB/s
[1A[2K[1A[2KCollecting 1 genome record [================================================] 100% 1/1
Downloading: /sciclone/home/tdfelton/SUPERCOMPUTING/assignments/assignment_07/data/dog_reference/dog_reference.zip    33.1MB 36.4MB/s
[1A[2K[1A[2KCollecting 1 genome record [================================================] 100% 1/1
Downloading: /sciclone/home/tdfelton/SUPERCOMPUTING/assignments/assignment_07/data/dog_reference/dog_reference.zip    33.5MB 36.4MB/s
[1A[2K[1A[2KCollecting 1 genome record [================================================] 100% 1/1
Downloading: /sciclone/home/tdfelton/SUPERCOMPUTING/assignments/assignment_07/data/dog_reference/dog_reference.zip    33.9MB 36.4MB/s
[1A[2K[1A[2KCollecting 1 genome record [================================================] 100% 1/1
Downloading: /sciclone/home/tdfelton/SUPERCOMPUTING/assignments/assignment_07/data/dog_reference/dog_reference.zip    34.3MB 36.5MB/s
[1A[2K[1A[2KCollecting 1 genome record [================================================] 100% 1/1
Downloading: /sciclone/home/tdfelton/SUPERCOMPUTING/assignments/assignment_07/data/dog_reference/dog_reference.zip    34.7MB 36.5MB/s
[1A[2K[1A[2KCollecting 1 genome record [================================================] 100% 1/1
Downloading: /sciclone/home/tdfelton/SUPERCOMPUTING/assignments/assignment_07/data/dog_reference/dog_reference.zip    35.1MB 36.5MB/s
[1A[2K[1A[2KCollecting 1 genome record [================================================] 100% 1/1
Downloading: /sciclone/home/tdfelton/SUPERCOMPUTING/assignments/assignment_07/data/dog_reference/dog_reference.zip    35.5MB 36.5MB/s
[1A[2K[1A[2KCollecting 1 genome record [================================================] 100% 1/1
Downloading: /sciclone/home/tdfelton/SUPERCOMPUTING/assignments/assignment_07/data/dog_reference/dog_reference.zip    35.9MB 36.6MB/s
[1A[2K[1A[2KCollecting 1 genome record [================================================] 100% 1/1
Downloading: /sciclone/home/tdfelton/SUPERCOMPUTING/assignments/assignment_07/data/dog_reference/dog_reference.zip    36.3MB 36.6MB/s
[1A[2K[1A[2KCollecting 1 genome record [================================================] 100% 1/1
Downloading: /sciclone/home/tdfelton/SUPERCOMPUTING/assignments/assignment_07/data/dog_reference/dog_reference.zip    36.6MB 36.6MB/s
[1A[2K[1A[2KCollecting 1 genome record [================================================] 100% 1/1
Downloading: /sciclone/home/tdfelton/SUPERCOMPUTING/assignments/assignment_07/data/dog_reference/dog_reference.zip    37MB 36.6MB/s
[1A[2K[1A[2KCollecting 1 genome record [================================================] 100% 1/1
Downloading: /sciclone/home/tdfelton/SUPERCOMPUTING/assignments/assignment_07/data/dog_reference/dog_reference.zip    37.4MB 36.6MB/s
[1A[2K[1A[2KCollecting 1 genome record [================================================] 100% 1/1
Downloading: /sciclone/home/tdfelton/SUPERCOMPUTING/assignments/assignment_07/data/dog_reference/dog_reference.zip    37.8MB 36.6MB/s
[1A[2K[1A[2KCollecting 1 genome record [================================================] 100% 1/1
Downloading: /sciclone/home/tdfelton/SUPERCOMPUTING/assignments/assignment_07/data/dog_reference/dog_reference.zip    38.2MB 36.7MB/s
[1A[2K[1A[2KCollecting 1 genome record [================================================] 100% 1/1
Downloading: /sciclone/home/tdfelton/SUPERCOMPUTING/assignments/assignment_07/data/dog_reference/dog_reference.zip    38.6MB 36.7MB/s
[1A[2K[1A[2KCollecting 1 genome record [================================================] 100% 1/1
Downloading: /sciclone/home/tdfelton/SUPERCOMPUTING/assignments/assignment_07/data/dog_reference/dog_reference.zip    39MB 36.7MB/s
[1A[2K[1A[2KCollecting 1 genome record [================================================] 100% 1/1
Downloading: /sciclone/home/tdfelton/SUPERCOMPUTING/assignments/assignment_07/data/dog_reference/dog_reference.zip    39.4MB 36.7MB/s
[1A[2K[1A[2KCollecting 1 genome record [================================================] 100% 1/1
Downloading: /sciclone/home/tdfelton/SUPERCOMPUTING/assignments/assignment_07/data/dog_reference/dog_reference.zip    39.8MB 36.7MB/s
[1A[2K[1A[2KCollecting 1 genome record [================================================] 100% 1/1
Downloading: /sciclone/home/tdfelton/SUPERCOMPUTING/assignments/assignment_07/data/dog_reference/dog_reference.zip    40.2MB 36.7MB/s
[1A[2K[1A[2KCollecting 1 genome record [================================================] 100% 1/1
Downloading: /sciclone/home/tdfelton/SUPERCOMPUTING/assignments/assignment_07/data/dog_reference/dog_reference.zip    40.6MB 36.8MB/s
[1A[2K[1A[2KCollecting 1 genome record [================================================] 100% 1/1
Downloading: /sciclone/home/tdfelton/SUPERCOMPUTING/assignments/assignment_07/data/dog_reference/dog_reference.zip    41MB 36.8MB/s
[1A[2K[1A[2KCollecting 1 genome record [================================================] 100% 1/1
Downloading: /sciclone/home/tdfelton/SUPERCOMPUTING/assignments/assignment_07/data/dog_reference/dog_reference.zip    41.4MB 36.8MB/s
[1A[2K[1A[2KCollecting 1 genome record [================================================] 100% 1/1
Downloading: /sciclone/home/tdfelton/SUPERCOMPUTING/assignments/assignment_07/data/dog_reference/dog_reference.zip    41.7MB 36.8MB/s
[1A[2K[1A[2KCollecting 1 genome record [================================================] 100% 1/1
Downloading: /sciclone/home/tdfelton/SUPERCOMPUTING/assignments/assignment_07/data/dog_reference/dog_reference.zip    42.1MB 36.8MB/s
[1A[2K[1A[2KCollecting 1 genome record [================================================] 100% 1/1
Downloading: /sciclone/home/tdfelton/SUPERCOMPUTING/assignments/assignment_07/data/dog_reference/dog_reference.zip    42.6MB 36.9MB/s
[1A[2K[1A[2KCollecting 1 genome record [================================================] 100% 1/1
Downloading: /sciclone/home/tdfelton/SUPERCOMPUTING/assignments/assignment_07/data/dog_reference/dog_reference.zip    43MB 36.9MB/s
[1A[2K[1A[2KCollecting 1 genome record [================================================] 100% 1/1
Downloading: /sciclone/home/tdfelton/SUPERCOMPUTING/assignments/assignment_07/data/dog_reference/dog_reference.zip    43.4MB 36.9MB/s
[1A[2K[1A[2KCollecting 1 genome record [================================================] 100% 1/1
Downloading: /sciclone/home/tdfelton/SUPERCOMPUTING/assignments/assignment_07/data/dog_reference/dog_reference.zip    43.8MB 36.9MB/s
[1A[2K[1A[2KCollecting 1 genome record [================================================] 100% 1/1
Downloading: /sciclone/home/tdfelton/SUPERCOMPUTING/assignments/assignment_07/data/dog_reference/dog_reference.zip    44.2MB 36.9MB/s
[1A[2K[1A[2KCollecting 1 genome record [================================================] 100% 1/1
Downloading: /sciclone/home/tdfelton/SUPERCOMPUTING/assignments/assignment_07/data/dog_reference/dog_reference.zip    44.6MB 36.9MB/s
[1A[2K[1A[2KCollecting 1 genome record [================================================] 100% 1/1
Downloading: /sciclone/home/tdfelton/SUPERCOMPUTING/assignments/assignment_07/data/dog_reference/dog_reference.zip    45MB 36.9MB/s
[1A[2K[1A[2KCollecting 1 genome record [================================================] 100% 1/1
Downloading: /sciclone/home/tdfelton/SUPERCOMPUTING/assignments/assignment_07/data/dog_reference/dog_reference.zip    45.4MB 36.9MB/s
[1A[2K[1A[2KCollecting 1 genome record [================================================] 100% 1/1
Downloading: /sciclone/home/tdfelton/SUPERCOMPUTING/assignments/assignment_07/data/dog_reference/dog_reference.zip    45.7MB 37MB/s
[1A[2K[1A[2KCollecting 1 genome record [================================================] 100% 1/1
Downloading: /sciclone/home/tdfelton/SUPERCOMPUTING/assignments/assignment_07/data/dog_reference/dog_reference.zip    46.1MB 37MB/s
[1A[2K[1A[2KCollecting 1 genome record [================================================] 100% 1/1
Downloading: /sciclone/home/tdfelton/SUPERCOMPUTING/assignments/assignment_07/data/dog_reference/dog_reference.zip    46.5MB 37MB/s
[1A[2K[1A[2KCollecting 1 genome record [================================================] 100% 1/1
Downloading: /sciclone/home/tdfelton/SUPERCOMPUTING/assignments/assignment_07/data/dog_reference/dog_reference.zip    46.9MB 37MB/s
[1A[2K[1A[2KCollecting 1 genome record [================================================] 100% 1/1
Downloading: /sciclone/home/tdfelton/SUPERCOMPUTING/assignments/assignment_07/data/dog_reference/dog_reference.zip    47.3MB 37MB/s
[1A[2K[1A[2KCollecting 1 genome record [================================================] 100% 1/1
Downloading: /sciclone/home/tdfelton/SUPERCOMPUTING/assignments/assignment_07/data/dog_reference/dog_reference.zip    47.7MB 37MB/s
[1A[2K[1A[2KCollecting 1 genome record [================================================] 100% 1/1
Downloading: /sciclone/home/tdfelton/SUPERCOMPUTING/assignments/assignment_07/data/dog_reference/dog_reference.zip    48.1MB 37MB/s
[1A[2K[1A[2KCollecting 1 genome record [================================================] 100% 1/1
Downloading: /sciclone/home/tdfelton/SUPERCOMPUTING/assignments/assignment_07/data/dog_reference/dog_reference.zip    48.4MB 37MB/s
[1A[2K[1A[2KCollecting 1 genome record [================================================] 100% 1/1
Downloading: /sciclone/home/tdfelton/SUPERCOMPUTING/assignments/assignment_07/data/dog_reference/dog_reference.zip    48.8MB 37MB/s
[1A[2K[1A[2KCollecting 1 genome record [================================================] 100% 1/1
Downloading: /sciclone/home/tdfelton/SUPERCOMPUTING/assignments/assignment_07/data/dog_reference/dog_reference.zip    49.2MB 37MB/s
[1A[2K[1A[2KCollecting 1 genome record [================================================] 100% 1/1
Downloading: /sciclone/home/tdfelton/SUPERCOMPUTING/assignments/assignment_07/data/dog_reference/dog_reference.zip    49.5MB 37MB/s
[1A[2K[1A[2KCollecting 1 genome record [================================================] 100% 1/1
Downloading: /sciclone/home/tdfelton/SUPERCOMPUTING/assignments/assignment_07/data/dog_reference/dog_reference.zip    49.8MB 36.9MB/s
[1A[2K[1A[2KCollecting 1 genome record [================================================] 100% 1/1
Downloading: /sciclone/home/tdfelton/SUPERCOMPUTING/assignments/assignment_07/data/dog_reference/dog_reference.zip    50.2MB 36.9MB/s
[1A[2K[1A[2KCollecting 1 genome record [================================================] 100% 1/1
Downloading: /sciclone/home/tdfelton/SUPERCOMPUTING/assignments/assignment_07/data/dog_reference/dog_reference.zip    50.6MB 36.9MB/s
[1A[2K[1A[2KCollecting 1 genome record [================================================] 100% 1/1
Downloading: /sciclone/home/tdfelton/SUPERCOMPUTING/assignments/assignment_07/data/dog_reference/dog_reference.zip    51MB 36.9MB/s
[1A[2K[1A[2KCollecting 1 genome record [================================================] 100% 1/1
Downloading: /sciclone/home/tdfelton/SUPERCOMPUTING/assignments/assignment_07/data/dog_reference/dog_reference.zip    51.3MB 36.9MB/s
[1A[2K[1A[2KCollecting 1 genome record [================================================] 100% 1/1
Downloading: /sciclone/home/tdfelton/SUPERCOMPUTING/assignments/assignment_07/data/dog_reference/dog_reference.zip    51.7MB 36.9MB/s
[1A[2K[1A[2KCollecting 1 genome record [================================================] 100% 1/1
Downloading: /sciclone/home/tdfelton/SUPERCOMPUTING/assignments/assignment_07/data/dog_reference/dog_reference.zip    52.1MB 37MB/s
[1A[2K[1A[2KCollecting 1 genome record [================================================] 100% 1/1
Downloading: /sciclone/home/tdfelton/SUPERCOMPUTING/assignments/assignment_07/data/dog_reference/dog_reference.zip    52.5MB 37MB/s
[1A[2K[1A[2KCollecting 1 genome record [================================================] 100% 1/1
Downloading: /sciclone/home/tdfelton/SUPERCOMPUTING/assignments/assignment_07/data/dog_reference/dog_reference.zip    52.9MB 37MB/s
[1A[2K[1A[2KCollecting 1 genome record [================================================] 100% 1/1
Downloading: /sciclone/home/tdfelton/SUPERCOMPUTING/assignments/assignment_07/data/dog_reference/dog_reference.zip    53.3MB 37MB/s
[1A[2K[1A[2KCollecting 1 genome record [================================================] 100% 1/1
Downloading: /sciclone/home/tdfelton/SUPERCOMPUTING/assignments/assignment_07/data/dog_reference/dog_reference.zip    53.7MB 37MB/s
[1A[2K[1A[2KCollecting 1 genome record [================================================] 100% 1/1
Downloading: /sciclone/home/tdfelton/SUPERCOMPUTING/assignments/assignment_07/data/dog_reference/dog_reference.zip    54.1MB 37MB/s
[1A[2K[1A[2KCollecting 1 genome record [================================================] 100% 1/1
Downloading: /sciclone/home/tdfelton/SUPERCOMPUTING/assignments/assignment_07/data/dog_reference/dog_reference.zip    54.5MB 37MB/s
[1A[2K[1A[2KCollecting 1 genome record [================================================] 100% 1/1
Downloading: /sciclone/home/tdfelton/SUPERCOMPUTING/assignments/assignment_07/data/dog_reference/dog_reference.zip    54.9MB 37MB/s
[1A[2K[1A[2KCollecting 1 genome record [================================================] 100% 1/1
Downloading: /sciclone/home/tdfelton/SUPERCOMPUTING/assignments/assignment_07/data/dog_reference/dog_reference.zip    55.3MB 37MB/s
[1A[2K[1A[2KCollecting 1 genome record [================================================] 100% 1/1
Downloading: /sciclone/home/tdfelton/SUPERCOMPUTING/assignments/assignment_07/data/dog_reference/dog_reference.zip    55.7MB 37MB/s
[1A[2K[1A[2KCollecting 1 genome record [================================================] 100% 1/1
Downloading: /sciclone/home/tdfelton/SUPERCOMPUTING/assignments/assignment_07/data/dog_reference/dog_reference.zip    56.1MB 37MB/s
[1A[2K[1A[2KCollecting 1 genome record [================================================] 100% 1/1
Downloading: /sciclone/home/tdfelton/SUPERCOMPUTING/assignments/assignment_07/data/dog_reference/dog_reference.zip    56.5MB 37.1MB/s
[1A[2K[1A[2KCollecting 1 genome record [================================================] 100% 1/1
Downloading: /sciclone/home/tdfelton/SUPERCOMPUTING/assignments/assignment_07/data/dog_reference/dog_reference.zip    56.9MB 37.1MB/s
[1A[2K[1A[2KCollecting 1 genome record [================================================] 100% 1/1
Downloading: /sciclone/home/tdfelton/SUPERCOMPUTING/assignments/assignment_07/data/dog_reference/dog_reference.zip    57.2MB 37.1MB/s
[1A[2K[1A[2KCollecting 1 genome record [================================================] 100% 1/1
Downloading: /sciclone/home/tdfelton/SUPERCOMPUTING/assignments/assignment_07/data/dog_reference/dog_reference.zip    57.6MB 37.1MB/s
[1A[2K[1A[2KCollecting 1 genome record [================================================] 100% 1/1
Downloading: /sciclone/home/tdfelton/SUPERCOMPUTING/assignments/assignment_07/data/dog_reference/dog_reference.zip    58MB 37.1MB/s
[1A[2K[1A[2KCollecting 1 genome record [================================================] 100% 1/1
Downloading: /sciclone/home/tdfelton/SUPERCOMPUTING/assignments/assignment_07/data/dog_reference/dog_reference.zip    58.4MB 37.1MB/s
[1A[2K[1A[2KCollecting 1 genome record [================================================] 100% 1/1
Downloading: /sciclone/home/tdfelton/SUPERCOMPUTING/assignments/assignment_07/data/dog_reference/dog_reference.zip    58.8MB 37.1MB/s
[1A[2K[1A[2KCollecting 1 genome record [================================================] 100% 1/1
Downloading: /sciclone/home/tdfelton/SUPERCOMPUTING/assignments/assignment_07/data/dog_reference/dog_reference.zip    59.1MB 37.1MB/s
[1A[2K[1A[2KCollecting 1 genome record [================================================] 100% 1/1
Downloading: /sciclone/home/tdfelton/SUPERCOMPUTING/assignments/assignment_07/data/dog_reference/dog_reference.zip    59.5MB 37.1MB/s
[1A[2K[1A[2KCollecting 1 genome record [================================================] 100% 1/1
Downloading: /sciclone/home/tdfelton/SUPERCOMPUTING/assignments/assignment_07/data/dog_reference/dog_reference.zip    59.9MB 37.1MB/s
[1A[2K[1A[2KCollecting 1 genome record [================================================] 100% 1/1
Downloading: /sciclone/home/tdfelton/SUPERCOMPUTING/assignments/assignment_07/data/dog_reference/dog_reference.zip    60.3MB 37.1MB/s
[1A[2K[1A[2KCollecting 1 genome record [================================================] 100% 1/1
Downloading: /sciclone/home/tdfelton/SUPERCOMPUTING/assignments/assignment_07/data/dog_reference/dog_reference.zip    60.7MB 37.1MB/s
[1A[2K[1A[2KCollecting 1 genome record [================================================] 100% 1/1
Downloading: /sciclone/home/tdfelton/SUPERCOMPUTING/assignments/assignment_07/data/dog_reference/dog_reference.zip    61.1MB 37.1MB/s
[1A[2K[1A[2KCollecting 1 genome record [================================================] 100% 1/1
Downloading: /sciclone/home/tdfelton/SUPERCOMPUTING/assignments/assignment_07/data/dog_reference/dog_reference.zip    61.5MB 37.1MB/s
[1A[2K[1A[2KCollecting 1 genome record [================================================] 100% 1/1
Downloading: /sciclone/home/tdfelton/SUPERCOMPUTING/assignments/assignment_07/data/dog_reference/dog_reference.zip    61.9MB 37.1MB/s
[1A[2K[1A[2KCollecting 1 genome record [================================================] 100% 1/1
Downloading: /sciclone/home/tdfelton/SUPERCOMPUTING/assignments/assignment_07/data/dog_reference/dog_reference.zip    62.3MB 37.1MB/s
[1A[2K[1A[2KCollecting 1 genome record [================================================] 100% 1/1
Downloading: /sciclone/home/tdfelton/SUPERCOMPUTING/assignments/assignment_07/data/dog_reference/dog_reference.zip    62.7MB 37.2MB/s
[1A[2K[1A[2KCollecting 1 genome record [================================================] 100% 1/1
Downloading: /sciclone/home/tdfelton/SUPERCOMPUTING/assignments/assignment_07/data/dog_reference/dog_reference.zip    63.1MB 37.1MB/s
[1A[2K[1A[2KCollecting 1 genome record [================================================] 100% 1/1
Downloading: /sciclone/home/tdfelton/SUPERCOMPUTING/assignments/assignment_07/data/dog_reference/dog_reference.zip    63.5MB 37.2MB/s
[1A[2K[1A[2KCollecting 1 genome record [================================================] 100% 1/1
Downloading: /sciclone/home/tdfelton/SUPERCOMPUTING/assignments/assignment_07/data/dog_reference/dog_reference.zip    63.9MB 37.2MB/s
[1A[2K[1A[2KCollecting 1 genome record [================================================] 100% 1/1
Downloading: /sciclone/home/tdfelton/SUPERCOMPUTING/assignments/assignment_07/data/dog_reference/dog_reference.zip    64.3MB 37.2MB/s
[1A[2K[1A[2KCollecting 1 genome record [================================================] 100% 1/1
Downloading: /sciclone/home/tdfelton/SUPERCOMPUTING/assignments/assignment_07/data/dog_reference/dog_reference.zip    64.7MB 37.2MB/s
[1A[2K[1A[2KCollecting 1 genome record [================================================] 100% 1/1
Downloading: /sciclone/home/tdfelton/SUPERCOMPUTING/assignments/assignment_07/data/dog_reference/dog_reference.zip    65MB 37.2MB/s
[1A[2K[1A[2KCollecting 1 genome record [================================================] 100% 1/1
Downloading: /sciclone/home/tdfelton/SUPERCOMPUTING/assignments/assignment_07/data/dog_reference/dog_reference.zip    65.4MB 37.2MB/s
[1A[2K[1A[2KCollecting 1 genome record [================================================] 100% 1/1
Downloading: /sciclone/home/tdfelton/SUPERCOMPUTING/assignments/assignment_07/data/dog_reference/dog_reference.zip    65.8MB 37.2MB/s
[1A[2K[1A[2KCollecting 1 genome record [================================================] 100% 1/1
Downloading: /sciclone/home/tdfelton/SUPERCOMPUTING/assignments/assignment_07/data/dog_reference/dog_reference.zip    66.2MB 37.2MB/s
[1A[2K[1A[2KCollecting 1 genome record [================================================] 100% 1/1
Downloading: /sciclone/home/tdfelton/SUPERCOMPUTING/assignments/assignment_07/data/dog_reference/dog_reference.zip    66.7MB 37.2MB/s
[1A[2K[1A[2KCollecting 1 genome record [================================================] 100% 1/1
Downloading: /sciclone/home/tdfelton/SUPERCOMPUTING/assignments/assignment_07/data/dog_reference/dog_reference.zip    67MB 37.2MB/s
[1A[2K[1A[2KCollecting 1 genome record [================================================] 100% 1/1
Downloading: /sciclone/home/tdfelton/SUPERCOMPUTING/assignments/assignment_07/data/dog_reference/dog_reference.zip    67.4MB 37.2MB/s
[1A[2K[1A[2KCollecting 1 genome record [================================================] 100% 1/1
Downloading: /sciclone/home/tdfelton/SUPERCOMPUTING/assignments/assignment_07/data/dog_reference/dog_reference.zip    67.8MB 37.2MB/s
[1A[2K[1A[2KCollecting 1 genome record [================================================] 100% 1/1
Downloading: /sciclone/home/tdfelton/SUPERCOMPUTING/assignments/assignment_07/data/dog_reference/dog_reference.zip    68.2MB 37.2MB/s
[1A[2K[1A[2KCollecting 1 genome record [================================================] 100% 1/1
Downloading: /sciclone/home/tdfelton/SUPERCOMPUTING/assignments/assignment_07/data/dog_reference/dog_reference.zip    68.6MB 37.2MB/s
[1A[2K[1A[2KCollecting 1 genome record [================================================] 100% 1/1
Downloading: /sciclone/home/tdfelton/SUPERCOMPUTING/assignments/assignment_07/data/dog_reference/dog_reference.zip    69MB 37.2MB/s
[1A[2K[1A[2KCollecting 1 genome record [================================================] 100% 1/1
Downloading: /sciclone/home/tdfelton/SUPERCOMPUTING/assignments/assignment_07/data/dog_reference/dog_reference.zip    69.4MB 37.3MB/s
[1A[2K[1A[2KCollecting 1 genome record [================================================] 100% 1/1
Downloading: /sciclone/home/tdfelton/SUPERCOMPUTING/assignments/assignment_07/data/dog_reference/dog_reference.zip    69.8MB 37.3MB/s
[1A[2K[1A[2KCollecting 1 genome record [================================================] 100% 1/1
Downloading: /sciclone/home/tdfelton/SUPERCOMPUTING/assignments/assignment_07/data/dog_reference/dog_reference.zip    70.2MB 37.3MB/s
[1A[2K[1A[2KCollecting 1 genome record [================================================] 100% 1/1
Downloading: /sciclone/home/tdfelton/SUPERCOMPUTING/assignments/assignment_07/data/dog_reference/dog_reference.zip    70.6MB 37.3MB/s
[1A[2K[1A[2KCollecting 1 genome record [================================================] 100% 1/1
Downloading: /sciclone/home/tdfelton/SUPERCOMPUTING/assignments/assignment_07/data/dog_reference/dog_reference.zip    71MB 37.3MB/s
[1A[2K[1A[2KCollecting 1 genome record [================================================] 100% 1/1
Downloading: /sciclone/home/tdfelton/SUPERCOMPUTING/assignments/assignment_07/data/dog_reference/dog_reference.zip    71.3MB 37.3MB/s
[1A[2K[1A[2KCollecting 1 genome record [================================================] 100% 1/1
Downloading: /sciclone/home/tdfelton/SUPERCOMPUTING/assignments/assignment_07/data/dog_reference/dog_reference.zip    71.7MB 37.3MB/s
[1A[2K[1A[2KCollecting 1 genome record [================================================] 100% 1/1
Downloading: /sciclone/home/tdfelton/SUPERCOMPUTING/assignments/assignment_07/data/dog_reference/dog_reference.zip    72.1MB 37.3MB/s
[1A[2K[1A[2KCollecting 1 genome record [================================================] 100% 1/1
Downloading: /sciclone/home/tdfelton/SUPERCOMPUTING/assignments/assignment_07/data/dog_reference/dog_reference.zip    72.5MB 37.3MB/s
[1A[2K[1A[2KCollecting 1 genome record [================================================] 100% 1/1
Downloading: /sciclone/home/tdfelton/SUPERCOMPUTING/assignments/assignment_07/data/dog_reference/dog_reference.zip    72.9MB 37.3MB/s
[1A[2K[1A[2KCollecting 1 genome record [================================================] 100% 1/1
Downloading: /sciclone/home/tdfelton/SUPERCOMPUTING/assignments/assignment_07/data/dog_reference/dog_reference.zip    73.3MB 37.3MB/s
[1A[2K[1A[2KCollecting 1 genome record [================================================] 100% 1/1
Downloading: /sciclone/home/tdfelton/SUPERCOMPUTING/assignments/assignment_07/data/dog_reference/dog_reference.zip    73.7MB 37.3MB/s
[1A[2K[1A[2KCollecting 1 genome record [================================================] 100% 1/1
Downloading: /sciclone/home/tdfelton/SUPERCOMPUTING/assignments/assignment_07/data/dog_reference/dog_reference.zip    74.1MB 37.3MB/s
[1A[2K[1A[2KCollecting 1 genome record [================================================] 100% 1/1
Downloading: /sciclone/home/tdfelton/SUPERCOMPUTING/assignments/assignment_07/data/dog_reference/dog_reference.zip    74.5MB 37.3MB/s
[1A[2K[1A[2KCollecting 1 genome record [================================================] 100% 1/1
Downloading: /sciclone/home/tdfelton/SUPERCOMPUTING/assignments/assignment_07/data/dog_reference/dog_reference.zip    74.9MB 37.3MB/s
[1A[2K[1A[2KCollecting 1 genome record [================================================] 100% 1/1
Downloading: /sciclone/home/tdfelton/SUPERCOMPUTING/assignments/assignment_07/data/dog_reference/dog_reference.zip    75.3MB 37.3MB/s
[1A[2K[1A[2KCollecting 1 genome record [================================================] 100% 1/1
Downloading: /sciclone/home/tdfelton/SUPERCOMPUTING/assignments/assignment_07/data/dog_reference/dog_reference.zip    75.7MB 37.3MB/s
[1A[2K[1A[2KCollecting 1 genome record [================================================] 100% 1/1
Downloading: /sciclone/home/tdfelton/SUPERCOMPUTING/assignments/assignment_07/data/dog_reference/dog_reference.zip    76.1MB 37.3MB/s
[1A[2K[1A[2KCollecting 1 genome record [================================================] 100% 1/1
Downloading: /sciclone/home/tdfelton/SUPERCOMPUTING/assignments/assignment_07/data/dog_reference/dog_reference.zip    76.4MB 37.3MB/s
[1A[2K[1A[2KCollecting 1 genome record [================================================] 100% 1/1
Downloading: /sciclone/home/tdfelton/SUPERCOMPUTING/assignments/assignment_07/data/dog_reference/dog_reference.zip    76.8MB 37.4MB/s
[1A[2K[1A[2KCollecting 1 genome record [================================================] 100% 1/1
Downloading: /sciclone/home/tdfelton/SUPERCOMPUTING/assignments/assignment_07/data/dog_reference/dog_reference.zip    77.2MB 37.4MB/s
[1A[2K[1A[2KCollecting 1 genome record [================================================] 100% 1/1
Downloading: /sciclone/home/tdfelton/SUPERCOMPUTING/assignments/assignment_07/data/dog_reference/dog_reference.zip    77.6MB 37.4MB/s
[1A[2K[1A[2KCollecting 1 genome record [================================================] 100% 1/1
Downloading: /sciclone/home/tdfelton/SUPERCOMPUTING/assignments/assignment_07/data/dog_reference/dog_reference.zip    78MB 37.4MB/s
[1A[2K[1A[2KCollecting 1 genome record [================================================] 100% 1/1
Downloading: /sciclone/home/tdfelton/SUPERCOMPUTING/assignments/assignment_07/data/dog_reference/dog_reference.zip    78.4MB 37.4MB/s
[1A[2K[1A[2KCollecting 1 genome record [================================================] 100% 1/1
Downloading: /sciclone/home/tdfelton/SUPERCOMPUTING/assignments/assignment_07/data/dog_reference/dog_reference.zip    78.8MB 37.4MB/s
[1A[2K[1A[2KCollecting 1 genome record [================================================] 100% 1/1
Downloading: /sciclone/home/tdfelton/SUPERCOMPUTING/assignments/assignment_07/data/dog_reference/dog_reference.zip    79.2MB 37.4MB/s
[1A[2K[1A[2KCollecting 1 genome record [================================================] 100% 1/1
Downloading: /sciclone/home/tdfelton/SUPERCOMPUTING/assignments/assignment_07/data/dog_reference/dog_reference.zip    79.6MB 37.4MB/s
[1A[2K[1A[2KCollecting 1 genome record [================================================] 100% 1/1
Downloading: /sciclone/home/tdfelton/SUPERCOMPUTING/assignments/assignment_07/data/dog_reference/dog_reference.zip    80MB 37.4MB/s
[1A[2K[1A[2KCollecting 1 genome record [================================================] 100% 1/1
Downloading: /sciclone/home/tdfelton/SUPERCOMPUTING/assignments/assignment_07/data/dog_reference/dog_reference.zip    80.3MB 37.4MB/s
[1A[2K[1A[2KCollecting 1 genome record [================================================] 100% 1/1
Downloading: /sciclone/home/tdfelton/SUPERCOMPUTING/assignments/assignment_07/data/dog_reference/dog_reference.zip    80.7MB 37.4MB/s
[1A[2K[1A[2KCollecting 1 genome record [================================================] 100% 1/1
Downloading: /sciclone/home/tdfelton/SUPERCOMPUTING/assignments/assignment_07/data/dog_reference/dog_reference.zip    81.1MB 37.4MB/s
[1A[2K[1A[2KCollecting 1 genome record [================================================] 100% 1/1
Downloading: /sciclone/home/tdfelton/SUPERCOMPUTING/assignments/assignment_07/data/dog_reference/dog_reference.zip    81.5MB 37.4MB/s
[1A[2K[1A[2KCollecting 1 genome record [================================================] 100% 1/1
Downloading: /sciclone/home/tdfelton/SUPERCOMPUTING/assignments/assignment_07/data/dog_reference/dog_reference.zip    81.9MB 37.4MB/s
[1A[2K[1A[2KCollecting 1 genome record [================================================] 100% 1/1
Downloading: /sciclone/home/tdfelton/SUPERCOMPUTING/assignments/assignment_07/data/dog_reference/dog_reference.zip    82.3MB 37.4MB/s
[1A[2K[1A[2KCollecting 1 genome record [================================================] 100% 1/1
Downloading: /sciclone/home/tdfelton/SUPERCOMPUTING/assignments/assignment_07/data/dog_reference/dog_reference.zip    82.7MB 37.4MB/s
[1A[2K[1A[2KCollecting 1 genome record [================================================] 100% 1/1
Downloading: /sciclone/home/tdfelton/SUPERCOMPUTING/assignments/assignment_07/data/dog_reference/dog_reference.zip    83.1MB 37.4MB/s
[1A[2K[1A[2KCollecting 1 genome record [================================================] 100% 1/1
Downloading: /sciclone/home/tdfelton/SUPERCOMPUTING/assignments/assignment_07/data/dog_reference/dog_reference.zip    83.5MB 37.4MB/s
[1A[2K[1A[2KCollecting 1 genome record [================================================] 100% 1/1
Downloading: /sciclone/home/tdfelton/SUPERCOMPUTING/assignments/assignment_07/data/dog_reference/dog_reference.zip    83.9MB 37.5MB/s
[1A[2K[1A[2KCollecting 1 genome record [================================================] 100% 1/1
Downloading: /sciclone/home/tdfelton/SUPERCOMPUTING/assignments/assignment_07/data/dog_reference/dog_reference.zip    84.3MB 37.5MB/s
[1A[2K[1A[2KCollecting 1 genome record [================================================] 100% 1/1
Downloading: /sciclone/home/tdfelton/SUPERCOMPUTING/assignments/assignment_07/data/dog_reference/dog_reference.zip    84.7MB 37.5MB/s
[1A[2K[1A[2KCollecting 1 genome record [================================================] 100% 1/1
Downloading: /sciclone/home/tdfelton/SUPERCOMPUTING/assignments/assignment_07/data/dog_reference/dog_reference.zip    85.1MB 37.5MB/s
[1A[2K[1A[2KCollecting 1 genome record [================================================] 100% 1/1
Downloading: /sciclone/home/tdfelton/SUPERCOMPUTING/assignments/assignment_07/data/dog_reference/dog_reference.zip    85.5MB 37.5MB/s
[1A[2K[1A[2KCollecting 1 genome record [================================================] 100% 1/1
Downloading: /sciclone/home/tdfelton/SUPERCOMPUTING/assignments/assignment_07/data/dog_reference/dog_reference.zip    85.9MB 37.5MB/s
[1A[2K[1A[2KCollecting 1 genome record [================================================] 100% 1/1
Downloading: /sciclone/home/tdfelton/SUPERCOMPUTING/assignments/assignment_07/data/dog_reference/dog_reference.zip    86.3MB 37.5MB/s
[1A[2K[1A[2KCollecting 1 genome record [================================================] 100% 1/1
Downloading: /sciclone/home/tdfelton/SUPERCOMPUTING/assignments/assignment_07/data/dog_reference/dog_reference.zip    86.7MB 37.5MB/s
[1A[2K[1A[2KCollecting 1 genome record [================================================] 100% 1/1
Downloading: /sciclone/home/tdfelton/SUPERCOMPUTING/assignments/assignment_07/data/dog_reference/dog_reference.zip    87.1MB 37.5MB/s
[1A[2K[1A[2KCollecting 1 genome record [================================================] 100% 1/1
Downloading: /sciclone/home/tdfelton/SUPERCOMPUTING/assignments/assignment_07/data/dog_reference/dog_reference.zip    87.5MB 37.5MB/s
[1A[2K[1A[2KCollecting 1 genome record [================================================] 100% 1/1
Downloading: /sciclone/home/tdfelton/SUPERCOMPUTING/assignments/assignment_07/data/dog_reference/dog_reference.zip    87.9MB 37.5MB/s
[1A[2K[1A[2KCollecting 1 genome record [================================================] 100% 1/1
Downloading: /sciclone/home/tdfelton/SUPERCOMPUTING/assignments/assignment_07/data/dog_reference/dog_reference.zip    88.2MB 37.5MB/s
[1A[2K[1A[2KCollecting 1 genome record [================================================] 100% 1/1
Downloading: /sciclone/home/tdfelton/SUPERCOMPUTING/assignments/assignment_07/data/dog_reference/dog_reference.zip    88.6MB 37.5MB/s
[1A[2K[1A[2KCollecting 1 genome record [================================================] 100% 1/1
Downloading: /sciclone/home/tdfelton/SUPERCOMPUTING/assignments/assignment_07/data/dog_reference/dog_reference.zip    89MB 37.5MB/s
[1A[2K[1A[2KCollecting 1 genome record [================================================] 100% 1/1
Downloading: /sciclone/home/tdfelton/SUPERCOMPUTING/assignments/assignment_07/data/dog_reference/dog_reference.zip    89.4MB 37.5MB/s
[1A[2K[1A[2KCollecting 1 genome record [================================================] 100% 1/1
Downloading: /sciclone/home/tdfelton/SUPERCOMPUTING/assignments/assignment_07/data/dog_reference/dog_reference.zip    89.8MB 37.5MB/s
[1A[2K[1A[2KCollecting 1 genome record [================================================] 100% 1/1
Downloading: /sciclone/home/tdfelton/SUPERCOMPUTING/assignments/assignment_07/data/dog_reference/dog_reference.zip    90.2MB 37.5MB/s
[1A[2K[1A[2KCollecting 1 genome record [================================================] 100% 1/1
Downloading: /sciclone/home/tdfelton/SUPERCOMPUTING/assignments/assignment_07/data/dog_reference/dog_reference.zip    90.6MB 37.5MB/s
[1A[2K[1A[2KCollecting 1 genome record [================================================] 100% 1/1
Downloading: /sciclone/home/tdfelton/SUPERCOMPUTING/assignments/assignment_07/data/dog_reference/dog_reference.zip    91MB 37.5MB/s
[1A[2K[1A[2KCollecting 1 genome record [================================================] 100% 1/1
Downloading: /sciclone/home/tdfelton/SUPERCOMPUTING/assignments/assignment_07/data/dog_reference/dog_reference.zip    91.4MB 37.6MB/s
[1A[2K[1A[2KCollecting 1 genome record [================================================] 100% 1/1
Downloading: /sciclone/home/tdfelton/SUPERCOMPUTING/assignments/assignment_07/data/dog_reference/dog_reference.zip    91.8MB 37.6MB/s
[1A[2K[1A[2KCollecting 1 genome record [================================================] 100% 1/1
Downloading: /sciclone/home/tdfelton/SUPERCOMPUTING/assignments/assignment_07/data/dog_reference/dog_reference.zip    92.2MB 37.6MB/s
[1A[2K[1A[2KCollecting 1 genome record [================================================] 100% 1/1
Downloading: /sciclone/home/tdfelton/SUPERCOMPUTING/assignments/assignment_07/data/dog_reference/dog_reference.zip    92.6MB 37.6MB/s
[1A[2K[1A[2KCollecting 1 genome record [================================================] 100% 1/1
Downloading: /sciclone/home/tdfelton/SUPERCOMPUTING/assignments/assignment_07/data/dog_reference/dog_reference.zip    93MB 37.6MB/s
[1A[2K[1A[2KCollecting 1 genome record [================================================] 100% 1/1
Downloading: /sciclone/home/tdfelton/SUPERCOMPUTING/assignments/assignment_07/data/dog_reference/dog_reference.zip    93.4MB 37.6MB/s
[1A[2K[1A[2KCollecting 1 genome record [================================================] 100% 1/1
Downloading: /sciclone/home/tdfelton/SUPERCOMPUTING/assignments/assignment_07/data/dog_reference/dog_reference.zip    93.7MB 37.6MB/s
[1A[2K[1A[2KCollecting 1 genome record [================================================] 100% 1/1
Downloading: /sciclone/home/tdfelton/SUPERCOMPUTING/assignments/assignment_07/data/dog_reference/dog_reference.zip    94.1MB 37.6MB/s
[1A[2K[1A[2KCollecting 1 genome record [================================================] 100% 1/1
Downloading: /sciclone/home/tdfelton/SUPERCOMPUTING/assignments/assignment_07/data/dog_reference/dog_reference.zip    94.5MB 37.6MB/s
[1A[2K[1A[2KCollecting 1 genome record [================================================] 100% 1/1
Downloading: /sciclone/home/tdfelton/SUPERCOMPUTING/assignments/assignment_07/data/dog_reference/dog_reference.zip    94.9MB 37.6MB/s
[1A[2K[1A[2KCollecting 1 genome record [================================================] 100% 1/1
Downloading: /sciclone/home/tdfelton/SUPERCOMPUTING/assignments/assignment_07/data/dog_reference/dog_reference.zip    95.3MB 37.6MB/s
[1A[2K[1A[2KCollecting 1 genome record [================================================] 100% 1/1
Downloading: /sciclone/home/tdfelton/SUPERCOMPUTING/assignments/assignment_07/data/dog_reference/dog_reference.zip    95.7MB 37.6MB/s
[1A[2K[1A[2KCollecting 1 genome record [================================================] 100% 1/1
Downloading: /sciclone/home/tdfelton/SUPERCOMPUTING/assignments/assignment_07/data/dog_reference/dog_reference.zip    96.1MB 37.6MB/s
[1A[2K[1A[2KCollecting 1 genome record [================================================] 100% 1/1
Downloading: /sciclone/home/tdfelton/SUPERCOMPUTING/assignments/assignment_07/data/dog_reference/dog_reference.zip    96.5MB 37.6MB/s
[1A[2K[1A[2KCollecting 1 genome record [================================================] 100% 1/1
Downloading: /sciclone/home/tdfelton/SUPERCOMPUTING/assignments/assignment_07/data/dog_reference/dog_reference.zip    96.9MB 37.6MB/s
[1A[2K[1A[2KCollecting 1 genome record [================================================] 100% 1/1
Downloading: /sciclone/home/tdfelton/SUPERCOMPUTING/assignments/assignment_07/data/dog_reference/dog_reference.zip    97.3MB 37.6MB/s
[1A[2K[1A[2KCollecting 1 genome record [================================================] 100% 1/1
Downloading: /sciclone/home/tdfelton/SUPERCOMPUTING/assignments/assignment_07/data/dog_reference/dog_reference.zip    97.6MB 37.6MB/s
[1A[2K[1A[2KCollecting 1 genome record [================================================] 100% 1/1
Downloading: /sciclone/home/tdfelton/SUPERCOMPUTING/assignments/assignment_07/data/dog_reference/dog_reference.zip    98MB 37.6MB/s
[1A[2K[1A[2KCollecting 1 genome record [================================================] 100% 1/1
Downloading: /sciclone/home/tdfelton/SUPERCOMPUTING/assignments/assignment_07/data/dog_reference/dog_reference.zip    98.4MB 37.6MB/s
[1A[2K[1A[2KCollecting 1 genome record [================================================] 100% 1/1
Downloading: /sciclone/home/tdfelton/SUPERCOMPUTING/assignments/assignment_07/data/dog_reference/dog_reference.zip    98.8MB 37.6MB/s
[1A[2K[1A[2KCollecting 1 genome record [================================================] 100% 1/1
Downloading: /sciclone/home/tdfelton/SUPERCOMPUTING/assignments/assignment_07/data/dog_reference/dog_reference.zip    99.2MB 37.6MB/s
[1A[2K[1A[2KCollecting 1 genome record [================================================] 100% 1/1
Downloading: /sciclone/home/tdfelton/SUPERCOMPUTING/assignments/assignment_07/data/dog_reference/dog_reference.zip    99.6MB 37.6MB/s
[1A[2K[1A[2KCollecting 1 genome record [================================================] 100% 1/1
Downloading: /sciclone/home/tdfelton/SUPERCOMPUTING/assignments/assignment_07/data/dog_reference/dog_reference.zip    100MB 37.6MB/s
[1A[2K[1A[2KCollecting 1 genome record [================================================] 100% 1/1
Downloading: /sciclone/home/tdfelton/SUPERCOMPUTING/assignments/assignment_07/data/dog_reference/dog_reference.zip    100MB 37.6MB/s
[1A[2K[1A[2KCollecting 1 genome record [================================================] 100% 1/1
Downloading: /sciclone/home/tdfelton/SUPERCOMPUTING/assignments/assignment_07/data/dog_reference/dog_reference.zip    101MB 37.6MB/s
[1A[2K[1A[2KCollecting 1 genome record [================================================] 100% 1/1
Downloading: /sciclone/home/tdfelton/SUPERCOMPUTING/assignments/assignment_07/data/dog_reference/dog_reference.zip    101MB 37.6MB/s
[1A[2K[1A[2KCollecting 1 genome record [================================================] 100% 1/1
Downloading: /sciclone/home/tdfelton/SUPERCOMPUTING/assignments/assignment_07/data/dog_reference/dog_reference.zip    102MB 37.6MB/s
[1A[2K[1A[2KCollecting 1 genome record [================================================] 100% 1/1
Downloading: /sciclone/home/tdfelton/SUPERCOMPUTING/assignments/assignment_07/data/dog_reference/dog_reference.zip    102MB 37.6MB/s
[1A[2K[1A[2KCollecting 1 genome record [================================================] 100% 1/1
Downloading: /sciclone/home/tdfelton/SUPERCOMPUTING/assignments/assignment_07/data/dog_reference/dog_reference.zip    102MB 37.6MB/s
[1A[2K[1A[2KCollecting 1 genome record [================================================] 100% 1/1
Downloading: /sciclone/home/tdfelton/SUPERCOMPUTING/assignments/assignment_07/data/dog_reference/dog_reference.zip    103MB 37.6MB/s
[1A[2K[1A[2KCollecting 1 genome record [================================================] 100% 1/1
Downloading: /sciclone/home/tdfelton/SUPERCOMPUTING/assignments/assignment_07/data/dog_reference/dog_reference.zip    103MB 37.6MB/s
[1A[2K[1A[2KCollecting 1 genome record [================================================] 100% 1/1
Downloading: /sciclone/home/tdfelton/SUPERCOMPUTING/assignments/assignment_07/data/dog_reference/dog_reference.zip    104MB 37.6MB/s
[1A[2K[1A[2KCollecting 1 genome record [================================================] 100% 1/1
Downloading: /sciclone/home/tdfelton/SUPERCOMPUTING/assignments/assignment_07/data/dog_reference/dog_reference.zip    104MB 37.6MB/s
[1A[2K[1A[2KCollecting 1 genome record [================================================] 100% 1/1
Downloading: /sciclone/home/tdfelton/SUPERCOMPUTING/assignments/assignment_07/data/dog_reference/dog_reference.zip    104MB 37.7MB/s
[1A[2K[1A[2KCollecting 1 genome record [================================================] 100% 1/1
Downloading: /sciclone/home/tdfelton/SUPERCOMPUTING/assignments/assignment_07/data/dog_reference/dog_reference.zip    105MB 37.7MB/s
[1A[2K[1A[2KCollecting 1 genome record [================================================] 100% 1/1
Downloading: /sciclone/home/tdfelton/SUPERCOMPUTING/assignments/assignment_07/data/dog_reference/dog_reference.zip    105MB 37.7MB/s
[1A[2K[1A[2KCollecting 1 genome record [================================================] 100% 1/1
Downloading: /sciclone/home/tdfelton/SUPERCOMPUTING/assignments/assignment_07/data/dog_reference/dog_reference.zip    106MB 37.7MB/s
[1A[2K[1A[2KCollecting 1 genome record [================================================] 100% 1/1
Downloading: /sciclone/home/tdfelton/SUPERCOMPUTING/assignments/assignment_07/data/dog_reference/dog_reference.zip    106MB 37.7MB/s
[1A[2K[1A[2KCollecting 1 genome record [================================================] 100% 1/1
Downloading: /sciclone/home/tdfelton/SUPERCOMPUTING/assignments/assignment_07/data/dog_reference/dog_reference.zip    106MB 37.7MB/s
[1A[2K[1A[2KCollecting 1 genome record [================================================] 100% 1/1
Downloading: /sciclone/home/tdfelton/SUPERCOMPUTING/assignments/assignment_07/data/dog_reference/dog_reference.zip    107MB 37.7MB/s
[1A[2K[1A[2KCollecting 1 genome record [================================================] 100% 1/1
Downloading: /sciclone/home/tdfelton/SUPERCOMPUTING/assignments/assignment_07/data/dog_reference/dog_reference.zip    107MB 37.7MB/s
[1A[2K[1A[2KCollecting 1 genome record [================================================] 100% 1/1
Downloading: /sciclone/home/tdfelton/SUPERCOMPUTING/assignments/assignment_07/data/dog_reference/dog_reference.zip    107MB 37.7MB/s
[1A[2K[1A[2KCollecting 1 genome record [================================================] 100% 1/1
Downloading: /sciclone/home/tdfelton/SUPERCOMPUTING/assignments/assignment_07/data/dog_reference/dog_reference.zip    108MB 37.7MB/s
[1A[2K[1A[2KCollecting 1 genome record [================================================] 100% 1/1
Downloading: /sciclone/home/tdfelton/SUPERCOMPUTING/assignments/assignment_07/data/dog_reference/dog_reference.zip    108MB 37.7MB/s
[1A[2K[1A[2KCollecting 1 genome record [================================================] 100% 1/1
Downloading: /sciclone/home/tdfelton/SUPERCOMPUTING/assignments/assignment_07/data/dog_reference/dog_reference.zip    109MB 37.7MB/s
[1A[2K[1A[2KCollecting 1 genome record [================================================] 100% 1/1
Downloading: /sciclone/home/tdfelton/SUPERCOMPUTING/assignments/assignment_07/data/dog_reference/dog_reference.zip    109MB 37.7MB/s
[1A[2K[1A[2KCollecting 1 genome record [================================================] 100% 1/1
Downloading: /sciclone/home/tdfelton/SUPERCOMPUTING/assignments/assignment_07/data/dog_reference/dog_reference.zip    109MB 37.7MB/s
[1A[2K[1A[2KCollecting 1 genome record [================================================] 100% 1/1
Downloading: /sciclone/home/tdfelton/SUPERCOMPUTING/assignments/assignment_07/data/dog_reference/dog_reference.zip    110MB 37.7MB/s
[1A[2K[1A[2KCollecting 1 genome record [================================================] 100% 1/1
Downloading: /sciclone/home/tdfelton/SUPERCOMPUTING/assignments/assignment_07/data/dog_reference/dog_reference.zip    110MB 37.7MB/s
[1A[2K[1A[2KCollecting 1 genome record [================================================] 100% 1/1
Downloading: /sciclone/home/tdfelton/SUPERCOMPUTING/assignments/assignment_07/data/dog_reference/dog_reference.zip    111MB 37.7MB/s
[1A[2K[1A[2KCollecting 1 genome record [================================================] 100% 1/1
Downloading: /sciclone/home/tdfelton/SUPERCOMPUTING/assignments/assignment_07/data/dog_reference/dog_reference.zip    111MB 37.7MB/s
[1A[2K[1A[2KCollecting 1 genome record [================================================] 100% 1/1
Downloading: /sciclone/home/tdfelton/SUPERCOMPUTING/assignments/assignment_07/data/dog_reference/dog_reference.zip    111MB 37.7MB/s
[1A[2K[1A[2KCollecting 1 genome record [================================================] 100% 1/1
Downloading: /sciclone/home/tdfelton/SUPERCOMPUTING/assignments/assignment_07/data/dog_reference/dog_reference.zip    112MB 37.7MB/s
[1A[2K[1A[2KCollecting 1 genome record [================================================] 100% 1/1
Downloading: /sciclone/home/tdfelton/SUPERCOMPUTING/assignments/assignment_07/data/dog_reference/dog_reference.zip    112MB 37.7MB/s
[1A[2K[1A[2KCollecting 1 genome record [================================================] 100% 1/1
Downloading: /sciclone/home/tdfelton/SUPERCOMPUTING/assignments/assignment_07/data/dog_reference/dog_reference.zip    113MB 37.7MB/s
[1A[2K[1A[2KCollecting 1 genome record [================================================] 100% 1/1
Downloading: /sciclone/home/tdfelton/SUPERCOMPUTING/assignments/assignment_07/data/dog_reference/dog_reference.zip    113MB 37.7MB/s
[1A[2K[1A[2KCollecting 1 genome record [================================================] 100% 1/1
Downloading: /sciclone/home/tdfelton/SUPERCOMPUTING/assignments/assignment_07/data/dog_reference/dog_reference.zip    113MB 37.7MB/s
[1A[2K[1A[2KCollecting 1 genome record [================================================] 100% 1/1
Downloading: /sciclone/home/tdfelton/SUPERCOMPUTING/assignments/assignment_07/data/dog_reference/dog_reference.zip    114MB 37.7MB/s
[1A[2K[1A[2KCollecting 1 genome record [================================================] 100% 1/1
Downloading: /sciclone/home/tdfelton/SUPERCOMPUTING/assignments/assignment_07/data/dog_reference/dog_reference.zip    114MB 37.7MB/s
[1A[2K[1A[2KCollecting 1 genome record [================================================] 100% 1/1
Downloading: /sciclone/home/tdfelton/SUPERCOMPUTING/assignments/assignment_07/data/dog_reference/dog_reference.zip    115MB 37.7MB/s
[1A[2K[1A[2KCollecting 1 genome record [================================================] 100% 1/1
Downloading: /sciclone/home/tdfelton/SUPERCOMPUTING/assignments/assignment_07/data/dog_reference/dog_reference.zip    115MB 37.7MB/s
[1A[2K[1A[2KCollecting 1 genome record [================================================] 100% 1/1
Downloading: /sciclone/home/tdfelton/SUPERCOMPUTING/assignments/assignment_07/data/dog_reference/dog_reference.zip    115MB 37.7MB/s
[1A[2K[1A[2KCollecting 1 genome record [================================================] 100% 1/1
Downloading: /sciclone/home/tdfelton/SUPERCOMPUTING/assignments/assignment_07/data/dog_reference/dog_reference.zip    116MB 37.7MB/s
[1A[2K[1A[2KCollecting 1 genome record [================================================] 100% 1/1
Downloading: /sciclone/home/tdfelton/SUPERCOMPUTING/assignments/assignment_07/data/dog_reference/dog_reference.zip    116MB 37.7MB/s
[1A[2K[1A[2KCollecting 1 genome record [================================================] 100% 1/1
Downloading: /sciclone/home/tdfelton/SUPERCOMPUTING/assignments/assignment_07/data/dog_reference/dog_reference.zip    116MB 37.7MB/s
[1A[2K[1A[2KCollecting 1 genome record [================================================] 100% 1/1
Downloading: /sciclone/home/tdfelton/SUPERCOMPUTING/assignments/assignment_07/data/dog_reference/dog_reference.zip    117MB 37.7MB/s
[1A[2K[1A[2KCollecting 1 genome record [================================================] 100% 1/1
Downloading: /sciclone/home/tdfelton/SUPERCOMPUTING/assignments/assignment_07/data/dog_reference/dog_reference.zip    117MB 37.8MB/s
[1A[2K[1A[2KCollecting 1 genome record [================================================] 100% 1/1
Downloading: /sciclone/home/tdfelton/SUPERCOMPUTING/assignments/assignment_07/data/dog_reference/dog_reference.zip    118MB 37.8MB/s
[1A[2K[1A[2KCollecting 1 genome record [================================================] 100% 1/1
Downloading: /sciclone/home/tdfelton/SUPERCOMPUTING/assignments/assignment_07/data/dog_reference/dog_reference.zip    118MB 37.8MB/s
[1A[2K[1A[2KCollecting 1 genome record [================================================] 100% 1/1
Downloading: /sciclone/home/tdfelton/SUPERCOMPUTING/assignments/assignment_07/data/dog_reference/dog_reference.zip    118MB 37.8MB/s
[1A[2K[1A[2KCollecting 1 genome record [================================================] 100% 1/1
Downloading: /sciclone/home/tdfelton/SUPERCOMPUTING/assignments/assignment_07/data/dog_reference/dog_reference.zip    119MB 37.8MB/s
[1A[2K[1A[2KCollecting 1 genome record [================================================] 100% 1/1
Downloading: /sciclone/home/tdfelton/SUPERCOMPUTING/assignments/assignment_07/data/dog_reference/dog_reference.zip    119MB 37.8MB/s
[1A[2K[1A[2KCollecting 1 genome record [================================================] 100% 1/1
Downloading: /sciclone/home/tdfelton/SUPERCOMPUTING/assignments/assignment_07/data/dog_reference/dog_reference.zip    120MB 37.8MB/s
[1A[2K[1A[2KCollecting 1 genome record [================================================] 100% 1/1
Downloading: /sciclone/home/tdfelton/SUPERCOMPUTING/assignments/assignment_07/data/dog_reference/dog_reference.zip    120MB 37.8MB/s
[1A[2K[1A[2KCollecting 1 genome record [================================================] 100% 1/1
Downloading: /sciclone/home/tdfelton/SUPERCOMPUTING/assignments/assignment_07/data/dog_reference/dog_reference.zip    120MB 37.8MB/s
[1A[2K[1A[2KCollecting 1 genome record [================================================] 100% 1/1
Downloading: /sciclone/home/tdfelton/SUPERCOMPUTING/assignments/assignment_07/data/dog_reference/dog_reference.zip    121MB 37.8MB/s
[1A[2K[1A[2KCollecting 1 genome record [================================================] 100% 1/1
Downloading: /sciclone/home/tdfelton/SUPERCOMPUTING/assignments/assignment_07/data/dog_reference/dog_reference.zip    121MB 37.8MB/s
[1A[2K[1A[2KCollecting 1 genome record [================================================] 100% 1/1
Downloading: /sciclone/home/tdfelton/SUPERCOMPUTING/assignments/assignment_07/data/dog_reference/dog_reference.zip    122MB 37.8MB/s
[1A[2K[1A[2KCollecting 1 genome record [================================================] 100% 1/1
Downloading: /sciclone/home/tdfelton/SUPERCOMPUTING/assignments/assignment_07/data/dog_reference/dog_reference.zip    122MB 37.8MB/s
[1A[2K[1A[2KCollecting 1 genome record [================================================] 100% 1/1
Downloading: /sciclone/home/tdfelton/SUPERCOMPUTING/assignments/assignment_07/data/dog_reference/dog_reference.zip    122MB 37.8MB/s
[1A[2K[1A[2KCollecting 1 genome record [================================================] 100% 1/1
Downloading: /sciclone/home/tdfelton/SUPERCOMPUTING/assignments/assignment_07/data/dog_reference/dog_reference.zip    123MB 37.8MB/s
[1A[2K[1A[2KCollecting 1 genome record [================================================] 100% 1/1
Downloading: /sciclone/home/tdfelton/SUPERCOMPUTING/assignments/assignment_07/data/dog_reference/dog_reference.zip    123MB 37.8MB/s
[1A[2K[1A[2KCollecting 1 genome record [================================================] 100% 1/1
Downloading: /sciclone/home/tdfelton/SUPERCOMPUTING/assignments/assignment_07/data/dog_reference/dog_reference.zip    124MB 37.8MB/s
[1A[2K[1A[2KCollecting 1 genome record [================================================] 100% 1/1
Downloading: /sciclone/home/tdfelton/SUPERCOMPUTING/assignments/assignment_07/data/dog_reference/dog_reference.zip    124MB 37.8MB/s
[1A[2K[1A[2KCollecting 1 genome record [================================================] 100% 1/1
Downloading: /sciclone/home/tdfelton/SUPERCOMPUTING/assignments/assignment_07/data/dog_reference/dog_reference.zip    124MB 37.8MB/s
[1A[2K[1A[2KCollecting 1 genome record [================================================] 100% 1/1
Downloading: /sciclone/home/tdfelton/SUPERCOMPUTING/assignments/assignment_07/data/dog_reference/dog_reference.zip    125MB 37.8MB/s
[1A[2K[1A[2KCollecting 1 genome record [================================================] 100% 1/1
Downloading: /sciclone/home/tdfelton/SUPERCOMPUTING/assignments/assignment_07/data/dog_reference/dog_reference.zip    125MB 37.8MB/s
[1A[2K[1A[2KCollecting 1 genome record [================================================] 100% 1/1
Downloading: /sciclone/home/tdfelton/SUPERCOMPUTING/assignments/assignment_07/data/dog_reference/dog_reference.zip    126MB 37.8MB/s
[1A[2K[1A[2KCollecting 1 genome record [================================================] 100% 1/1
Downloading: /sciclone/home/tdfelton/SUPERCOMPUTING/assignments/assignment_07/data/dog_reference/dog_reference.zip    126MB 37.8MB/s
[1A[2K[1A[2KCollecting 1 genome record [================================================] 100% 1/1
Downloading: /sciclone/home/tdfelton/SUPERCOMPUTING/assignments/assignment_07/data/dog_reference/dog_reference.zip    126MB 37.8MB/s
[1A[2K[1A[2KCollecting 1 genome record [================================================] 100% 1/1
Downloading: /sciclone/home/tdfelton/SUPERCOMPUTING/assignments/assignment_07/data/dog_reference/dog_reference.zip    127MB 37.8MB/s
[1A[2K[1A[2KCollecting 1 genome record [================================================] 100% 1/1
Downloading: /sciclone/home/tdfelton/SUPERCOMPUTING/assignments/assignment_07/data/dog_reference/dog_reference.zip    127MB 37.8MB/s
[1A[2K[1A[2KCollecting 1 genome record [================================================] 100% 1/1
Downloading: /sciclone/home/tdfelton/SUPERCOMPUTING/assignments/assignment_07/data/dog_reference/dog_reference.zip    128MB 37.8MB/s
[1A[2K[1A[2KCollecting 1 genome record [================================================] 100% 1/1
Downloading: /sciclone/home/tdfelton/SUPERCOMPUTING/assignments/assignment_07/data/dog_reference/dog_reference.zip    128MB 37.8MB/s
[1A[2K[1A[2KCollecting 1 genome record [================================================] 100% 1/1
Downloading: /sciclone/home/tdfelton/SUPERCOMPUTING/assignments/assignment_07/data/dog_reference/dog_reference.zip    128MB 37.8MB/s
[1A[2K[1A[2KCollecting 1 genome record [================================================] 100% 1/1
Downloading: /sciclone/home/tdfelton/SUPERCOMPUTING/assignments/assignment_07/data/dog_reference/dog_reference.zip    129MB 37.8MB/s
[1A[2K[1A[2KCollecting 1 genome record [================================================] 100% 1/1
Downloading: /sciclone/home/tdfelton/SUPERCOMPUTING/assignments/assignment_07/data/dog_reference/dog_reference.zip    129MB 37.8MB/s
[1A[2K[1A[2KCollecting 1 genome record [================================================] 100% 1/1
Downloading: /sciclone/home/tdfelton/SUPERCOMPUTING/assignments/assignment_07/data/dog_reference/dog_reference.zip    130MB 37.8MB/s
[1A[2K[1A[2KCollecting 1 genome record [================================================] 100% 1/1
Downloading: /sciclone/home/tdfelton/SUPERCOMPUTING/assignments/assignment_07/data/dog_reference/dog_reference.zip    130MB 37.8MB/s
[1A[2K[1A[2KCollecting 1 genome record [================================================] 100% 1/1
Downloading: /sciclone/home/tdfelton/SUPERCOMPUTING/assignments/assignment_07/data/dog_reference/dog_reference.zip    130MB 37.9MB/s
[1A[2K[1A[2KCollecting 1 genome record [================================================] 100% 1/1
Downloading: /sciclone/home/tdfelton/SUPERCOMPUTING/assignments/assignment_07/data/dog_reference/dog_reference.zip    131MB 37.9MB/s
[1A[2K[1A[2KCollecting 1 genome record [================================================] 100% 1/1
Downloading: /sciclone/home/tdfelton/SUPERCOMPUTING/assignments/assignment_07/data/dog_reference/dog_reference.zip    131MB 37.9MB/s
[1A[2K[1A[2KCollecting 1 genome record [================================================] 100% 1/1
Downloading: /sciclone/home/tdfelton/SUPERCOMPUTING/assignments/assignment_07/data/dog_reference/dog_reference.zip    131MB 37.9MB/s
[1A[2K[1A[2KCollecting 1 genome record [================================================] 100% 1/1
Downloading: /sciclone/home/tdfelton/SUPERCOMPUTING/assignments/assignment_07/data/dog_reference/dog_reference.zip    132MB 37.9MB/s
[1A[2K[1A[2KCollecting 1 genome record [================================================] 100% 1/1
Downloading: /sciclone/home/tdfelton/SUPERCOMPUTING/assignments/assignment_07/data/dog_reference/dog_reference.zip    132MB 37.9MB/s
[1A[2K[1A[2KCollecting 1 genome record [================================================] 100% 1/1
Downloading: /sciclone/home/tdfelton/SUPERCOMPUTING/assignments/assignment_07/data/dog_reference/dog_reference.zip    133MB 37.9MB/s
[1A[2K[1A[2KCollecting 1 genome record [================================================] 100% 1/1
Downloading: /sciclone/home/tdfelton/SUPERCOMPUTING/assignments/assignment_07/data/dog_reference/dog_reference.zip    133MB 37.9MB/s
[1A[2K[1A[2KCollecting 1 genome record [================================================] 100% 1/1
Downloading: /sciclone/home/tdfelton/SUPERCOMPUTING/assignments/assignment_07/data/dog_reference/dog_reference.zip    133MB 37.9MB/s
[1A[2K[1A[2KCollecting 1 genome record [================================================] 100% 1/1
Downloading: /sciclone/home/tdfelton/SUPERCOMPUTING/assignments/assignment_07/data/dog_reference/dog_reference.zip    134MB 37.9MB/s
[1A[2K[1A[2KCollecting 1 genome record [================================================] 100% 1/1
Downloading: /sciclone/home/tdfelton/SUPERCOMPUTING/assignments/assignment_07/data/dog_reference/dog_reference.zip    134MB 37.9MB/s
[1A[2K[1A[2KCollecting 1 genome record [================================================] 100% 1/1
Downloading: /sciclone/home/tdfelton/SUPERCOMPUTING/assignments/assignment_07/data/dog_reference/dog_reference.zip    135MB 37.9MB/s
[1A[2K[1A[2KCollecting 1 genome record [================================================] 100% 1/1
Downloading: /sciclone/home/tdfelton/SUPERCOMPUTING/assignments/assignment_07/data/dog_reference/dog_reference.zip    135MB 37.9MB/s
[1A[2K[1A[2KCollecting 1 genome record [================================================] 100% 1/1
Downloading: /sciclone/home/tdfelton/SUPERCOMPUTING/assignments/assignment_07/data/dog_reference/dog_reference.zip    135MB 37.9MB/s
[1A[2K[1A[2KCollecting 1 genome record [================================================] 100% 1/1
Downloading: /sciclone/home/tdfelton/SUPERCOMPUTING/assignments/assignment_07/data/dog_reference/dog_reference.zip    136MB 37.9MB/s
[1A[2K[1A[2KCollecting 1 genome record [================================================] 100% 1/1
Downloading: /sciclone/home/tdfelton/SUPERCOMPUTING/assignments/assignment_07/data/dog_reference/dog_reference.zip    136MB 37.9MB/s
[1A[2K[1A[2KCollecting 1 genome record [================================================] 100% 1/1
Downloading: /sciclone/home/tdfelton/SUPERCOMPUTING/assignments/assignment_07/data/dog_reference/dog_reference.zip    137MB 37.9MB/s
[1A[2K[1A[2KCollecting 1 genome record [================================================] 100% 1/1
Downloading: /sciclone/home/tdfelton/SUPERCOMPUTING/assignments/assignment_07/data/dog_reference/dog_reference.zip    137MB 37.9MB/s
[1A[2K[1A[2KCollecting 1 genome record [================================================] 100% 1/1
Downloading: /sciclone/home/tdfelton/SUPERCOMPUTING/assignments/assignment_07/data/dog_reference/dog_reference.zip    137MB 37.9MB/s
[1A[2K[1A[2KCollecting 1 genome record [================================================] 100% 1/1
Downloading: /sciclone/home/tdfelton/SUPERCOMPUTING/assignments/assignment_07/data/dog_reference/dog_reference.zip    138MB 37.9MB/s
[1A[2K[1A[2KCollecting 1 genome record [================================================] 100% 1/1
Downloading: /sciclone/home/tdfelton/SUPERCOMPUTING/assignments/assignment_07/data/dog_reference/dog_reference.zip    138MB 37.9MB/s
[1A[2K[1A[2KCollecting 1 genome record [================================================] 100% 1/1
Downloading: /sciclone/home/tdfelton/SUPERCOMPUTING/assignments/assignment_07/data/dog_reference/dog_reference.zip    139MB 37.9MB/s
[1A[2K[1A[2KCollecting 1 genome record [================================================] 100% 1/1
Downloading: /sciclone/home/tdfelton/SUPERCOMPUTING/assignments/assignment_07/data/dog_reference/dog_reference.zip    139MB 37.9MB/s
[1A[2K[1A[2KCollecting 1 genome record [================================================] 100% 1/1
Downloading: /sciclone/home/tdfelton/SUPERCOMPUTING/assignments/assignment_07/data/dog_reference/dog_reference.zip    139MB 37.9MB/s
[1A[2K[1A[2KCollecting 1 genome record [================================================] 100% 1/1
Downloading: /sciclone/home/tdfelton/SUPERCOMPUTING/assignments/assignment_07/data/dog_reference/dog_reference.zip    140MB 37.9MB/s
[1A[2K[1A[2KCollecting 1 genome record [================================================] 100% 1/1
Downloading: /sciclone/home/tdfelton/SUPERCOMPUTING/assignments/assignment_07/data/dog_reference/dog_reference.zip    140MB 37.9MB/s
[1A[2K[1A[2KCollecting 1 genome record [================================================] 100% 1/1
Downloading: /sciclone/home/tdfelton/SUPERCOMPUTING/assignments/assignment_07/data/dog_reference/dog_reference.zip    141MB 37.9MB/s
[1A[2K[1A[2KCollecting 1 genome record [================================================] 100% 1/1
Downloading: /sciclone/home/tdfelton/SUPERCOMPUTING/assignments/assignment_07/data/dog_reference/dog_reference.zip    141MB 37.9MB/s
[1A[2K[1A[2KCollecting 1 genome record [================================================] 100% 1/1
Downloading: /sciclone/home/tdfelton/SUPERCOMPUTING/assignments/assignment_07/data/dog_reference/dog_reference.zip    141MB 37.9MB/s
[1A[2K[1A[2KCollecting 1 genome record [================================================] 100% 1/1
Downloading: /sciclone/home/tdfelton/SUPERCOMPUTING/assignments/assignment_07/data/dog_reference/dog_reference.zip    142MB 37.9MB/s
[1A[2K[1A[2KCollecting 1 genome record [================================================] 100% 1/1
Downloading: /sciclone/home/tdfelton/SUPERCOMPUTING/assignments/assignment_07/data/dog_reference/dog_reference.zip    142MB 37.9MB/s
[1A[2K[1A[2KCollecting 1 genome record [================================================] 100% 1/1
Downloading: /sciclone/home/tdfelton/SUPERCOMPUTING/assignments/assignment_07/data/dog_reference/dog_reference.zip    142MB 37.9MB/s
[1A[2K[1A[2KCollecting 1 genome record [================================================] 100% 1/1
Downloading: /sciclone/home/tdfelton/SUPERCOMPUTING/assignments/assignment_07/data/dog_reference/dog_reference.zip    143MB 37.9MB/s
[1A[2K[1A[2KCollecting 1 genome record [================================================] 100% 1/1
Downloading: /sciclone/home/tdfelton/SUPERCOMPUTING/assignments/assignment_07/data/dog_reference/dog_reference.zip    143MB 37.9MB/s
[1A[2K[1A[2KCollecting 1 genome record [================================================] 100% 1/1
Downloading: /sciclone/home/tdfelton/SUPERCOMPUTING/assignments/assignment_07/data/dog_reference/dog_reference.zip    144MB 37.9MB/s
[1A[2K[1A[2KCollecting 1 genome record [================================================] 100% 1/1
Downloading: /sciclone/home/tdfelton/SUPERCOMPUTING/assignments/assignment_07/data/dog_reference/dog_reference.zip    144MB 37.9MB/s
[1A[2K[1A[2KCollecting 1 genome record [================================================] 100% 1/1
Downloading: /sciclone/home/tdfelton/SUPERCOMPUTING/assignments/assignment_07/data/dog_reference/dog_reference.zip    144MB 37.9MB/s
[1A[2K[1A[2KCollecting 1 genome record [================================================] 100% 1/1
Downloading: /sciclone/home/tdfelton/SUPERCOMPUTING/assignments/assignment_07/data/dog_reference/dog_reference.zip    145MB 37.9MB/s
[1A[2K[1A[2KCollecting 1 genome record [================================================] 100% 1/1
Downloading: /sciclone/home/tdfelton/SUPERCOMPUTING/assignments/assignment_07/data/dog_reference/dog_reference.zip    145MB 37.9MB/s
[1A[2K[1A[2KCollecting 1 genome record [================================================] 100% 1/1
Downloading: /sciclone/home/tdfelton/SUPERCOMPUTING/assignments/assignment_07/data/dog_reference/dog_reference.zip    146MB 37.9MB/s
[1A[2K[1A[2KCollecting 1 genome record [================================================] 100% 1/1
Downloading: /sciclone/home/tdfelton/SUPERCOMPUTING/assignments/assignment_07/data/dog_reference/dog_reference.zip    146MB 37.9MB/s
[1A[2K[1A[2KCollecting 1 genome record [================================================] 100% 1/1
Downloading: /sciclone/home/tdfelton/SUPERCOMPUTING/assignments/assignment_07/data/dog_reference/dog_reference.zip    146MB 37.9MB/s
[1A[2K[1A[2KCollecting 1 genome record [================================================] 100% 1/1
Downloading: /sciclone/home/tdfelton/SUPERCOMPUTING/assignments/assignment_07/data/dog_reference/dog_reference.zip    147MB 37.9MB/s
[1A[2K[1A[2KCollecting 1 genome record [================================================] 100% 1/1
Downloading: /sciclone/home/tdfelton/SUPERCOMPUTING/assignments/assignment_07/data/dog_reference/dog_reference.zip    147MB 37.9MB/s
[1A[2K[1A[2KCollecting 1 genome record [================================================] 100% 1/1
Downloading: /sciclone/home/tdfelton/SUPERCOMPUTING/assignments/assignment_07/data/dog_reference/dog_reference.zip    148MB 37.9MB/s
[1A[2K[1A[2KCollecting 1 genome record [================================================] 100% 1/1
Downloading: /sciclone/home/tdfelton/SUPERCOMPUTING/assignments/assignment_07/data/dog_reference/dog_reference.zip    148MB 37.9MB/s
[1A[2K[1A[2KCollecting 1 genome record [================================================] 100% 1/1
Downloading: /sciclone/home/tdfelton/SUPERCOMPUTING/assignments/assignment_07/data/dog_reference/dog_reference.zip    148MB 37.9MB/s
[1A[2K[1A[2KCollecting 1 genome record [================================================] 100% 1/1
Downloading: /sciclone/home/tdfelton/SUPERCOMPUTING/assignments/assignment_07/data/dog_reference/dog_reference.zip    149MB 37.9MB/s
[1A[2K[1A[2KCollecting 1 genome record [================================================] 100% 1/1
Downloading: /sciclone/home/tdfelton/SUPERCOMPUTING/assignments/assignment_07/data/dog_reference/dog_reference.zip    149MB 37.9MB/s
[1A[2K[1A[2KCollecting 1 genome record [================================================] 100% 1/1
Downloading: /sciclone/home/tdfelton/SUPERCOMPUTING/assignments/assignment_07/data/dog_reference/dog_reference.zip    150MB 37.9MB/s
[1A[2K[1A[2KCollecting 1 genome record [================================================] 100% 1/1
Downloading: /sciclone/home/tdfelton/SUPERCOMPUTING/assignments/assignment_07/data/dog_reference/dog_reference.zip    150MB 37.9MB/s
[1A[2K[1A[2KCollecting 1 genome record [================================================] 100% 1/1
Downloading: /sciclone/home/tdfelton/SUPERCOMPUTING/assignments/assignment_07/data/dog_reference/dog_reference.zip    150MB 37.9MB/s
[1A[2K[1A[2KCollecting 1 genome record [================================================] 100% 1/1
Downloading: /sciclone/home/tdfelton/SUPERCOMPUTING/assignments/assignment_07/data/dog_reference/dog_reference.zip    151MB 37.9MB/s
[1A[2K[1A[2KCollecting 1 genome record [================================================] 100% 1/1
Downloading: /sciclone/home/tdfelton/SUPERCOMPUTING/assignments/assignment_07/data/dog_reference/dog_reference.zip    151MB 37.9MB/s
[1A[2K[1A[2KCollecting 1 genome record [================================================] 100% 1/1
Downloading: /sciclone/home/tdfelton/SUPERCOMPUTING/assignments/assignment_07/data/dog_reference/dog_reference.zip    152MB 37.9MB/s
[1A[2K[1A[2KCollecting 1 genome record [================================================] 100% 1/1
Downloading: /sciclone/home/tdfelton/SUPERCOMPUTING/assignments/assignment_07/data/dog_reference/dog_reference.zip    152MB 37.9MB/s
[1A[2K[1A[2KCollecting 1 genome record [================================================] 100% 1/1
Downloading: /sciclone/home/tdfelton/SUPERCOMPUTING/assignments/assignment_07/data/dog_reference/dog_reference.zip    152MB 37.9MB/s
[1A[2K[1A[2KCollecting 1 genome record [================================================] 100% 1/1
Downloading: /sciclone/home/tdfelton/SUPERCOMPUTING/assignments/assignment_07/data/dog_reference/dog_reference.zip    153MB 37.9MB/s
[1A[2K[1A[2KCollecting 1 genome record [================================================] 100% 1/1
Downloading: /sciclone/home/tdfelton/SUPERCOMPUTING/assignments/assignment_07/data/dog_reference/dog_reference.zip    153MB 37.9MB/s
[1A[2K[1A[2KCollecting 1 genome record [================================================] 100% 1/1
Downloading: /sciclone/home/tdfelton/SUPERCOMPUTING/assignments/assignment_07/data/dog_reference/dog_reference.zip    153MB 37.9MB/s
[1A[2K[1A[2KCollecting 1 genome record [================================================] 100% 1/1
Downloading: /sciclone/home/tdfelton/SUPERCOMPUTING/assignments/assignment_07/data/dog_reference/dog_reference.zip    154MB 37.9MB/s
[1A[2K[1A[2KCollecting 1 genome record [================================================] 100% 1/1
Downloading: /sciclone/home/tdfelton/SUPERCOMPUTING/assignments/assignment_07/data/dog_reference/dog_reference.zip    154MB 37.9MB/s
[1A[2K[1A[2KCollecting 1 genome record [================================================] 100% 1/1
Downloading: /sciclone/home/tdfelton/SUPERCOMPUTING/assignments/assignment_07/data/dog_reference/dog_reference.zip    155MB 37.9MB/s
[1A[2K[1A[2KCollecting 1 genome record [================================================] 100% 1/1
Downloading: /sciclone/home/tdfelton/SUPERCOMPUTING/assignments/assignment_07/data/dog_reference/dog_reference.zip    155MB 37.9MB/s
[1A[2K[1A[2KCollecting 1 genome record [================================================] 100% 1/1
Downloading: /sciclone/home/tdfelton/SUPERCOMPUTING/assignments/assignment_07/data/dog_reference/dog_reference.zip    155MB 37.9MB/s
[1A[2K[1A[2KCollecting 1 genome record [================================================] 100% 1/1
Downloading: /sciclone/home/tdfelton/SUPERCOMPUTING/assignments/assignment_07/data/dog_reference/dog_reference.zip    156MB 37.9MB/s
[1A[2K[1A[2KCollecting 1 genome record [================================================] 100% 1/1
Downloading: /sciclone/home/tdfelton/SUPERCOMPUTING/assignments/assignment_07/data/dog_reference/dog_reference.zip    156MB 37.9MB/s
[1A[2K[1A[2KCollecting 1 genome record [================================================] 100% 1/1
Downloading: /sciclone/home/tdfelton/SUPERCOMPUTING/assignments/assignment_07/data/dog_reference/dog_reference.zip    157MB 38MB/s
[1A[2K[1A[2KCollecting 1 genome record [================================================] 100% 1/1
Downloading: /sciclone/home/tdfelton/SUPERCOMPUTING/assignments/assignment_07/data/dog_reference/dog_reference.zip    157MB 37.9MB/s
[1A[2K[1A[2KCollecting 1 genome record [================================================] 100% 1/1
Downloading: /sciclone/home/tdfelton/SUPERCOMPUTING/assignments/assignment_07/data/dog_reference/dog_reference.zip    157MB 38MB/s
[1A[2K[1A[2KCollecting 1 genome record [================================================] 100% 1/1
Downloading: /sciclone/home/tdfelton/SUPERCOMPUTING/assignments/assignment_07/data/dog_reference/dog_reference.zip    158MB 37.9MB/s
[1A[2K[1A[2KCollecting 1 genome record [================================================] 100% 1/1
Downloading: /sciclone/home/tdfelton/SUPERCOMPUTING/assignments/assignment_07/data/dog_reference/dog_reference.zip    158MB 38MB/s
[1A[2K[1A[2KCollecting 1 genome record [================================================] 100% 1/1
Downloading: /sciclone/home/tdfelton/SUPERCOMPUTING/assignments/assignment_07/data/dog_reference/dog_reference.zip    159MB 38MB/s
[1A[2K[1A[2KCollecting 1 genome record [================================================] 100% 1/1
Downloading: /sciclone/home/tdfelton/SUPERCOMPUTING/assignments/assignment_07/data/dog_reference/dog_reference.zip    159MB 38MB/s
[1A[2K[1A[2KCollecting 1 genome record [================================================] 100% 1/1
Downloading: /sciclone/home/tdfelton/SUPERCOMPUTING/assignments/assignment_07/data/dog_reference/dog_reference.zip    159MB 38MB/s
[1A[2K[1A[2KCollecting 1 genome record [================================================] 100% 1/1
Downloading: /sciclone/home/tdfelton/SUPERCOMPUTING/assignments/assignment_07/data/dog_reference/dog_reference.zip    160MB 38MB/s
[1A[2K[1A[2KCollecting 1 genome record [================================================] 100% 1/1
Downloading: /sciclone/home/tdfelton/SUPERCOMPUTING/assignments/assignment_07/data/dog_reference/dog_reference.zip    160MB 38MB/s
[1A[2K[1A[2KCollecting 1 genome record [================================================] 100% 1/1
Downloading: /sciclone/home/tdfelton/SUPERCOMPUTING/assignments/assignment_07/data/dog_reference/dog_reference.zip    161MB 38MB/s
[1A[2K[1A[2KCollecting 1 genome record [================================================] 100% 1/1
Downloading: /sciclone/home/tdfelton/SUPERCOMPUTING/assignments/assignment_07/data/dog_reference/dog_reference.zip    161MB 38MB/s
[1A[2K[1A[2KCollecting 1 genome record [================================================] 100% 1/1
Downloading: /sciclone/home/tdfelton/SUPERCOMPUTING/assignments/assignment_07/data/dog_reference/dog_reference.zip    161MB 38MB/s
[1A[2K[1A[2KCollecting 1 genome record [================================================] 100% 1/1
Downloading: /sciclone/home/tdfelton/SUPERCOMPUTING/assignments/assignment_07/data/dog_reference/dog_reference.zip    162MB 38MB/s
[1A[2K[1A[2KCollecting 1 genome record [================================================] 100% 1/1
Downloading: /sciclone/home/tdfelton/SUPERCOMPUTING/assignments/assignment_07/data/dog_reference/dog_reference.zip    162MB 38MB/s
[1A[2K[1A[2KCollecting 1 genome record [================================================] 100% 1/1
Downloading: /sciclone/home/tdfelton/SUPERCOMPUTING/assignments/assignment_07/data/dog_reference/dog_reference.zip    163MB 38MB/s
[1A[2K[1A[2KCollecting 1 genome record [================================================] 100% 1/1
Downloading: /sciclone/home/tdfelton/SUPERCOMPUTING/assignments/assignment_07/data/dog_reference/dog_reference.zip    163MB 38MB/s
[1A[2K[1A[2KCollecting 1 genome record [================================================] 100% 1/1
Downloading: /sciclone/home/tdfelton/SUPERCOMPUTING/assignments/assignment_07/data/dog_reference/dog_reference.zip    163MB 38MB/s
[1A[2K[1A[2KCollecting 1 genome record [================================================] 100% 1/1
Downloading: /sciclone/home/tdfelton/SUPERCOMPUTING/assignments/assignment_07/data/dog_reference/dog_reference.zip    164MB 38MB/s
[1A[2K[1A[2KCollecting 1 genome record [================================================] 100% 1/1
Downloading: /sciclone/home/tdfelton/SUPERCOMPUTING/assignments/assignment_07/data/dog_reference/dog_reference.zip    164MB 38MB/s
[1A[2K[1A[2KCollecting 1 genome record [================================================] 100% 1/1
Downloading: /sciclone/home/tdfelton/SUPERCOMPUTING/assignments/assignment_07/data/dog_reference/dog_reference.zip    164MB 38MB/s
[1A[2K[1A[2KCollecting 1 genome record [================================================] 100% 1/1
Downloading: /sciclone/home/tdfelton/SUPERCOMPUTING/assignments/assignment_07/data/dog_reference/dog_reference.zip    165MB 38MB/s
[1A[2K[1A[2KCollecting 1 genome record [================================================] 100% 1/1
Downloading: /sciclone/home/tdfelton/SUPERCOMPUTING/assignments/assignment_07/data/dog_reference/dog_reference.zip    165MB 38MB/s
[1A[2K[1A[2KCollecting 1 genome record [================================================] 100% 1/1
Downloading: /sciclone/home/tdfelton/SUPERCOMPUTING/assignments/assignment_07/data/dog_reference/dog_reference.zip    166MB 38MB/s
[1A[2K[1A[2KCollecting 1 genome record [================================================] 100% 1/1
Downloading: /sciclone/home/tdfelton/SUPERCOMPUTING/assignments/assignment_07/data/dog_reference/dog_reference.zip    166MB 38MB/s
[1A[2K[1A[2KCollecting 1 genome record [================================================] 100% 1/1
Downloading: /sciclone/home/tdfelton/SUPERCOMPUTING/assignments/assignment_07/data/dog_reference/dog_reference.zip    166MB 38MB/s
[1A[2K[1A[2KCollecting 1 genome record [================================================] 100% 1/1
Downloading: /sciclone/home/tdfelton/SUPERCOMPUTING/assignments/assignment_07/data/dog_reference/dog_reference.zip    167MB 38MB/s
[1A[2K[1A[2KCollecting 1 genome record [================================================] 100% 1/1
Downloading: /sciclone/home/tdfelton/SUPERCOMPUTING/assignments/assignment_07/data/dog_reference/dog_reference.zip    167MB 38MB/s
[1A[2K[1A[2KCollecting 1 genome record [================================================] 100% 1/1
Downloading: /sciclone/home/tdfelton/SUPERCOMPUTING/assignments/assignment_07/data/dog_reference/dog_reference.zip    168MB 38MB/s
[1A[2K[1A[2KCollecting 1 genome record [================================================] 100% 1/1
Downloading: /sciclone/home/tdfelton/SUPERCOMPUTING/assignments/assignment_07/data/dog_reference/dog_reference.zip    168MB 38MB/s
[1A[2K[1A[2KCollecting 1 genome record [================================================] 100% 1/1
Downloading: /sciclone/home/tdfelton/SUPERCOMPUTING/assignments/assignment_07/data/dog_reference/dog_reference.zip    168MB 38MB/s
[1A[2K[1A[2KCollecting 1 genome record [================================================] 100% 1/1
Downloading: /sciclone/home/tdfelton/SUPERCOMPUTING/assignments/assignment_07/data/dog_reference/dog_reference.zip    169MB 38MB/s
[1A[2K[1A[2KCollecting 1 genome record [================================================] 100% 1/1
Downloading: /sciclone/home/tdfelton/SUPERCOMPUTING/assignments/assignment_07/data/dog_reference/dog_reference.zip    169MB 38MB/s
[1A[2K[1A[2KCollecting 1 genome record [================================================] 100% 1/1
Downloading: /sciclone/home/tdfelton/SUPERCOMPUTING/assignments/assignment_07/data/dog_reference/dog_reference.zip    170MB 38MB/s
[1A[2K[1A[2KCollecting 1 genome record [================================================] 100% 1/1
Downloading: /sciclone/home/tdfelton/SUPERCOMPUTING/assignments/assignment_07/data/dog_reference/dog_reference.zip    170MB 38MB/s
[1A[2K[1A[2KCollecting 1 genome record [================================================] 100% 1/1
Downloading: /sciclone/home/tdfelton/SUPERCOMPUTING/assignments/assignment_07/data/dog_reference/dog_reference.zip    170MB 38MB/s
[1A[2K[1A[2KCollecting 1 genome record [================================================] 100% 1/1
Downloading: /sciclone/home/tdfelton/SUPERCOMPUTING/assignments/assignment_07/data/dog_reference/dog_reference.zip    171MB 38MB/s
[1A[2K[1A[2KCollecting 1 genome record [================================================] 100% 1/1
Downloading: /sciclone/home/tdfelton/SUPERCOMPUTING/assignments/assignment_07/data/dog_reference/dog_reference.zip    171MB 38MB/s
[1A[2K[1A[2KCollecting 1 genome record [================================================] 100% 1/1
Downloading: /sciclone/home/tdfelton/SUPERCOMPUTING/assignments/assignment_07/data/dog_reference/dog_reference.zip    172MB 38MB/s
[1A[2K[1A[2KCollecting 1 genome record [================================================] 100% 1/1
Downloading: /sciclone/home/tdfelton/SUPERCOMPUTING/assignments/assignment_07/data/dog_reference/dog_reference.zip    172MB 38MB/s
[1A[2K[1A[2KCollecting 1 genome record [================================================] 100% 1/1
Downloading: /sciclone/home/tdfelton/SUPERCOMPUTING/assignments/assignment_07/data/dog_reference/dog_reference.zip    172MB 38MB/s
[1A[2K[1A[2KCollecting 1 genome record [================================================] 100% 1/1
Downloading: /sciclone/home/tdfelton/SUPERCOMPUTING/assignments/assignment_07/data/dog_reference/dog_reference.zip    173MB 38MB/s
[1A[2K[1A[2KCollecting 1 genome record [================================================] 100% 1/1
Downloading: /sciclone/home/tdfelton/SUPERCOMPUTING/assignments/assignment_07/data/dog_reference/dog_reference.zip    173MB 38MB/s
[1A[2K[1A[2KCollecting 1 genome record [================================================] 100% 1/1
Downloading: /sciclone/home/tdfelton/SUPERCOMPUTING/assignments/assignment_07/data/dog_reference/dog_reference.zip    174MB 38MB/s
[1A[2K[1A[2KCollecting 1 genome record [================================================] 100% 1/1
Downloading: /sciclone/home/tdfelton/SUPERCOMPUTING/assignments/assignment_07/data/dog_reference/dog_reference.zip    174MB 38MB/s
[1A[2K[1A[2KCollecting 1 genome record [================================================] 100% 1/1
Downloading: /sciclone/home/tdfelton/SUPERCOMPUTING/assignments/assignment_07/data/dog_reference/dog_reference.zip    174MB 38MB/s
[1A[2K[1A[2KCollecting 1 genome record [================================================] 100% 1/1
Downloading: /sciclone/home/tdfelton/SUPERCOMPUTING/assignments/assignment_07/data/dog_reference/dog_reference.zip    175MB 38MB/s
[1A[2K[1A[2KCollecting 1 genome record [================================================] 100% 1/1
Downloading: /sciclone/home/tdfelton/SUPERCOMPUTING/assignments/assignment_07/data/dog_reference/dog_reference.zip    175MB 38MB/s
[1A[2K[1A[2KCollecting 1 genome record [================================================] 100% 1/1
Downloading: /sciclone/home/tdfelton/SUPERCOMPUTING/assignments/assignment_07/data/dog_reference/dog_reference.zip    176MB 38MB/s
[1A[2K[1A[2KCollecting 1 genome record [================================================] 100% 1/1
Downloading: /sciclone/home/tdfelton/SUPERCOMPUTING/assignments/assignment_07/data/dog_reference/dog_reference.zip    176MB 38MB/s
[1A[2K[1A[2KCollecting 1 genome record [================================================] 100% 1/1
Downloading: /sciclone/home/tdfelton/SUPERCOMPUTING/assignments/assignment_07/data/dog_reference/dog_reference.zip    176MB 38MB/s
[1A[2K[1A[2KCollecting 1 genome record [================================================] 100% 1/1
Downloading: /sciclone/home/tdfelton/SUPERCOMPUTING/assignments/assignment_07/data/dog_reference/dog_reference.zip    177MB 38MB/s
[1A[2K[1A[2KCollecting 1 genome record [================================================] 100% 1/1
Downloading: /sciclone/home/tdfelton/SUPERCOMPUTING/assignments/assignment_07/data/dog_reference/dog_reference.zip    177MB 38MB/s
[1A[2K[1A[2KCollecting 1 genome record [================================================] 100% 1/1
Downloading: /sciclone/home/tdfelton/SUPERCOMPUTING/assignments/assignment_07/data/dog_reference/dog_reference.zip    178MB 38MB/s
[1A[2K[1A[2KCollecting 1 genome record [================================================] 100% 1/1
Downloading: /sciclone/home/tdfelton/SUPERCOMPUTING/assignments/assignment_07/data/dog_reference/dog_reference.zip    178MB 38MB/s
[1A[2K[1A[2KCollecting 1 genome record [================================================] 100% 1/1
Downloading: /sciclone/home/tdfelton/SUPERCOMPUTING/assignments/assignment_07/data/dog_reference/dog_reference.zip    178MB 38MB/s
[1A[2K[1A[2KCollecting 1 genome record [================================================] 100% 1/1
Downloading: /sciclone/home/tdfelton/SUPERCOMPUTING/assignments/assignment_07/data/dog_reference/dog_reference.zip    179MB 38MB/s
[1A[2K[1A[2KCollecting 1 genome record [================================================] 100% 1/1
Downloading: /sciclone/home/tdfelton/SUPERCOMPUTING/assignments/assignment_07/data/dog_reference/dog_reference.zip    179MB 38MB/s
[1A[2K[1A[2KCollecting 1 genome record [================================================] 100% 1/1
Downloading: /sciclone/home/tdfelton/SUPERCOMPUTING/assignments/assignment_07/data/dog_reference/dog_reference.zip    179MB 38MB/s
[1A[2K[1A[2KCollecting 1 genome record [================================================] 100% 1/1
Downloading: /sciclone/home/tdfelton/SUPERCOMPUTING/assignments/assignment_07/data/dog_reference/dog_reference.zip    180MB 38MB/s
[1A[2K[1A[2KCollecting 1 genome record [================================================] 100% 1/1
Downloading: /sciclone/home/tdfelton/SUPERCOMPUTING/assignments/assignment_07/data/dog_reference/dog_reference.zip    180MB 38MB/s
[1A[2K[1A[2KCollecting 1 genome record [================================================] 100% 1/1
Downloading: /sciclone/home/tdfelton/SUPERCOMPUTING/assignments/assignment_07/data/dog_reference/dog_reference.zip    181MB 38MB/s
[1A[2K[1A[2KCollecting 1 genome record [================================================] 100% 1/1
Downloading: /sciclone/home/tdfelton/SUPERCOMPUTING/assignments/assignment_07/data/dog_reference/dog_reference.zip    181MB 38MB/s
[1A[2K[1A[2KCollecting 1 genome record [================================================] 100% 1/1
Downloading: /sciclone/home/tdfelton/SUPERCOMPUTING/assignments/assignment_07/data/dog_reference/dog_reference.zip    181MB 38MB/s
[1A[2K[1A[2KCollecting 1 genome record [================================================] 100% 1/1
Downloading: /sciclone/home/tdfelton/SUPERCOMPUTING/assignments/assignment_07/data/dog_reference/dog_reference.zip    182MB 38MB/s
[1A[2K[1A[2KCollecting 1 genome record [================================================] 100% 1/1
Downloading: /sciclone/home/tdfelton/SUPERCOMPUTING/assignments/assignment_07/data/dog_reference/dog_reference.zip    182MB 38MB/s
[1A[2K[1A[2KCollecting 1 genome record [================================================] 100% 1/1
Downloading: /sciclone/home/tdfelton/SUPERCOMPUTING/assignments/assignment_07/data/dog_reference/dog_reference.zip    183MB 38MB/s
[1A[2K[1A[2KCollecting 1 genome record [================================================] 100% 1/1
Downloading: /sciclone/home/tdfelton/SUPERCOMPUTING/assignments/assignment_07/data/dog_reference/dog_reference.zip    183MB 38MB/s
[1A[2K[1A[2KCollecting 1 genome record [================================================] 100% 1/1
Downloading: /sciclone/home/tdfelton/SUPERCOMPUTING/assignments/assignment_07/data/dog_reference/dog_reference.zip    183MB 38MB/s
[1A[2K[1A[2KCollecting 1 genome record [================================================] 100% 1/1
Downloading: /sciclone/home/tdfelton/SUPERCOMPUTING/assignments/assignment_07/data/dog_reference/dog_reference.zip    184MB 38MB/s
[1A[2K[1A[2KCollecting 1 genome record [================================================] 100% 1/1
Downloading: /sciclone/home/tdfelton/SUPERCOMPUTING/assignments/assignment_07/data/dog_reference/dog_reference.zip    184MB 38MB/s
[1A[2K[1A[2KCollecting 1 genome record [================================================] 100% 1/1
Downloading: /sciclone/home/tdfelton/SUPERCOMPUTING/assignments/assignment_07/data/dog_reference/dog_reference.zip    185MB 38MB/s
[1A[2K[1A[2KCollecting 1 genome record [================================================] 100% 1/1
Downloading: /sciclone/home/tdfelton/SUPERCOMPUTING/assignments/assignment_07/data/dog_reference/dog_reference.zip    185MB 38MB/s
[1A[2K[1A[2KCollecting 1 genome record [================================================] 100% 1/1
Downloading: /sciclone/home/tdfelton/SUPERCOMPUTING/assignments/assignment_07/data/dog_reference/dog_reference.zip    185MB 38MB/s
[1A[2K[1A[2KCollecting 1 genome record [================================================] 100% 1/1
Downloading: /sciclone/home/tdfelton/SUPERCOMPUTING/assignments/assignment_07/data/dog_reference/dog_reference.zip    186MB 38MB/s
[1A[2K[1A[2KCollecting 1 genome record [================================================] 100% 1/1
Downloading: /sciclone/home/tdfelton/SUPERCOMPUTING/assignments/assignment_07/data/dog_reference/dog_reference.zip    186MB 38MB/s
[1A[2K[1A[2KCollecting 1 genome record [================================================] 100% 1/1
Downloading: /sciclone/home/tdfelton/SUPERCOMPUTING/assignments/assignment_07/data/dog_reference/dog_reference.zip    187MB 38MB/s
[1A[2K[1A[2KCollecting 1 genome record [================================================] 100% 1/1
Downloading: /sciclone/home/tdfelton/SUPERCOMPUTING/assignments/assignment_07/data/dog_reference/dog_reference.zip    187MB 38MB/s
[1A[2K[1A[2KCollecting 1 genome record [================================================] 100% 1/1
Downloading: /sciclone/home/tdfelton/SUPERCOMPUTING/assignments/assignment_07/data/dog_reference/dog_reference.zip    187MB 38MB/s
[1A[2K[1A[2KCollecting 1 genome record [================================================] 100% 1/1
Downloading: /sciclone/home/tdfelton/SUPERCOMPUTING/assignments/assignment_07/data/dog_reference/dog_reference.zip    188MB 38MB/s
[1A[2K[1A[2KCollecting 1 genome record [================================================] 100% 1/1
Downloading: /sciclone/home/tdfelton/SUPERCOMPUTING/assignments/assignment_07/data/dog_reference/dog_reference.zip    188MB 38MB/s
[1A[2K[1A[2KCollecting 1 genome record [================================================] 100% 1/1
Downloading: /sciclone/home/tdfelton/SUPERCOMPUTING/assignments/assignment_07/data/dog_reference/dog_reference.zip    189MB 38MB/s
[1A[2K[1A[2KCollecting 1 genome record [================================================] 100% 1/1
Downloading: /sciclone/home/tdfelton/SUPERCOMPUTING/assignments/assignment_07/data/dog_reference/dog_reference.zip    189MB 38MB/s
[1A[2K[1A[2KCollecting 1 genome record [================================================] 100% 1/1
Downloading: /sciclone/home/tdfelton/SUPERCOMPUTING/assignments/assignment_07/data/dog_reference/dog_reference.zip    189MB 38MB/s
[1A[2K[1A[2KCollecting 1 genome record [================================================] 100% 1/1
Downloading: /sciclone/home/tdfelton/SUPERCOMPUTING/assignments/assignment_07/data/dog_reference/dog_reference.zip    190MB 38MB/s
[1A[2K[1A[2KCollecting 1 genome record [================================================] 100% 1/1
Downloading: /sciclone/home/tdfelton/SUPERCOMPUTING/assignments/assignment_07/data/dog_reference/dog_reference.zip    190MB 38MB/s
[1A[2K[1A[2KCollecting 1 genome record [================================================] 100% 1/1
Downloading: /sciclone/home/tdfelton/SUPERCOMPUTING/assignments/assignment_07/data/dog_reference/dog_reference.zip    190MB 38MB/s
[1A[2K[1A[2KCollecting 1 genome record [================================================] 100% 1/1
Downloading: /sciclone/home/tdfelton/SUPERCOMPUTING/assignments/assignment_07/data/dog_reference/dog_reference.zip    191MB 38MB/s
[1A[2K[1A[2KCollecting 1 genome record [================================================] 100% 1/1
Downloading: /sciclone/home/tdfelton/SUPERCOMPUTING/assignments/assignment_07/data/dog_reference/dog_reference.zip    191MB 38MB/s
[1A[2K[1A[2KCollecting 1 genome record [================================================] 100% 1/1
Downloading: /sciclone/home/tdfelton/SUPERCOMPUTING/assignments/assignment_07/data/dog_reference/dog_reference.zip    192MB 38.1MB/s
[1A[2K[1A[2KCollecting 1 genome record [================================================] 100% 1/1
Downloading: /sciclone/home/tdfelton/SUPERCOMPUTING/assignments/assignment_07/data/dog_reference/dog_reference.zip    192MB 38MB/s
[1A[2K[1A[2KCollecting 1 genome record [================================================] 100% 1/1
Downloading: /sciclone/home/tdfelton/SUPERCOMPUTING/assignments/assignment_07/data/dog_reference/dog_reference.zip    192MB 38.1MB/s
[1A[2K[1A[2KCollecting 1 genome record [================================================] 100% 1/1
Downloading: /sciclone/home/tdfelton/SUPERCOMPUTING/assignments/assignment_07/data/dog_reference/dog_reference.zip    193MB 38MB/s
[1A[2K[1A[2KCollecting 1 genome record [================================================] 100% 1/1
Downloading: /sciclone/home/tdfelton/SUPERCOMPUTING/assignments/assignment_07/data/dog_reference/dog_reference.zip    193MB 38MB/s
[1A[2K[1A[2KCollecting 1 genome record [================================================] 100% 1/1
Downloading: /sciclone/home/tdfelton/SUPERCOMPUTING/assignments/assignment_07/data/dog_reference/dog_reference.zip    194MB 38.1MB/s
[1A[2K[1A[2KCollecting 1 genome record [================================================] 100% 1/1
Downloading: /sciclone/home/tdfelton/SUPERCOMPUTING/assignments/assignment_07/data/dog_reference/dog_reference.zip    194MB 38.1MB/s
[1A[2K[1A[2KCollecting 1 genome record [================================================] 100% 1/1
Downloading: /sciclone/home/tdfelton/SUPERCOMPUTING/assignments/assignment_07/data/dog_reference/dog_reference.zip    194MB 38.1MB/s
[1A[2K[1A[2KCollecting 1 genome record [================================================] 100% 1/1
Downloading: /sciclone/home/tdfelton/SUPERCOMPUTING/assignments/assignment_07/data/dog_reference/dog_reference.zip    195MB 38.1MB/s
[1A[2K[1A[2KCollecting 1 genome record [================================================] 100% 1/1
Downloading: /sciclone/home/tdfelton/SUPERCOMPUTING/assignments/assignment_07/data/dog_reference/dog_reference.zip    195MB 38.1MB/s
[1A[2K[1A[2KCollecting 1 genome record [================================================] 100% 1/1
Downloading: /sciclone/home/tdfelton/SUPERCOMPUTING/assignments/assignment_07/data/dog_reference/dog_reference.zip    196MB 38.1MB/s
[1A[2K[1A[2KCollecting 1 genome record [================================================] 100% 1/1
Downloading: /sciclone/home/tdfelton/SUPERCOMPUTING/assignments/assignment_07/data/dog_reference/dog_reference.zip    196MB 38.1MB/s
[1A[2K[1A[2KCollecting 1 genome record [================================================] 100% 1/1
Downloading: /sciclone/home/tdfelton/SUPERCOMPUTING/assignments/assignment_07/data/dog_reference/dog_reference.zip    196MB 38.1MB/s
[1A[2K[1A[2KCollecting 1 genome record [================================================] 100% 1/1
Downloading: /sciclone/home/tdfelton/SUPERCOMPUTING/assignments/assignment_07/data/dog_reference/dog_reference.zip    197MB 38.1MB/s
[1A[2K[1A[2KCollecting 1 genome record [================================================] 100% 1/1
Downloading: /sciclone/home/tdfelton/SUPERCOMPUTING/assignments/assignment_07/data/dog_reference/dog_reference.zip    197MB 38.1MB/s
[1A[2K[1A[2KCollecting 1 genome record [================================================] 100% 1/1
Downloading: /sciclone/home/tdfelton/SUPERCOMPUTING/assignments/assignment_07/data/dog_reference/dog_reference.zip    198MB 38.1MB/s
[1A[2K[1A[2KCollecting 1 genome record [================================================] 100% 1/1
Downloading: /sciclone/home/tdfelton/SUPERCOMPUTING/assignments/assignment_07/data/dog_reference/dog_reference.zip    198MB 38.1MB/s
[1A[2K[1A[2KCollecting 1 genome record [================================================] 100% 1/1
Downloading: /sciclone/home/tdfelton/SUPERCOMPUTING/assignments/assignment_07/data/dog_reference/dog_reference.zip    198MB 38.1MB/s
[1A[2K[1A[2KCollecting 1 genome record [================================================] 100% 1/1
Downloading: /sciclone/home/tdfelton/SUPERCOMPUTING/assignments/assignment_07/data/dog_reference/dog_reference.zip    199MB 38.1MB/s
[1A[2K[1A[2KCollecting 1 genome record [================================================] 100% 1/1
Downloading: /sciclone/home/tdfelton/SUPERCOMPUTING/assignments/assignment_07/data/dog_reference/dog_reference.zip    199MB 38.1MB/s
[1A[2K[1A[2KCollecting 1 genome record [================================================] 100% 1/1
Downloading: /sciclone/home/tdfelton/SUPERCOMPUTING/assignments/assignment_07/data/dog_reference/dog_reference.zip    200MB 38.1MB/s
[1A[2K[1A[2KCollecting 1 genome record [================================================] 100% 1/1
Downloading: /sciclone/home/tdfelton/SUPERCOMPUTING/assignments/assignment_07/data/dog_reference/dog_reference.zip    200MB 38.1MB/s
[1A[2K[1A[2KCollecting 1 genome record [================================================] 100% 1/1
Downloading: /sciclone/home/tdfelton/SUPERCOMPUTING/assignments/assignment_07/data/dog_reference/dog_reference.zip    200MB 38.1MB/s
[1A[2K[1A[2KCollecting 1 genome record [================================================] 100% 1/1
Downloading: /sciclone/home/tdfelton/SUPERCOMPUTING/assignments/assignment_07/data/dog_reference/dog_reference.zip    201MB 38.1MB/s
[1A[2K[1A[2KCollecting 1 genome record [================================================] 100% 1/1
Downloading: /sciclone/home/tdfelton/SUPERCOMPUTING/assignments/assignment_07/data/dog_reference/dog_reference.zip    201MB 38.1MB/s
[1A[2K[1A[2KCollecting 1 genome record [================================================] 100% 1/1
Downloading: /sciclone/home/tdfelton/SUPERCOMPUTING/assignments/assignment_07/data/dog_reference/dog_reference.zip    202MB 38.1MB/s
[1A[2K[1A[2KCollecting 1 genome record [================================================] 100% 1/1
Downloading: /sciclone/home/tdfelton/SUPERCOMPUTING/assignments/assignment_07/data/dog_reference/dog_reference.zip    202MB 38.1MB/s
[1A[2K[1A[2KCollecting 1 genome record [================================================] 100% 1/1
Downloading: /sciclone/home/tdfelton/SUPERCOMPUTING/assignments/assignment_07/data/dog_reference/dog_reference.zip    202MB 38.1MB/s
[1A[2K[1A[2KCollecting 1 genome record [================================================] 100% 1/1
Downloading: /sciclone/home/tdfelton/SUPERCOMPUTING/assignments/assignment_07/data/dog_reference/dog_reference.zip    203MB 38.1MB/s
[1A[2K[1A[2KCollecting 1 genome record [================================================] 100% 1/1
Downloading: /sciclone/home/tdfelton/SUPERCOMPUTING/assignments/assignment_07/data/dog_reference/dog_reference.zip    203MB 38.1MB/s
[1A[2K[1A[2KCollecting 1 genome record [================================================] 100% 1/1
Downloading: /sciclone/home/tdfelton/SUPERCOMPUTING/assignments/assignment_07/data/dog_reference/dog_reference.zip    203MB 38.1MB/s
[1A[2K[1A[2KCollecting 1 genome record [================================================] 100% 1/1
Downloading: /sciclone/home/tdfelton/SUPERCOMPUTING/assignments/assignment_07/data/dog_reference/dog_reference.zip    204MB 38.1MB/s
[1A[2K[1A[2KCollecting 1 genome record [================================================] 100% 1/1
Downloading: /sciclone/home/tdfelton/SUPERCOMPUTING/assignments/assignment_07/data/dog_reference/dog_reference.zip    204MB 38.1MB/s
[1A[2K[1A[2KCollecting 1 genome record [================================================] 100% 1/1
Downloading: /sciclone/home/tdfelton/SUPERCOMPUTING/assignments/assignment_07/data/dog_reference/dog_reference.zip    205MB 38.1MB/s
[1A[2K[1A[2KCollecting 1 genome record [================================================] 100% 1/1
Downloading: /sciclone/home/tdfelton/SUPERCOMPUTING/assignments/assignment_07/data/dog_reference/dog_reference.zip    205MB 38.1MB/s
[1A[2K[1A[2KCollecting 1 genome record [================================================] 100% 1/1
Downloading: /sciclone/home/tdfelton/SUPERCOMPUTING/assignments/assignment_07/data/dog_reference/dog_reference.zip    205MB 38.1MB/s
[1A[2K[1A[2KCollecting 1 genome record [================================================] 100% 1/1
Downloading: /sciclone/home/tdfelton/SUPERCOMPUTING/assignments/assignment_07/data/dog_reference/dog_reference.zip    206MB 38.1MB/s
[1A[2K[1A[2KCollecting 1 genome record [================================================] 100% 1/1
Downloading: /sciclone/home/tdfelton/SUPERCOMPUTING/assignments/assignment_07/data/dog_reference/dog_reference.zip    206MB 38.1MB/s
[1A[2K[1A[2KCollecting 1 genome record [================================================] 100% 1/1
Downloading: /sciclone/home/tdfelton/SUPERCOMPUTING/assignments/assignment_07/data/dog_reference/dog_reference.zip    207MB 38.1MB/s
[1A[2K[1A[2KCollecting 1 genome record [================================================] 100% 1/1
Downloading: /sciclone/home/tdfelton/SUPERCOMPUTING/assignments/assignment_07/data/dog_reference/dog_reference.zip    207MB 38.1MB/s
[1A[2K[1A[2KCollecting 1 genome record [================================================] 100% 1/1
Downloading: /sciclone/home/tdfelton/SUPERCOMPUTING/assignments/assignment_07/data/dog_reference/dog_reference.zip    207MB 38.1MB/s
[1A[2K[1A[2KCollecting 1 genome record [================================================] 100% 1/1
Downloading: /sciclone/home/tdfelton/SUPERCOMPUTING/assignments/assignment_07/data/dog_reference/dog_reference.zip    208MB 38.1MB/s
[1A[2K[1A[2KCollecting 1 genome record [================================================] 100% 1/1
Downloading: /sciclone/home/tdfelton/SUPERCOMPUTING/assignments/assignment_07/data/dog_reference/dog_reference.zip    208MB 38.1MB/s
[1A[2K[1A[2KCollecting 1 genome record [================================================] 100% 1/1
Downloading: /sciclone/home/tdfelton/SUPERCOMPUTING/assignments/assignment_07/data/dog_reference/dog_reference.zip    209MB 38.1MB/s
[1A[2K[1A[2KCollecting 1 genome record [================================================] 100% 1/1
Downloading: /sciclone/home/tdfelton/SUPERCOMPUTING/assignments/assignment_07/data/dog_reference/dog_reference.zip    209MB 38.1MB/s
[1A[2K[1A[2KCollecting 1 genome record [================================================] 100% 1/1
Downloading: /sciclone/home/tdfelton/SUPERCOMPUTING/assignments/assignment_07/data/dog_reference/dog_reference.zip    209MB 38.1MB/s
[1A[2K[1A[2KCollecting 1 genome record [================================================] 100% 1/1
Downloading: /sciclone/home/tdfelton/SUPERCOMPUTING/assignments/assignment_07/data/dog_reference/dog_reference.zip    210MB 38.1MB/s
[1A[2K[1A[2KCollecting 1 genome record [================================================] 100% 1/1
Downloading: /sciclone/home/tdfelton/SUPERCOMPUTING/assignments/assignment_07/data/dog_reference/dog_reference.zip    210MB 38.1MB/s
[1A[2K[1A[2KCollecting 1 genome record [================================================] 100% 1/1
Downloading: /sciclone/home/tdfelton/SUPERCOMPUTING/assignments/assignment_07/data/dog_reference/dog_reference.zip    211MB 38.1MB/s
[1A[2K[1A[2KCollecting 1 genome record [================================================] 100% 1/1
Downloading: /sciclone/home/tdfelton/SUPERCOMPUTING/assignments/assignment_07/data/dog_reference/dog_reference.zip    211MB 38.1MB/s
[1A[2K[1A[2KCollecting 1 genome record [================================================] 100% 1/1
Downloading: /sciclone/home/tdfelton/SUPERCOMPUTING/assignments/assignment_07/data/dog_reference/dog_reference.zip    211MB 38.1MB/s
[1A[2K[1A[2KCollecting 1 genome record [================================================] 100% 1/1
Downloading: /sciclone/home/tdfelton/SUPERCOMPUTING/assignments/assignment_07/data/dog_reference/dog_reference.zip    212MB 38.1MB/s
[1A[2K[1A[2KCollecting 1 genome record [================================================] 100% 1/1
Downloading: /sciclone/home/tdfelton/SUPERCOMPUTING/assignments/assignment_07/data/dog_reference/dog_reference.zip    212MB 38.1MB/s
[1A[2K[1A[2KCollecting 1 genome record [================================================] 100% 1/1
Downloading: /sciclone/home/tdfelton/SUPERCOMPUTING/assignments/assignment_07/data/dog_reference/dog_reference.zip    213MB 38.1MB/s
[1A[2K[1A[2KCollecting 1 genome record [================================================] 100% 1/1
Downloading: /sciclone/home/tdfelton/SUPERCOMPUTING/assignments/assignment_07/data/dog_reference/dog_reference.zip    213MB 38.1MB/s
[1A[2K[1A[2KCollecting 1 genome record [================================================] 100% 1/1
Downloading: /sciclone/home/tdfelton/SUPERCOMPUTING/assignments/assignment_07/data/dog_reference/dog_reference.zip    213MB 38.1MB/s
[1A[2K[1A[2KCollecting 1 genome record [================================================] 100% 1/1
Downloading: /sciclone/home/tdfelton/SUPERCOMPUTING/assignments/assignment_07/data/dog_reference/dog_reference.zip    214MB 38.1MB/s
[1A[2K[1A[2KCollecting 1 genome record [================================================] 100% 1/1
Downloading: /sciclone/home/tdfelton/SUPERCOMPUTING/assignments/assignment_07/data/dog_reference/dog_reference.zip    214MB 38.1MB/s
[1A[2K[1A[2KCollecting 1 genome record [================================================] 100% 1/1
Downloading: /sciclone/home/tdfelton/SUPERCOMPUTING/assignments/assignment_07/data/dog_reference/dog_reference.zip    214MB 38.1MB/s
[1A[2K[1A[2KCollecting 1 genome record [================================================] 100% 1/1
Downloading: /sciclone/home/tdfelton/SUPERCOMPUTING/assignments/assignment_07/data/dog_reference/dog_reference.zip    215MB 38.1MB/s
[1A[2K[1A[2KCollecting 1 genome record [================================================] 100% 1/1
Downloading: /sciclone/home/tdfelton/SUPERCOMPUTING/assignments/assignment_07/data/dog_reference/dog_reference.zip    215MB 38.1MB/s
[1A[2K[1A[2KCollecting 1 genome record [================================================] 100% 1/1
Downloading: /sciclone/home/tdfelton/SUPERCOMPUTING/assignments/assignment_07/data/dog_reference/dog_reference.zip    216MB 38.1MB/s
[1A[2K[1A[2KCollecting 1 genome record [================================================] 100% 1/1
Downloading: /sciclone/home/tdfelton/SUPERCOMPUTING/assignments/assignment_07/data/dog_reference/dog_reference.zip    216MB 38.1MB/s
[1A[2K[1A[2KCollecting 1 genome record [================================================] 100% 1/1
Downloading: /sciclone/home/tdfelton/SUPERCOMPUTING/assignments/assignment_07/data/dog_reference/dog_reference.zip    216MB 38.1MB/s
[1A[2K[1A[2KCollecting 1 genome record [================================================] 100% 1/1
Downloading: /sciclone/home/tdfelton/SUPERCOMPUTING/assignments/assignment_07/data/dog_reference/dog_reference.zip    217MB 38.1MB/s
[1A[2K[1A[2KCollecting 1 genome record [================================================] 100% 1/1
Downloading: /sciclone/home/tdfelton/SUPERCOMPUTING/assignments/assignment_07/data/dog_reference/dog_reference.zip    217MB 38.1MB/s
[1A[2K[1A[2KCollecting 1 genome record [================================================] 100% 1/1
Downloading: /sciclone/home/tdfelton/SUPERCOMPUTING/assignments/assignment_07/data/dog_reference/dog_reference.zip    218MB 38.1MB/s
[1A[2K[1A[2KCollecting 1 genome record [================================================] 100% 1/1
Downloading: /sciclone/home/tdfelton/SUPERCOMPUTING/assignments/assignment_07/data/dog_reference/dog_reference.zip    218MB 38.1MB/s
[1A[2K[1A[2KCollecting 1 genome record [================================================] 100% 1/1
Downloading: /sciclone/home/tdfelton/SUPERCOMPUTING/assignments/assignment_07/data/dog_reference/dog_reference.zip    218MB 38.1MB/s
[1A[2K[1A[2KCollecting 1 genome record [================================================] 100% 1/1
Downloading: /sciclone/home/tdfelton/SUPERCOMPUTING/assignments/assignment_07/data/dog_reference/dog_reference.zip    219MB 38.1MB/s
[1A[2K[1A[2KCollecting 1 genome record [================================================] 100% 1/1
Downloading: /sciclone/home/tdfelton/SUPERCOMPUTING/assignments/assignment_07/data/dog_reference/dog_reference.zip    219MB 38.1MB/s
[1A[2K[1A[2KCollecting 1 genome record [================================================] 100% 1/1
Downloading: /sciclone/home/tdfelton/SUPERCOMPUTING/assignments/assignment_07/data/dog_reference/dog_reference.zip    220MB 38.1MB/s
[1A[2K[1A[2KCollecting 1 genome record [================================================] 100% 1/1
Downloading: /sciclone/home/tdfelton/SUPERCOMPUTING/assignments/assignment_07/data/dog_reference/dog_reference.zip    220MB 38.1MB/s
[1A[2K[1A[2KCollecting 1 genome record [================================================] 100% 1/1
Downloading: /sciclone/home/tdfelton/SUPERCOMPUTING/assignments/assignment_07/data/dog_reference/dog_reference.zip    220MB 38.1MB/s
[1A[2K[1A[2KCollecting 1 genome record [================================================] 100% 1/1
Downloading: /sciclone/home/tdfelton/SUPERCOMPUTING/assignments/assignment_07/data/dog_reference/dog_reference.zip    221MB 38.1MB/s
[1A[2K[1A[2KCollecting 1 genome record [================================================] 100% 1/1
Downloading: /sciclone/home/tdfelton/SUPERCOMPUTING/assignments/assignment_07/data/dog_reference/dog_reference.zip    221MB 38.1MB/s
[1A[2K[1A[2KCollecting 1 genome record [================================================] 100% 1/1
Downloading: /sciclone/home/tdfelton/SUPERCOMPUTING/assignments/assignment_07/data/dog_reference/dog_reference.zip    222MB 38.1MB/s
[1A[2K[1A[2KCollecting 1 genome record [================================================] 100% 1/1
Downloading: /sciclone/home/tdfelton/SUPERCOMPUTING/assignments/assignment_07/data/dog_reference/dog_reference.zip    222MB 38.1MB/s
[1A[2K[1A[2KCollecting 1 genome record [================================================] 100% 1/1
Downloading: /sciclone/home/tdfelton/SUPERCOMPUTING/assignments/assignment_07/data/dog_reference/dog_reference.zip    222MB 38.1MB/s
[1A[2K[1A[2KCollecting 1 genome record [================================================] 100% 1/1
Downloading: /sciclone/home/tdfelton/SUPERCOMPUTING/assignments/assignment_07/data/dog_reference/dog_reference.zip    223MB 38.1MB/s
[1A[2K[1A[2KCollecting 1 genome record [================================================] 100% 1/1
Downloading: /sciclone/home/tdfelton/SUPERCOMPUTING/assignments/assignment_07/data/dog_reference/dog_reference.zip    223MB 38.1MB/s
[1A[2K[1A[2KCollecting 1 genome record [================================================] 100% 1/1
Downloading: /sciclone/home/tdfelton/SUPERCOMPUTING/assignments/assignment_07/data/dog_reference/dog_reference.zip    223MB 38.1MB/s
[1A[2K[1A[2KCollecting 1 genome record [================================================] 100% 1/1
Downloading: /sciclone/home/tdfelton/SUPERCOMPUTING/assignments/assignment_07/data/dog_reference/dog_reference.zip    224MB 38.1MB/s
[1A[2K[1A[2KCollecting 1 genome record [================================================] 100% 1/1
Downloading: /sciclone/home/tdfelton/SUPERCOMPUTING/assignments/assignment_07/data/dog_reference/dog_reference.zip    224MB 38.1MB/s
[1A[2K[1A[2KCollecting 1 genome record [================================================] 100% 1/1
Downloading: /sciclone/home/tdfelton/SUPERCOMPUTING/assignments/assignment_07/data/dog_reference/dog_reference.zip    225MB 38.1MB/s
[1A[2K[1A[2KCollecting 1 genome record [================================================] 100% 1/1
Downloading: /sciclone/home/tdfelton/SUPERCOMPUTING/assignments/assignment_07/data/dog_reference/dog_reference.zip    225MB 38.1MB/s
[1A[2K[1A[2KCollecting 1 genome record [================================================] 100% 1/1
Downloading: /sciclone/home/tdfelton/SUPERCOMPUTING/assignments/assignment_07/data/dog_reference/dog_reference.zip    225MB 38.1MB/s
[1A[2K[1A[2KCollecting 1 genome record [================================================] 100% 1/1
Downloading: /sciclone/home/tdfelton/SUPERCOMPUTING/assignments/assignment_07/data/dog_reference/dog_reference.zip    226MB 38.1MB/s
[1A[2K[1A[2KCollecting 1 genome record [================================================] 100% 1/1
Downloading: /sciclone/home/tdfelton/SUPERCOMPUTING/assignments/assignment_07/data/dog_reference/dog_reference.zip    226MB 38.1MB/s
[1A[2K[1A[2KCollecting 1 genome record [================================================] 100% 1/1
Downloading: /sciclone/home/tdfelton/SUPERCOMPUTING/assignments/assignment_07/data/dog_reference/dog_reference.zip    226MB 38.1MB/s
[1A[2K[1A[2KCollecting 1 genome record [================================================] 100% 1/1
Downloading: /sciclone/home/tdfelton/SUPERCOMPUTING/assignments/assignment_07/data/dog_reference/dog_reference.zip    227MB 38.1MB/s
[1A[2K[1A[2KCollecting 1 genome record [================================================] 100% 1/1
Downloading: /sciclone/home/tdfelton/SUPERCOMPUTING/assignments/assignment_07/data/dog_reference/dog_reference.zip    227MB 38.1MB/s
[1A[2K[1A[2KCollecting 1 genome record [================================================] 100% 1/1
Downloading: /sciclone/home/tdfelton/SUPERCOMPUTING/assignments/assignment_07/data/dog_reference/dog_reference.zip    228MB 38.1MB/s
[1A[2K[1A[2KCollecting 1 genome record [================================================] 100% 1/1
Downloading: /sciclone/home/tdfelton/SUPERCOMPUTING/assignments/assignment_07/data/dog_reference/dog_reference.zip    228MB 38.1MB/s
[1A[2K[1A[2KCollecting 1 genome record [================================================] 100% 1/1
Downloading: /sciclone/home/tdfelton/SUPERCOMPUTING/assignments/assignment_07/data/dog_reference/dog_reference.zip    228MB 38.1MB/s
[1A[2K[1A[2KCollecting 1 genome record [================================================] 100% 1/1
Downloading: /sciclone/home/tdfelton/SUPERCOMPUTING/assignments/assignment_07/data/dog_reference/dog_reference.zip    229MB 38.1MB/s
[1A[2K[1A[2KCollecting 1 genome record [================================================] 100% 1/1
Downloading: /sciclone/home/tdfelton/SUPERCOMPUTING/assignments/assignment_07/data/dog_reference/dog_reference.zip    229MB 38.1MB/s
[1A[2K[1A[2KCollecting 1 genome record [================================================] 100% 1/1
Downloading: /sciclone/home/tdfelton/SUPERCOMPUTING/assignments/assignment_07/data/dog_reference/dog_reference.zip    230MB 38.1MB/s
[1A[2K[1A[2KCollecting 1 genome record [================================================] 100% 1/1
Downloading: /sciclone/home/tdfelton/SUPERCOMPUTING/assignments/assignment_07/data/dog_reference/dog_reference.zip    230MB 38.1MB/s
[1A[2K[1A[2KCollecting 1 genome record [================================================] 100% 1/1
Downloading: /sciclone/home/tdfelton/SUPERCOMPUTING/assignments/assignment_07/data/dog_reference/dog_reference.zip    230MB 38.1MB/s
[1A[2K[1A[2KCollecting 1 genome record [================================================] 100% 1/1
Downloading: /sciclone/home/tdfelton/SUPERCOMPUTING/assignments/assignment_07/data/dog_reference/dog_reference.zip    231MB 38.1MB/s
[1A[2K[1A[2KCollecting 1 genome record [================================================] 100% 1/1
Downloading: /sciclone/home/tdfelton/SUPERCOMPUTING/assignments/assignment_07/data/dog_reference/dog_reference.zip    231MB 38.1MB/s
[1A[2K[1A[2KCollecting 1 genome record [================================================] 100% 1/1
Downloading: /sciclone/home/tdfelton/SUPERCOMPUTING/assignments/assignment_07/data/dog_reference/dog_reference.zip    232MB 38.1MB/s
[1A[2K[1A[2KCollecting 1 genome record [================================================] 100% 1/1
Downloading: /sciclone/home/tdfelton/SUPERCOMPUTING/assignments/assignment_07/data/dog_reference/dog_reference.zip    232MB 38.1MB/s
[1A[2K[1A[2KCollecting 1 genome record [================================================] 100% 1/1
Downloading: /sciclone/home/tdfelton/SUPERCOMPUTING/assignments/assignment_07/data/dog_reference/dog_reference.zip    232MB 38.1MB/s
[1A[2K[1A[2KCollecting 1 genome record [================================================] 100% 1/1
Downloading: /sciclone/home/tdfelton/SUPERCOMPUTING/assignments/assignment_07/data/dog_reference/dog_reference.zip    233MB 38.1MB/s
[1A[2K[1A[2KCollecting 1 genome record [================================================] 100% 1/1
Downloading: /sciclone/home/tdfelton/SUPERCOMPUTING/assignments/assignment_07/data/dog_reference/dog_reference.zip    233MB 38.1MB/s
[1A[2K[1A[2KCollecting 1 genome record [================================================] 100% 1/1
Downloading: /sciclone/home/tdfelton/SUPERCOMPUTING/assignments/assignment_07/data/dog_reference/dog_reference.zip    234MB 38.1MB/s
[1A[2K[1A[2KCollecting 1 genome record [================================================] 100% 1/1
Downloading: /sciclone/home/tdfelton/SUPERCOMPUTING/assignments/assignment_07/data/dog_reference/dog_reference.zip    234MB 38.1MB/s
[1A[2K[1A[2KCollecting 1 genome record [================================================] 100% 1/1
Downloading: /sciclone/home/tdfelton/SUPERCOMPUTING/assignments/assignment_07/data/dog_reference/dog_reference.zip    234MB 38.1MB/s
[1A[2K[1A[2KCollecting 1 genome record [================================================] 100% 1/1
Downloading: /sciclone/home/tdfelton/SUPERCOMPUTING/assignments/assignment_07/data/dog_reference/dog_reference.zip    235MB 38.1MB/s
[1A[2K[1A[2KCollecting 1 genome record [================================================] 100% 1/1
Downloading: /sciclone/home/tdfelton/SUPERCOMPUTING/assignments/assignment_07/data/dog_reference/dog_reference.zip    235MB 38.1MB/s
[1A[2K[1A[2KCollecting 1 genome record [================================================] 100% 1/1
Downloading: /sciclone/home/tdfelton/SUPERCOMPUTING/assignments/assignment_07/data/dog_reference/dog_reference.zip    236MB 38.1MB/s
[1A[2K[1A[2KCollecting 1 genome record [================================================] 100% 1/1
Downloading: /sciclone/home/tdfelton/SUPERCOMPUTING/assignments/assignment_07/data/dog_reference/dog_reference.zip    236MB 38.1MB/s
[1A[2K[1A[2KCollecting 1 genome record [================================================] 100% 1/1
Downloading: /sciclone/home/tdfelton/SUPERCOMPUTING/assignments/assignment_07/data/dog_reference/dog_reference.zip    236MB 38.1MB/s
[1A[2K[1A[2KCollecting 1 genome record [================================================] 100% 1/1
Downloading: /sciclone/home/tdfelton/SUPERCOMPUTING/assignments/assignment_07/data/dog_reference/dog_reference.zip    237MB 38.1MB/s
[1A[2K[1A[2KCollecting 1 genome record [================================================] 100% 1/1
Downloading: /sciclone/home/tdfelton/SUPERCOMPUTING/assignments/assignment_07/data/dog_reference/dog_reference.zip    237MB 38.1MB/s
[1A[2K[1A[2KCollecting 1 genome record [================================================] 100% 1/1
Downloading: /sciclone/home/tdfelton/SUPERCOMPUTING/assignments/assignment_07/data/dog_reference/dog_reference.zip    237MB 38.1MB/s
[1A[2K[1A[2KCollecting 1 genome record [================================================] 100% 1/1
Downloading: /sciclone/home/tdfelton/SUPERCOMPUTING/assignments/assignment_07/data/dog_reference/dog_reference.zip    238MB 38.1MB/s
[1A[2K[1A[2KCollecting 1 genome record [================================================] 100% 1/1
Downloading: /sciclone/home/tdfelton/SUPERCOMPUTING/assignments/assignment_07/data/dog_reference/dog_reference.zip    238MB 38.1MB/s
[1A[2K[1A[2KCollecting 1 genome record [================================================] 100% 1/1
Downloading: /sciclone/home/tdfelton/SUPERCOMPUTING/assignments/assignment_07/data/dog_reference/dog_reference.zip    239MB 38.1MB/s
[1A[2K[1A[2KCollecting 1 genome record [================================================] 100% 1/1
Downloading: /sciclone/home/tdfelton/SUPERCOMPUTING/assignments/assignment_07/data/dog_reference/dog_reference.zip    239MB 38.1MB/s
[1A[2K[1A[2KCollecting 1 genome record [================================================] 100% 1/1
Downloading: /sciclone/home/tdfelton/SUPERCOMPUTING/assignments/assignment_07/data/dog_reference/dog_reference.zip    239MB 38.1MB/s
[1A[2K[1A[2KCollecting 1 genome record [================================================] 100% 1/1
Downloading: /sciclone/home/tdfelton/SUPERCOMPUTING/assignments/assignment_07/data/dog_reference/dog_reference.zip    240MB 38.1MB/s
[1A[2K[1A[2KCollecting 1 genome record [================================================] 100% 1/1
Downloading: /sciclone/home/tdfelton/SUPERCOMPUTING/assignments/assignment_07/data/dog_reference/dog_reference.zip    240MB 38.1MB/s
[1A[2K[1A[2KCollecting 1 genome record [================================================] 100% 1/1
Downloading: /sciclone/home/tdfelton/SUPERCOMPUTING/assignments/assignment_07/data/dog_reference/dog_reference.zip    241MB 38.1MB/s
[1A[2K[1A[2KCollecting 1 genome record [================================================] 100% 1/1
Downloading: /sciclone/home/tdfelton/SUPERCOMPUTING/assignments/assignment_07/data/dog_reference/dog_reference.zip    241MB 38.1MB/s
[1A[2K[1A[2KCollecting 1 genome record [================================================] 100% 1/1
Downloading: /sciclone/home/tdfelton/SUPERCOMPUTING/assignments/assignment_07/data/dog_reference/dog_reference.zip    241MB 38.1MB/s
[1A[2K[1A[2KCollecting 1 genome record [================================================] 100% 1/1
Downloading: /sciclone/home/tdfelton/SUPERCOMPUTING/assignments/assignment_07/data/dog_reference/dog_reference.zip    242MB 38.1MB/s
[1A[2K[1A[2KCollecting 1 genome record [================================================] 100% 1/1
Downloading: /sciclone/home/tdfelton/SUPERCOMPUTING/assignments/assignment_07/data/dog_reference/dog_reference.zip    242MB 38.1MB/s
[1A[2K[1A[2KCollecting 1 genome record [================================================] 100% 1/1
Downloading: /sciclone/home/tdfelton/SUPERCOMPUTING/assignments/assignment_07/data/dog_reference/dog_reference.zip    243MB 38.1MB/s
[1A[2K[1A[2KCollecting 1 genome record [================================================] 100% 1/1
Downloading: /sciclone/home/tdfelton/SUPERCOMPUTING/assignments/assignment_07/data/dog_reference/dog_reference.zip    243MB 38.1MB/s
[1A[2K[1A[2KCollecting 1 genome record [================================================] 100% 1/1
Downloading: /sciclone/home/tdfelton/SUPERCOMPUTING/assignments/assignment_07/data/dog_reference/dog_reference.zip    243MB 38.1MB/s
[1A[2K[1A[2KCollecting 1 genome record [================================================] 100% 1/1
Downloading: /sciclone/home/tdfelton/SUPERCOMPUTING/assignments/assignment_07/data/dog_reference/dog_reference.zip    244MB 38.1MB/s
[1A[2K[1A[2KCollecting 1 genome record [================================================] 100% 1/1
Downloading: /sciclone/home/tdfelton/SUPERCOMPUTING/assignments/assignment_07/data/dog_reference/dog_reference.zip    244MB 38.1MB/s
[1A[2K[1A[2KCollecting 1 genome record [================================================] 100% 1/1
Downloading: /sciclone/home/tdfelton/SUPERCOMPUTING/assignments/assignment_07/data/dog_reference/dog_reference.zip    245MB 38.1MB/s
[1A[2K[1A[2KCollecting 1 genome record [================================================] 100% 1/1
Downloading: /sciclone/home/tdfelton/SUPERCOMPUTING/assignments/assignment_07/data/dog_reference/dog_reference.zip    245MB 38.1MB/s
[1A[2K[1A[2KCollecting 1 genome record [================================================] 100% 1/1
Downloading: /sciclone/home/tdfelton/SUPERCOMPUTING/assignments/assignment_07/data/dog_reference/dog_reference.zip    245MB 38.1MB/s
[1A[2K[1A[2KCollecting 1 genome record [================================================] 100% 1/1
Downloading: /sciclone/home/tdfelton/SUPERCOMPUTING/assignments/assignment_07/data/dog_reference/dog_reference.zip    246MB 38.1MB/s
[1A[2K[1A[2KCollecting 1 genome record [================================================] 100% 1/1
Downloading: /sciclone/home/tdfelton/SUPERCOMPUTING/assignments/assignment_07/data/dog_reference/dog_reference.zip    246MB 38.1MB/s
[1A[2K[1A[2KCollecting 1 genome record [================================================] 100% 1/1
Downloading: /sciclone/home/tdfelton/SUPERCOMPUTING/assignments/assignment_07/data/dog_reference/dog_reference.zip    247MB 38.1MB/s
[1A[2K[1A[2KCollecting 1 genome record [================================================] 100% 1/1
Downloading: /sciclone/home/tdfelton/SUPERCOMPUTING/assignments/assignment_07/data/dog_reference/dog_reference.zip    247MB 38.1MB/s
[1A[2K[1A[2KCollecting 1 genome record [================================================] 100% 1/1
Downloading: /sciclone/home/tdfelton/SUPERCOMPUTING/assignments/assignment_07/data/dog_reference/dog_reference.zip    247MB 38.1MB/s
[1A[2K[1A[2KCollecting 1 genome record [================================================] 100% 1/1
Downloading: /sciclone/home/tdfelton/SUPERCOMPUTING/assignments/assignment_07/data/dog_reference/dog_reference.zip    248MB 38.1MB/s
[1A[2K[1A[2KCollecting 1 genome record [================================================] 100% 1/1
Downloading: /sciclone/home/tdfelton/SUPERCOMPUTING/assignments/assignment_07/data/dog_reference/dog_reference.zip    248MB 38.1MB/s
[1A[2K[1A[2KCollecting 1 genome record [================================================] 100% 1/1
Downloading: /sciclone/home/tdfelton/SUPERCOMPUTING/assignments/assignment_07/data/dog_reference/dog_reference.zip    248MB 38.1MB/s
[1A[2K[1A[2KCollecting 1 genome record [================================================] 100% 1/1
Downloading: /sciclone/home/tdfelton/SUPERCOMPUTING/assignments/assignment_07/data/dog_reference/dog_reference.zip    249MB 38.1MB/s
[1A[2K[1A[2KCollecting 1 genome record [================================================] 100% 1/1
Downloading: /sciclone/home/tdfelton/SUPERCOMPUTING/assignments/assignment_07/data/dog_reference/dog_reference.zip    249MB 38.1MB/s
[1A[2K[1A[2KCollecting 1 genome record [================================================] 100% 1/1
Downloading: /sciclone/home/tdfelton/SUPERCOMPUTING/assignments/assignment_07/data/dog_reference/dog_reference.zip    250MB 38.1MB/s
[1A[2K[1A[2KCollecting 1 genome record [================================================] 100% 1/1
Downloading: /sciclone/home/tdfelton/SUPERCOMPUTING/assignments/assignment_07/data/dog_reference/dog_reference.zip    250MB 38.1MB/s
[1A[2K[1A[2KCollecting 1 genome record [================================================] 100% 1/1
Downloading: /sciclone/home/tdfelton/SUPERCOMPUTING/assignments/assignment_07/data/dog_reference/dog_reference.zip    250MB 38.1MB/s
[1A[2K[1A[2KCollecting 1 genome record [================================================] 100% 1/1
Downloading: /sciclone/home/tdfelton/SUPERCOMPUTING/assignments/assignment_07/data/dog_reference/dog_reference.zip    251MB 38.1MB/s
[1A[2K[1A[2KCollecting 1 genome record [================================================] 100% 1/1
Downloading: /sciclone/home/tdfelton/SUPERCOMPUTING/assignments/assignment_07/data/dog_reference/dog_reference.zip    251MB 38.1MB/s
[1A[2K[1A[2KCollecting 1 genome record [================================================] 100% 1/1
Downloading: /sciclone/home/tdfelton/SUPERCOMPUTING/assignments/assignment_07/data/dog_reference/dog_reference.zip    252MB 38.1MB/s
[1A[2K[1A[2KCollecting 1 genome record [================================================] 100% 1/1
Downloading: /sciclone/home/tdfelton/SUPERCOMPUTING/assignments/assignment_07/data/dog_reference/dog_reference.zip    252MB 38.1MB/s
[1A[2K[1A[2KCollecting 1 genome record [================================================] 100% 1/1
Downloading: /sciclone/home/tdfelton/SUPERCOMPUTING/assignments/assignment_07/data/dog_reference/dog_reference.zip    252MB 38.1MB/s
[1A[2K[1A[2KCollecting 1 genome record [================================================] 100% 1/1
Downloading: /sciclone/home/tdfelton/SUPERCOMPUTING/assignments/assignment_07/data/dog_reference/dog_reference.zip    253MB 38.1MB/s
[1A[2K[1A[2KCollecting 1 genome record [================================================] 100% 1/1
Downloading: /sciclone/home/tdfelton/SUPERCOMPUTING/assignments/assignment_07/data/dog_reference/dog_reference.zip    253MB 38.1MB/s
[1A[2K[1A[2KCollecting 1 genome record [================================================] 100% 1/1
Downloading: /sciclone/home/tdfelton/SUPERCOMPUTING/assignments/assignment_07/data/dog_reference/dog_reference.zip    254MB 38.1MB/s
[1A[2K[1A[2KCollecting 1 genome record [================================================] 100% 1/1
Downloading: /sciclone/home/tdfelton/SUPERCOMPUTING/assignments/assignment_07/data/dog_reference/dog_reference.zip    254MB 38.1MB/s
[1A[2K[1A[2KCollecting 1 genome record [================================================] 100% 1/1
Downloading: /sciclone/home/tdfelton/SUPERCOMPUTING/assignments/assignment_07/data/dog_reference/dog_reference.zip    254MB 38.1MB/s
[1A[2K[1A[2KCollecting 1 genome record [================================================] 100% 1/1
Downloading: /sciclone/home/tdfelton/SUPERCOMPUTING/assignments/assignment_07/data/dog_reference/dog_reference.zip    255MB 38.1MB/s
[1A[2K[1A[2KCollecting 1 genome record [================================================] 100% 1/1
Downloading: /sciclone/home/tdfelton/SUPERCOMPUTING/assignments/assignment_07/data/dog_reference/dog_reference.zip    255MB 38.1MB/s
[1A[2K[1A[2KCollecting 1 genome record [================================================] 100% 1/1
Downloading: /sciclone/home/tdfelton/SUPERCOMPUTING/assignments/assignment_07/data/dog_reference/dog_reference.zip    256MB 38.1MB/s
[1A[2K[1A[2KCollecting 1 genome record [================================================] 100% 1/1
Downloading: /sciclone/home/tdfelton/SUPERCOMPUTING/assignments/assignment_07/data/dog_reference/dog_reference.zip    256MB 38.1MB/s
[1A[2K[1A[2KCollecting 1 genome record [================================================] 100% 1/1
Downloading: /sciclone/home/tdfelton/SUPERCOMPUTING/assignments/assignment_07/data/dog_reference/dog_reference.zip    256MB 38.1MB/s
[1A[2K[1A[2KCollecting 1 genome record [================================================] 100% 1/1
Downloading: /sciclone/home/tdfelton/SUPERCOMPUTING/assignments/assignment_07/data/dog_reference/dog_reference.zip    257MB 38.1MB/s
[1A[2K[1A[2KCollecting 1 genome record [================================================] 100% 1/1
Downloading: /sciclone/home/tdfelton/SUPERCOMPUTING/assignments/assignment_07/data/dog_reference/dog_reference.zip    257MB 38.1MB/s
[1A[2K[1A[2KCollecting 1 genome record [================================================] 100% 1/1
Downloading: /sciclone/home/tdfelton/SUPERCOMPUTING/assignments/assignment_07/data/dog_reference/dog_reference.zip    258MB 38.1MB/s
[1A[2K[1A[2KCollecting 1 genome record [================================================] 100% 1/1
Downloading: /sciclone/home/tdfelton/SUPERCOMPUTING/assignments/assignment_07/data/dog_reference/dog_reference.zip    258MB 38.1MB/s
[1A[2K[1A[2KCollecting 1 genome record [================================================] 100% 1/1
Downloading: /sciclone/home/tdfelton/SUPERCOMPUTING/assignments/assignment_07/data/dog_reference/dog_reference.zip    258MB 38.1MB/s
[1A[2K[1A[2KCollecting 1 genome record [================================================] 100% 1/1
Downloading: /sciclone/home/tdfelton/SUPERCOMPUTING/assignments/assignment_07/data/dog_reference/dog_reference.zip    259MB 38.1MB/s
[1A[2K[1A[2KCollecting 1 genome record [================================================] 100% 1/1
Downloading: /sciclone/home/tdfelton/SUPERCOMPUTING/assignments/assignment_07/data/dog_reference/dog_reference.zip    259MB 38.1MB/s
[1A[2K[1A[2KCollecting 1 genome record [================================================] 100% 1/1
Downloading: /sciclone/home/tdfelton/SUPERCOMPUTING/assignments/assignment_07/data/dog_reference/dog_reference.zip    260MB 38.1MB/s
[1A[2K[1A[2KCollecting 1 genome record [================================================] 100% 1/1
Downloading: /sciclone/home/tdfelton/SUPERCOMPUTING/assignments/assignment_07/data/dog_reference/dog_reference.zip    260MB 38.1MB/s
[1A[2K[1A[2KCollecting 1 genome record [================================================] 100% 1/1
Downloading: /sciclone/home/tdfelton/SUPERCOMPUTING/assignments/assignment_07/data/dog_reference/dog_reference.zip    260MB 38.1MB/s
[1A[2K[1A[2KCollecting 1 genome record [================================================] 100% 1/1
Downloading: /sciclone/home/tdfelton/SUPERCOMPUTING/assignments/assignment_07/data/dog_reference/dog_reference.zip    261MB 38.1MB/s
[1A[2K[1A[2KCollecting 1 genome record [================================================] 100% 1/1
Downloading: /sciclone/home/tdfelton/SUPERCOMPUTING/assignments/assignment_07/data/dog_reference/dog_reference.zip    261MB 38.1MB/s
[1A[2K[1A[2KCollecting 1 genome record [================================================] 100% 1/1
Downloading: /sciclone/home/tdfelton/SUPERCOMPUTING/assignments/assignment_07/data/dog_reference/dog_reference.zip    261MB 38.1MB/s
[1A[2K[1A[2KCollecting 1 genome record [================================================] 100% 1/1
Downloading: /sciclone/home/tdfelton/SUPERCOMPUTING/assignments/assignment_07/data/dog_reference/dog_reference.zip    262MB 38.1MB/s
[1A[2K[1A[2KCollecting 1 genome record [================================================] 100% 1/1
Downloading: /sciclone/home/tdfelton/SUPERCOMPUTING/assignments/assignment_07/data/dog_reference/dog_reference.zip    262MB 38.1MB/s
[1A[2K[1A[2KCollecting 1 genome record [================================================] 100% 1/1
Downloading: /sciclone/home/tdfelton/SUPERCOMPUTING/assignments/assignment_07/data/dog_reference/dog_reference.zip    263MB 38.1MB/s
[1A[2K[1A[2KCollecting 1 genome record [================================================] 100% 1/1
Downloading: /sciclone/home/tdfelton/SUPERCOMPUTING/assignments/assignment_07/data/dog_reference/dog_reference.zip    263MB 38.1MB/s
[1A[2K[1A[2KCollecting 1 genome record [================================================] 100% 1/1
Downloading: /sciclone/home/tdfelton/SUPERCOMPUTING/assignments/assignment_07/data/dog_reference/dog_reference.zip    263MB 38.1MB/s
[1A[2K[1A[2KCollecting 1 genome record [================================================] 100% 1/1
Downloading: /sciclone/home/tdfelton/SUPERCOMPUTING/assignments/assignment_07/data/dog_reference/dog_reference.zip    264MB 38.1MB/s
[1A[2K[1A[2KCollecting 1 genome record [================================================] 100% 1/1
Downloading: /sciclone/home/tdfelton/SUPERCOMPUTING/assignments/assignment_07/data/dog_reference/dog_reference.zip    264MB 38.1MB/s
[1A[2K[1A[2KCollecting 1 genome record [================================================] 100% 1/1
Downloading: /sciclone/home/tdfelton/SUPERCOMPUTING/assignments/assignment_07/data/dog_reference/dog_reference.zip    265MB 38.1MB/s
[1A[2K[1A[2KCollecting 1 genome record [================================================] 100% 1/1
Downloading: /sciclone/home/tdfelton/SUPERCOMPUTING/assignments/assignment_07/data/dog_reference/dog_reference.zip    265MB 38.1MB/s
[1A[2K[1A[2KCollecting 1 genome record [================================================] 100% 1/1
Downloading: /sciclone/home/tdfelton/SUPERCOMPUTING/assignments/assignment_07/data/dog_reference/dog_reference.zip    265MB 38.1MB/s
[1A[2K[1A[2KCollecting 1 genome record [================================================] 100% 1/1
Downloading: /sciclone/home/tdfelton/SUPERCOMPUTING/assignments/assignment_07/data/dog_reference/dog_reference.zip    266MB 38.1MB/s
[1A[2K[1A[2KCollecting 1 genome record [================================================] 100% 1/1
Downloading: /sciclone/home/tdfelton/SUPERCOMPUTING/assignments/assignment_07/data/dog_reference/dog_reference.zip    266MB 38.1MB/s
[1A[2K[1A[2KCollecting 1 genome record [================================================] 100% 1/1
Downloading: /sciclone/home/tdfelton/SUPERCOMPUTING/assignments/assignment_07/data/dog_reference/dog_reference.zip    267MB 38.1MB/s
[1A[2K[1A[2KCollecting 1 genome record [================================================] 100% 1/1
Downloading: /sciclone/home/tdfelton/SUPERCOMPUTING/assignments/assignment_07/data/dog_reference/dog_reference.zip    267MB 38.1MB/s
[1A[2K[1A[2KCollecting 1 genome record [================================================] 100% 1/1
Downloading: /sciclone/home/tdfelton/SUPERCOMPUTING/assignments/assignment_07/data/dog_reference/dog_reference.zip    267MB 38.1MB/s
[1A[2K[1A[2KCollecting 1 genome record [================================================] 100% 1/1
Downloading: /sciclone/home/tdfelton/SUPERCOMPUTING/assignments/assignment_07/data/dog_reference/dog_reference.zip    268MB 38.1MB/s
[1A[2K[1A[2KCollecting 1 genome record [================================================] 100% 1/1
Downloading: /sciclone/home/tdfelton/SUPERCOMPUTING/assignments/assignment_07/data/dog_reference/dog_reference.zip    268MB 38.1MB/s
[1A[2K[1A[2KCollecting 1 genome record [================================================] 100% 1/1
Downloading: /sciclone/home/tdfelton/SUPERCOMPUTING/assignments/assignment_07/data/dog_reference/dog_reference.zip    269MB 38.1MB/s
[1A[2K[1A[2KCollecting 1 genome record [================================================] 100% 1/1
Downloading: /sciclone/home/tdfelton/SUPERCOMPUTING/assignments/assignment_07/data/dog_reference/dog_reference.zip    269MB 38.1MB/s
[1A[2K[1A[2KCollecting 1 genome record [================================================] 100% 1/1
Downloading: /sciclone/home/tdfelton/SUPERCOMPUTING/assignments/assignment_07/data/dog_reference/dog_reference.zip    269MB 38.1MB/s
[1A[2K[1A[2KCollecting 1 genome record [================================================] 100% 1/1
Downloading: /sciclone/home/tdfelton/SUPERCOMPUTING/assignments/assignment_07/data/dog_reference/dog_reference.zip    270MB 38.1MB/s
[1A[2K[1A[2KCollecting 1 genome record [================================================] 100% 1/1
Downloading: /sciclone/home/tdfelton/SUPERCOMPUTING/assignments/assignment_07/data/dog_reference/dog_reference.zip    270MB 38.1MB/s
[1A[2K[1A[2KCollecting 1 genome record [================================================] 100% 1/1
Downloading: /sciclone/home/tdfelton/SUPERCOMPUTING/assignments/assignment_07/data/dog_reference/dog_reference.zip    271MB 38.1MB/s
[1A[2K[1A[2KCollecting 1 genome record [================================================] 100% 1/1
Downloading: /sciclone/home/tdfelton/SUPERCOMPUTING/assignments/assignment_07/data/dog_reference/dog_reference.zip    271MB 38.1MB/s
[1A[2K[1A[2KCollecting 1 genome record [================================================] 100% 1/1
Downloading: /sciclone/home/tdfelton/SUPERCOMPUTING/assignments/assignment_07/data/dog_reference/dog_reference.zip    271MB 38.1MB/s
[1A[2K[1A[2KCollecting 1 genome record [================================================] 100% 1/1
Downloading: /sciclone/home/tdfelton/SUPERCOMPUTING/assignments/assignment_07/data/dog_reference/dog_reference.zip    272MB 38.1MB/s
[1A[2K[1A[2KCollecting 1 genome record [================================================] 100% 1/1
Downloading: /sciclone/home/tdfelton/SUPERCOMPUTING/assignments/assignment_07/data/dog_reference/dog_reference.zip    272MB 38.1MB/s
[1A[2K[1A[2KCollecting 1 genome record [================================================] 100% 1/1
Downloading: /sciclone/home/tdfelton/SUPERCOMPUTING/assignments/assignment_07/data/dog_reference/dog_reference.zip    272MB 38.1MB/s
[1A[2K[1A[2KCollecting 1 genome record [================================================] 100% 1/1
Downloading: /sciclone/home/tdfelton/SUPERCOMPUTING/assignments/assignment_07/data/dog_reference/dog_reference.zip    273MB 38.1MB/s
[1A[2K[1A[2KCollecting 1 genome record [================================================] 100% 1/1
Downloading: /sciclone/home/tdfelton/SUPERCOMPUTING/assignments/assignment_07/data/dog_reference/dog_reference.zip    273MB 38.1MB/s
[1A[2K[1A[2KCollecting 1 genome record [================================================] 100% 1/1
Downloading: /sciclone/home/tdfelton/SUPERCOMPUTING/assignments/assignment_07/data/dog_reference/dog_reference.zip    274MB 38.1MB/s
[1A[2K[1A[2KCollecting 1 genome record [================================================] 100% 1/1
Downloading: /sciclone/home/tdfelton/SUPERCOMPUTING/assignments/assignment_07/data/dog_reference/dog_reference.zip    274MB 38.1MB/s
[1A[2K[1A[2KCollecting 1 genome record [================================================] 100% 1/1
Downloading: /sciclone/home/tdfelton/SUPERCOMPUTING/assignments/assignment_07/data/dog_reference/dog_reference.zip    274MB 38.1MB/s
[1A[2K[1A[2KCollecting 1 genome record [================================================] 100% 1/1
Downloading: /sciclone/home/tdfelton/SUPERCOMPUTING/assignments/assignment_07/data/dog_reference/dog_reference.zip    275MB 38.1MB/s
[1A[2K[1A[2KCollecting 1 genome record [================================================] 100% 1/1
Downloading: /sciclone/home/tdfelton/SUPERCOMPUTING/assignments/assignment_07/data/dog_reference/dog_reference.zip    275MB 38.1MB/s
[1A[2K[1A[2KCollecting 1 genome record [================================================] 100% 1/1
Downloading: /sciclone/home/tdfelton/SUPERCOMPUTING/assignments/assignment_07/data/dog_reference/dog_reference.zip    276MB 38.1MB/s
[1A[2K[1A[2KCollecting 1 genome record [================================================] 100% 1/1
Downloading: /sciclone/home/tdfelton/SUPERCOMPUTING/assignments/assignment_07/data/dog_reference/dog_reference.zip    276MB 38.1MB/s
[1A[2K[1A[2KCollecting 1 genome record [================================================] 100% 1/1
Downloading: /sciclone/home/tdfelton/SUPERCOMPUTING/assignments/assignment_07/data/dog_reference/dog_reference.zip    276MB 38.1MB/s
[1A[2K[1A[2KCollecting 1 genome record [================================================] 100% 1/1
Downloading: /sciclone/home/tdfelton/SUPERCOMPUTING/assignments/assignment_07/data/dog_reference/dog_reference.zip    277MB 38.1MB/s
[1A[2K[1A[2KCollecting 1 genome record [================================================] 100% 1/1
Downloading: /sciclone/home/tdfelton/SUPERCOMPUTING/assignments/assignment_07/data/dog_reference/dog_reference.zip    277MB 38.1MB/s
[1A[2K[1A[2KCollecting 1 genome record [================================================] 100% 1/1
Downloading: /sciclone/home/tdfelton/SUPERCOMPUTING/assignments/assignment_07/data/dog_reference/dog_reference.zip    278MB 38.1MB/s
[1A[2K[1A[2KCollecting 1 genome record [================================================] 100% 1/1
Downloading: /sciclone/home/tdfelton/SUPERCOMPUTING/assignments/assignment_07/data/dog_reference/dog_reference.zip    278MB 38.1MB/s
[1A[2K[1A[2KCollecting 1 genome record [================================================] 100% 1/1
Downloading: /sciclone/home/tdfelton/SUPERCOMPUTING/assignments/assignment_07/data/dog_reference/dog_reference.zip    278MB 38.1MB/s
[1A[2K[1A[2KCollecting 1 genome record [================================================] 100% 1/1
Downloading: /sciclone/home/tdfelton/SUPERCOMPUTING/assignments/assignment_07/data/dog_reference/dog_reference.zip    279MB 38.1MB/s
[1A[2K[1A[2KCollecting 1 genome record [================================================] 100% 1/1
Downloading: /sciclone/home/tdfelton/SUPERCOMPUTING/assignments/assignment_07/data/dog_reference/dog_reference.zip    279MB 38.1MB/s
[1A[2K[1A[2KCollecting 1 genome record [================================================] 100% 1/1
Downloading: /sciclone/home/tdfelton/SUPERCOMPUTING/assignments/assignment_07/data/dog_reference/dog_reference.zip    280MB 38.1MB/s
[1A[2K[1A[2KCollecting 1 genome record [================================================] 100% 1/1
Downloading: /sciclone/home/tdfelton/SUPERCOMPUTING/assignments/assignment_07/data/dog_reference/dog_reference.zip    280MB 38.1MB/s
[1A[2K[1A[2KCollecting 1 genome record [================================================] 100% 1/1
Downloading: /sciclone/home/tdfelton/SUPERCOMPUTING/assignments/assignment_07/data/dog_reference/dog_reference.zip    280MB 38.1MB/s
[1A[2K[1A[2KCollecting 1 genome record [================================================] 100% 1/1
Downloading: /sciclone/home/tdfelton/SUPERCOMPUTING/assignments/assignment_07/data/dog_reference/dog_reference.zip    281MB 38.1MB/s
[1A[2K[1A[2KCollecting 1 genome record [================================================] 100% 1/1
Downloading: /sciclone/home/tdfelton/SUPERCOMPUTING/assignments/assignment_07/data/dog_reference/dog_reference.zip    281MB 38.1MB/s
[1A[2K[1A[2KCollecting 1 genome record [================================================] 100% 1/1
Downloading: /sciclone/home/tdfelton/SUPERCOMPUTING/assignments/assignment_07/data/dog_reference/dog_reference.zip    282MB 38.1MB/s
[1A[2K[1A[2KCollecting 1 genome record [================================================] 100% 1/1
Downloading: /sciclone/home/tdfelton/SUPERCOMPUTING/assignments/assignment_07/data/dog_reference/dog_reference.zip    282MB 38.1MB/s
[1A[2K[1A[2KCollecting 1 genome record [================================================] 100% 1/1
Downloading: /sciclone/home/tdfelton/SUPERCOMPUTING/assignments/assignment_07/data/dog_reference/dog_reference.zip    282MB 38.1MB/s
[1A[2K[1A[2KCollecting 1 genome record [================================================] 100% 1/1
Downloading: /sciclone/home/tdfelton/SUPERCOMPUTING/assignments/assignment_07/data/dog_reference/dog_reference.zip    283MB 38.1MB/s
[1A[2K[1A[2KCollecting 1 genome record [================================================] 100% 1/1
Downloading: /sciclone/home/tdfelton/SUPERCOMPUTING/assignments/assignment_07/data/dog_reference/dog_reference.zip    283MB 38.1MB/s
[1A[2K[1A[2KCollecting 1 genome record [================================================] 100% 1/1
Downloading: /sciclone/home/tdfelton/SUPERCOMPUTING/assignments/assignment_07/data/dog_reference/dog_reference.zip    284MB 38.1MB/s
[1A[2K[1A[2KCollecting 1 genome record [================================================] 100% 1/1
Downloading: /sciclone/home/tdfelton/SUPERCOMPUTING/assignments/assignment_07/data/dog_reference/dog_reference.zip    284MB 38.1MB/s
[1A[2K[1A[2KCollecting 1 genome record [================================================] 100% 1/1
Downloading: /sciclone/home/tdfelton/SUPERCOMPUTING/assignments/assignment_07/data/dog_reference/dog_reference.zip    284MB 38.1MB/s
[1A[2K[1A[2KCollecting 1 genome record [================================================] 100% 1/1
Downloading: /sciclone/home/tdfelton/SUPERCOMPUTING/assignments/assignment_07/data/dog_reference/dog_reference.zip    285MB 38.1MB/s
[1A[2K[1A[2KCollecting 1 genome record [================================================] 100% 1/1
Downloading: /sciclone/home/tdfelton/SUPERCOMPUTING/assignments/assignment_07/data/dog_reference/dog_reference.zip    285MB 38.1MB/s
[1A[2K[1A[2KCollecting 1 genome record [================================================] 100% 1/1
Downloading: /sciclone/home/tdfelton/SUPERCOMPUTING/assignments/assignment_07/data/dog_reference/dog_reference.zip    285MB 38.1MB/s
[1A[2K[1A[2KCollecting 1 genome record [================================================] 100% 1/1
Downloading: /sciclone/home/tdfelton/SUPERCOMPUTING/assignments/assignment_07/data/dog_reference/dog_reference.zip    286MB 38.1MB/s
[1A[2K[1A[2KCollecting 1 genome record [================================================] 100% 1/1
Downloading: /sciclone/home/tdfelton/SUPERCOMPUTING/assignments/assignment_07/data/dog_reference/dog_reference.zip    286MB 38.1MB/s
[1A[2K[1A[2KCollecting 1 genome record [================================================] 100% 1/1
Downloading: /sciclone/home/tdfelton/SUPERCOMPUTING/assignments/assignment_07/data/dog_reference/dog_reference.zip    287MB 38.1MB/s
[1A[2K[1A[2KCollecting 1 genome record [================================================] 100% 1/1
Downloading: /sciclone/home/tdfelton/SUPERCOMPUTING/assignments/assignment_07/data/dog_reference/dog_reference.zip    287MB 38.1MB/s
[1A[2K[1A[2KCollecting 1 genome record [================================================] 100% 1/1
Downloading: /sciclone/home/tdfelton/SUPERCOMPUTING/assignments/assignment_07/data/dog_reference/dog_reference.zip    287MB 38.1MB/s
[1A[2K[1A[2KCollecting 1 genome record [================================================] 100% 1/1
Downloading: /sciclone/home/tdfelton/SUPERCOMPUTING/assignments/assignment_07/data/dog_reference/dog_reference.zip    288MB 38.1MB/s
[1A[2K[1A[2KCollecting 1 genome record [================================================] 100% 1/1
Downloading: /sciclone/home/tdfelton/SUPERCOMPUTING/assignments/assignment_07/data/dog_reference/dog_reference.zip    288MB 38.1MB/s
[1A[2K[1A[2KCollecting 1 genome record [================================================] 100% 1/1
Downloading: /sciclone/home/tdfelton/SUPERCOMPUTING/assignments/assignment_07/data/dog_reference/dog_reference.zip    289MB 38.1MB/s
[1A[2K[1A[2KCollecting 1 genome record [================================================] 100% 1/1
Downloading: /sciclone/home/tdfelton/SUPERCOMPUTING/assignments/assignment_07/data/dog_reference/dog_reference.zip    289MB 38.1MB/s
[1A[2K[1A[2KCollecting 1 genome record [================================================] 100% 1/1
Downloading: /sciclone/home/tdfelton/SUPERCOMPUTING/assignments/assignment_07/data/dog_reference/dog_reference.zip    289MB 38.1MB/s
[1A[2K[1A[2KCollecting 1 genome record [================================================] 100% 1/1
Downloading: /sciclone/home/tdfelton/SUPERCOMPUTING/assignments/assignment_07/data/dog_reference/dog_reference.zip    290MB 38.1MB/s
[1A[2K[1A[2KCollecting 1 genome record [================================================] 100% 1/1
Downloading: /sciclone/home/tdfelton/SUPERCOMPUTING/assignments/assignment_07/data/dog_reference/dog_reference.zip    290MB 38.1MB/s
[1A[2K[1A[2KCollecting 1 genome record [================================================] 100% 1/1
Downloading: /sciclone/home/tdfelton/SUPERCOMPUTING/assignments/assignment_07/data/dog_reference/dog_reference.zip    291MB 38.1MB/s
[1A[2K[1A[2KCollecting 1 genome record [================================================] 100% 1/1
Downloading: /sciclone/home/tdfelton/SUPERCOMPUTING/assignments/assignment_07/data/dog_reference/dog_reference.zip    291MB 38.1MB/s
[1A[2K[1A[2KCollecting 1 genome record [================================================] 100% 1/1
Downloading: /sciclone/home/tdfelton/SUPERCOMPUTING/assignments/assignment_07/data/dog_reference/dog_reference.zip    291MB 38.1MB/s
[1A[2K[1A[2KCollecting 1 genome record [================================================] 100% 1/1
Downloading: /sciclone/home/tdfelton/SUPERCOMPUTING/assignments/assignment_07/data/dog_reference/dog_reference.zip    292MB 38.1MB/s
[1A[2K[1A[2KCollecting 1 genome record [================================================] 100% 1/1
Downloading: /sciclone/home/tdfelton/SUPERCOMPUTING/assignments/assignment_07/data/dog_reference/dog_reference.zip    292MB 38.1MB/s
[1A[2K[1A[2KCollecting 1 genome record [================================================] 100% 1/1
Downloading: /sciclone/home/tdfelton/SUPERCOMPUTING/assignments/assignment_07/data/dog_reference/dog_reference.zip    293MB 38.1MB/s
[1A[2K[1A[2KCollecting 1 genome record [================================================] 100% 1/1
Downloading: /sciclone/home/tdfelton/SUPERCOMPUTING/assignments/assignment_07/data/dog_reference/dog_reference.zip    293MB 38.1MB/s
[1A[2K[1A[2KCollecting 1 genome record [================================================] 100% 1/1
Downloading: /sciclone/home/tdfelton/SUPERCOMPUTING/assignments/assignment_07/data/dog_reference/dog_reference.zip    293MB 38.1MB/s
[1A[2K[1A[2KCollecting 1 genome record [================================================] 100% 1/1
Downloading: /sciclone/home/tdfelton/SUPERCOMPUTING/assignments/assignment_07/data/dog_reference/dog_reference.zip    294MB 38.1MB/s
[1A[2K[1A[2KCollecting 1 genome record [================================================] 100% 1/1
Downloading: /sciclone/home/tdfelton/SUPERCOMPUTING/assignments/assignment_07/data/dog_reference/dog_reference.zip    294MB 38.1MB/s
[1A[2K[1A[2KCollecting 1 genome record [================================================] 100% 1/1
Downloading: /sciclone/home/tdfelton/SUPERCOMPUTING/assignments/assignment_07/data/dog_reference/dog_reference.zip    295MB 38.1MB/s
[1A[2K[1A[2KCollecting 1 genome record [================================================] 100% 1/1
Downloading: /sciclone/home/tdfelton/SUPERCOMPUTING/assignments/assignment_07/data/dog_reference/dog_reference.zip    295MB 38.1MB/s
[1A[2K[1A[2KCollecting 1 genome record [================================================] 100% 1/1
Downloading: /sciclone/home/tdfelton/SUPERCOMPUTING/assignments/assignment_07/data/dog_reference/dog_reference.zip    295MB 38.1MB/s
[1A[2K[1A[2KCollecting 1 genome record [================================================] 100% 1/1
Downloading: /sciclone/home/tdfelton/SUPERCOMPUTING/assignments/assignment_07/data/dog_reference/dog_reference.zip    296MB 38.1MB/s
[1A[2K[1A[2KCollecting 1 genome record [================================================] 100% 1/1
Downloading: /sciclone/home/tdfelton/SUPERCOMPUTING/assignments/assignment_07/data/dog_reference/dog_reference.zip    296MB 38.1MB/s
[1A[2K[1A[2KCollecting 1 genome record [================================================] 100% 1/1
Downloading: /sciclone/home/tdfelton/SUPERCOMPUTING/assignments/assignment_07/data/dog_reference/dog_reference.zip    296MB 38.1MB/s
[1A[2K[1A[2KCollecting 1 genome record [================================================] 100% 1/1
Downloading: /sciclone/home/tdfelton/SUPERCOMPUTING/assignments/assignment_07/data/dog_reference/dog_reference.zip    297MB 38.1MB/s
[1A[2K[1A[2KCollecting 1 genome record [================================================] 100% 1/1
Downloading: /sciclone/home/tdfelton/SUPERCOMPUTING/assignments/assignment_07/data/dog_reference/dog_reference.zip    297MB 38.1MB/s
[1A[2K[1A[2KCollecting 1 genome record [================================================] 100% 1/1
Downloading: /sciclone/home/tdfelton/SUPERCOMPUTING/assignments/assignment_07/data/dog_reference/dog_reference.zip    298MB 38.1MB/s
[1A[2K[1A[2KCollecting 1 genome record [================================================] 100% 1/1
Downloading: /sciclone/home/tdfelton/SUPERCOMPUTING/assignments/assignment_07/data/dog_reference/dog_reference.zip    298MB 38.1MB/s
[1A[2K[1A[2KCollecting 1 genome record [================================================] 100% 1/1
Downloading: /sciclone/home/tdfelton/SUPERCOMPUTING/assignments/assignment_07/data/dog_reference/dog_reference.zip    298MB 38.1MB/s
[1A[2K[1A[2KCollecting 1 genome record [================================================] 100% 1/1
Downloading: /sciclone/home/tdfelton/SUPERCOMPUTING/assignments/assignment_07/data/dog_reference/dog_reference.zip    299MB 38.1MB/s
[1A[2K[1A[2KCollecting 1 genome record [================================================] 100% 1/1
Downloading: /sciclone/home/tdfelton/SUPERCOMPUTING/assignments/assignment_07/data/dog_reference/dog_reference.zip    299MB 38.1MB/s
[1A[2K[1A[2KCollecting 1 genome record [================================================] 100% 1/1
Downloading: /sciclone/home/tdfelton/SUPERCOMPUTING/assignments/assignment_07/data/dog_reference/dog_reference.zip    300MB 38.1MB/s
[1A[2K[1A[2KCollecting 1 genome record [================================================] 100% 1/1
Downloading: /sciclone/home/tdfelton/SUPERCOMPUTING/assignments/assignment_07/data/dog_reference/dog_reference.zip    300MB 38.1MB/s
[1A[2K[1A[2KCollecting 1 genome record [================================================] 100% 1/1
Downloading: /sciclone/home/tdfelton/SUPERCOMPUTING/assignments/assignment_07/data/dog_reference/dog_reference.zip    300MB 38.1MB/s
[1A[2K[1A[2KCollecting 1 genome record [================================================] 100% 1/1
Downloading: /sciclone/home/tdfelton/SUPERCOMPUTING/assignments/assignment_07/data/dog_reference/dog_reference.zip    301MB 38.1MB/s
[1A[2K[1A[2KCollecting 1 genome record [================================================] 100% 1/1
Downloading: /sciclone/home/tdfelton/SUPERCOMPUTING/assignments/assignment_07/data/dog_reference/dog_reference.zip    301MB 38.1MB/s
[1A[2K[1A[2KCollecting 1 genome record [================================================] 100% 1/1
Downloading: /sciclone/home/tdfelton/SUPERCOMPUTING/assignments/assignment_07/data/dog_reference/dog_reference.zip    302MB 38.1MB/s
[1A[2K[1A[2KCollecting 1 genome record [================================================] 100% 1/1
Downloading: /sciclone/home/tdfelton/SUPERCOMPUTING/assignments/assignment_07/data/dog_reference/dog_reference.zip    302MB 38.1MB/s
[1A[2K[1A[2KCollecting 1 genome record [================================================] 100% 1/1
Downloading: /sciclone/home/tdfelton/SUPERCOMPUTING/assignments/assignment_07/data/dog_reference/dog_reference.zip    302MB 38.1MB/s
[1A[2K[1A[2KCollecting 1 genome record [================================================] 100% 1/1
Downloading: /sciclone/home/tdfelton/SUPERCOMPUTING/assignments/assignment_07/data/dog_reference/dog_reference.zip    303MB 38.1MB/s
[1A[2K[1A[2KCollecting 1 genome record [================================================] 100% 1/1
Downloading: /sciclone/home/tdfelton/SUPERCOMPUTING/assignments/assignment_07/data/dog_reference/dog_reference.zip    303MB 38.1MB/s
[1A[2K[1A[2KCollecting 1 genome record [================================================] 100% 1/1
Downloading: /sciclone/home/tdfelton/SUPERCOMPUTING/assignments/assignment_07/data/dog_reference/dog_reference.zip    304MB 38.1MB/s
[1A[2K[1A[2KCollecting 1 genome record [================================================] 100% 1/1
Downloading: /sciclone/home/tdfelton/SUPERCOMPUTING/assignments/assignment_07/data/dog_reference/dog_reference.zip    304MB 38.1MB/s
[1A[2K[1A[2KCollecting 1 genome record [================================================] 100% 1/1
Downloading: /sciclone/home/tdfelton/SUPERCOMPUTING/assignments/assignment_07/data/dog_reference/dog_reference.zip    304MB 38.1MB/s
[1A[2K[1A[2KCollecting 1 genome record [================================================] 100% 1/1
Downloading: /sciclone/home/tdfelton/SUPERCOMPUTING/assignments/assignment_07/data/dog_reference/dog_reference.zip    305MB 38.1MB/s
[1A[2K[1A[2KCollecting 1 genome record [================================================] 100% 1/1
Downloading: /sciclone/home/tdfelton/SUPERCOMPUTING/assignments/assignment_07/data/dog_reference/dog_reference.zip    305MB 38.1MB/s
[1A[2K[1A[2KCollecting 1 genome record [================================================] 100% 1/1
Downloading: /sciclone/home/tdfelton/SUPERCOMPUTING/assignments/assignment_07/data/dog_reference/dog_reference.zip    306MB 38.1MB/s
[1A[2K[1A[2KCollecting 1 genome record [================================================] 100% 1/1
Downloading: /sciclone/home/tdfelton/SUPERCOMPUTING/assignments/assignment_07/data/dog_reference/dog_reference.zip    306MB 38.1MB/s
[1A[2K[1A[2KCollecting 1 genome record [================================================] 100% 1/1
Downloading: /sciclone/home/tdfelton/SUPERCOMPUTING/assignments/assignment_07/data/dog_reference/dog_reference.zip    306MB 38.1MB/s
[1A[2K[1A[2KCollecting 1 genome record [================================================] 100% 1/1
Downloading: /sciclone/home/tdfelton/SUPERCOMPUTING/assignments/assignment_07/data/dog_reference/dog_reference.zip    307MB 38.1MB/s
[1A[2K[1A[2KCollecting 1 genome record [================================================] 100% 1/1
Downloading: /sciclone/home/tdfelton/SUPERCOMPUTING/assignments/assignment_07/data/dog_reference/dog_reference.zip    307MB 38.1MB/s
[1A[2K[1A[2KCollecting 1 genome record [================================================] 100% 1/1
Downloading: /sciclone/home/tdfelton/SUPERCOMPUTING/assignments/assignment_07/data/dog_reference/dog_reference.zip    307MB 38.1MB/s
[1A[2K[1A[2KCollecting 1 genome record [================================================] 100% 1/1
Downloading: /sciclone/home/tdfelton/SUPERCOMPUTING/assignments/assignment_07/data/dog_reference/dog_reference.zip    308MB 38.1MB/s
[1A[2K[1A[2KCollecting 1 genome record [================================================] 100% 1/1
Downloading: /sciclone/home/tdfelton/SUPERCOMPUTING/assignments/assignment_07/data/dog_reference/dog_reference.zip    308MB 38.1MB/s
[1A[2K[1A[2KCollecting 1 genome record [================================================] 100% 1/1
Downloading: /sciclone/home/tdfelton/SUPERCOMPUTING/assignments/assignment_07/data/dog_reference/dog_reference.zip    309MB 38.1MB/s
[1A[2K[1A[2KCollecting 1 genome record [================================================] 100% 1/1
Downloading: /sciclone/home/tdfelton/SUPERCOMPUTING/assignments/assignment_07/data/dog_reference/dog_reference.zip    309MB 38.1MB/s
[1A[2K[1A[2KCollecting 1 genome record [================================================] 100% 1/1
Downloading: /sciclone/home/tdfelton/SUPERCOMPUTING/assignments/assignment_07/data/dog_reference/dog_reference.zip    309MB 38.1MB/s
[1A[2K[1A[2KCollecting 1 genome record [================================================] 100% 1/1
Downloading: /sciclone/home/tdfelton/SUPERCOMPUTING/assignments/assignment_07/data/dog_reference/dog_reference.zip    310MB 38.1MB/s
[1A[2K[1A[2KCollecting 1 genome record [================================================] 100% 1/1
Downloading: /sciclone/home/tdfelton/SUPERCOMPUTING/assignments/assignment_07/data/dog_reference/dog_reference.zip    310MB 38.1MB/s
[1A[2K[1A[2KCollecting 1 genome record [================================================] 100% 1/1
Downloading: /sciclone/home/tdfelton/SUPERCOMPUTING/assignments/assignment_07/data/dog_reference/dog_reference.zip    311MB 38.1MB/s
[1A[2K[1A[2KCollecting 1 genome record [================================================] 100% 1/1
Downloading: /sciclone/home/tdfelton/SUPERCOMPUTING/assignments/assignment_07/data/dog_reference/dog_reference.zip    311MB 38.1MB/s
[1A[2K[1A[2KCollecting 1 genome record [================================================] 100% 1/1
Downloading: /sciclone/home/tdfelton/SUPERCOMPUTING/assignments/assignment_07/data/dog_reference/dog_reference.zip    311MB 38.1MB/s
[1A[2K[1A[2KCollecting 1 genome record [================================================] 100% 1/1
Downloading: /sciclone/home/tdfelton/SUPERCOMPUTING/assignments/assignment_07/data/dog_reference/dog_reference.zip    312MB 38.2MB/s
[1A[2K[1A[2KCollecting 1 genome record [================================================] 100% 1/1
Downloading: /sciclone/home/tdfelton/SUPERCOMPUTING/assignments/assignment_07/data/dog_reference/dog_reference.zip    312MB 38.2MB/s
[1A[2K[1A[2KCollecting 1 genome record [================================================] 100% 1/1
Downloading: /sciclone/home/tdfelton/SUPERCOMPUTING/assignments/assignment_07/data/dog_reference/dog_reference.zip    313MB 38.2MB/s
[1A[2K[1A[2KCollecting 1 genome record [================================================] 100% 1/1
Downloading: /sciclone/home/tdfelton/SUPERCOMPUTING/assignments/assignment_07/data/dog_reference/dog_reference.zip    313MB 38.2MB/s
[1A[2K[1A[2KCollecting 1 genome record [================================================] 100% 1/1
Downloading: /sciclone/home/tdfelton/SUPERCOMPUTING/assignments/assignment_07/data/dog_reference/dog_reference.zip    313MB 38.2MB/s
[1A[2K[1A[2KCollecting 1 genome record [================================================] 100% 1/1
Downloading: /sciclone/home/tdfelton/SUPERCOMPUTING/assignments/assignment_07/data/dog_reference/dog_reference.zip    314MB 38.2MB/s
[1A[2K[1A[2KCollecting 1 genome record [================================================] 100% 1/1
Downloading: /sciclone/home/tdfelton/SUPERCOMPUTING/assignments/assignment_07/data/dog_reference/dog_reference.zip    314MB 38.2MB/s
[1A[2K[1A[2KCollecting 1 genome record [================================================] 100% 1/1
Downloading: /sciclone/home/tdfelton/SUPERCOMPUTING/assignments/assignment_07/data/dog_reference/dog_reference.zip    315MB 38.2MB/s
[1A[2K[1A[2KCollecting 1 genome record [================================================] 100% 1/1
Downloading: /sciclone/home/tdfelton/SUPERCOMPUTING/assignments/assignment_07/data/dog_reference/dog_reference.zip    315MB 38.2MB/s
[1A[2K[1A[2KCollecting 1 genome record [================================================] 100% 1/1
Downloading: /sciclone/home/tdfelton/SUPERCOMPUTING/assignments/assignment_07/data/dog_reference/dog_reference.zip    315MB 38.2MB/s
[1A[2K[1A[2KCollecting 1 genome record [================================================] 100% 1/1
Downloading: /sciclone/home/tdfelton/SUPERCOMPUTING/assignments/assignment_07/data/dog_reference/dog_reference.zip    316MB 38.2MB/s
[1A[2K[1A[2KCollecting 1 genome record [================================================] 100% 1/1
Downloading: /sciclone/home/tdfelton/SUPERCOMPUTING/assignments/assignment_07/data/dog_reference/dog_reference.zip    316MB 38.2MB/s
[1A[2K[1A[2KCollecting 1 genome record [================================================] 100% 1/1
Downloading: /sciclone/home/tdfelton/SUPERCOMPUTING/assignments/assignment_07/data/dog_reference/dog_reference.zip    317MB 38.2MB/s
[1A[2K[1A[2KCollecting 1 genome record [================================================] 100% 1/1
Downloading: /sciclone/home/tdfelton/SUPERCOMPUTING/assignments/assignment_07/data/dog_reference/dog_reference.zip    317MB 38.2MB/s
[1A[2K[1A[2KCollecting 1 genome record [================================================] 100% 1/1
Downloading: /sciclone/home/tdfelton/SUPERCOMPUTING/assignments/assignment_07/data/dog_reference/dog_reference.zip    317MB 38.2MB/s
[1A[2K[1A[2KCollecting 1 genome record [================================================] 100% 1/1
Downloading: /sciclone/home/tdfelton/SUPERCOMPUTING/assignments/assignment_07/data/dog_reference/dog_reference.zip    318MB 38.2MB/s
[1A[2K[1A[2KCollecting 1 genome record [================================================] 100% 1/1
Downloading: /sciclone/home/tdfelton/SUPERCOMPUTING/assignments/assignment_07/data/dog_reference/dog_reference.zip    318MB 38.2MB/s
[1A[2K[1A[2KCollecting 1 genome record [================================================] 100% 1/1
Downloading: /sciclone/home/tdfelton/SUPERCOMPUTING/assignments/assignment_07/data/dog_reference/dog_reference.zip    318MB 38.2MB/s
[1A[2K[1A[2KCollecting 1 genome record [================================================] 100% 1/1
Downloading: /sciclone/home/tdfelton/SUPERCOMPUTING/assignments/assignment_07/data/dog_reference/dog_reference.zip    319MB 38.2MB/s
[1A[2K[1A[2KCollecting 1 genome record [================================================] 100% 1/1
Downloading: /sciclone/home/tdfelton/SUPERCOMPUTING/assignments/assignment_07/data/dog_reference/dog_reference.zip    319MB 38.2MB/s
[1A[2K[1A[2KCollecting 1 genome record [================================================] 100% 1/1
Downloading: /sciclone/home/tdfelton/SUPERCOMPUTING/assignments/assignment_07/data/dog_reference/dog_reference.zip    320MB 38.2MB/s
[1A[2K[1A[2KCollecting 1 genome record [================================================] 100% 1/1
Downloading: /sciclone/home/tdfelton/SUPERCOMPUTING/assignments/assignment_07/data/dog_reference/dog_reference.zip    320MB 38.2MB/s
[1A[2K[1A[2KCollecting 1 genome record [================================================] 100% 1/1
Downloading: /sciclone/home/tdfelton/SUPERCOMPUTING/assignments/assignment_07/data/dog_reference/dog_reference.zip    320MB 38.2MB/s
[1A[2K[1A[2KCollecting 1 genome record [================================================] 100% 1/1
Downloading: /sciclone/home/tdfelton/SUPERCOMPUTING/assignments/assignment_07/data/dog_reference/dog_reference.zip    321MB 38.2MB/s
[1A[2K[1A[2KCollecting 1 genome record [================================================] 100% 1/1
Downloading: /sciclone/home/tdfelton/SUPERCOMPUTING/assignments/assignment_07/data/dog_reference/dog_reference.zip    321MB 38.2MB/s
[1A[2K[1A[2KCollecting 1 genome record [================================================] 100% 1/1
Downloading: /sciclone/home/tdfelton/SUPERCOMPUTING/assignments/assignment_07/data/dog_reference/dog_reference.zip    322MB 38.2MB/s
[1A[2K[1A[2KCollecting 1 genome record [================================================] 100% 1/1
Downloading: /sciclone/home/tdfelton/SUPERCOMPUTING/assignments/assignment_07/data/dog_reference/dog_reference.zip    322MB 38.2MB/s
[1A[2K[1A[2KCollecting 1 genome record [================================================] 100% 1/1
Downloading: /sciclone/home/tdfelton/SUPERCOMPUTING/assignments/assignment_07/data/dog_reference/dog_reference.zip    322MB 38.2MB/s
[1A[2K[1A[2KCollecting 1 genome record [================================================] 100% 1/1
Downloading: /sciclone/home/tdfelton/SUPERCOMPUTING/assignments/assignment_07/data/dog_reference/dog_reference.zip    323MB 38.2MB/s
[1A[2K[1A[2KCollecting 1 genome record [================================================] 100% 1/1
Downloading: /sciclone/home/tdfelton/SUPERCOMPUTING/assignments/assignment_07/data/dog_reference/dog_reference.zip    323MB 38.2MB/s
[1A[2K[1A[2KCollecting 1 genome record [================================================] 100% 1/1
Downloading: /sciclone/home/tdfelton/SUPERCOMPUTING/assignments/assignment_07/data/dog_reference/dog_reference.zip    324MB 38.2MB/s
[1A[2K[1A[2KCollecting 1 genome record [================================================] 100% 1/1
Downloading: /sciclone/home/tdfelton/SUPERCOMPUTING/assignments/assignment_07/data/dog_reference/dog_reference.zip    324MB 38.2MB/s
[1A[2K[1A[2KCollecting 1 genome record [================================================] 100% 1/1
Downloading: /sciclone/home/tdfelton/SUPERCOMPUTING/assignments/assignment_07/data/dog_reference/dog_reference.zip    324MB 38.2MB/s
[1A[2K[1A[2KCollecting 1 genome record [================================================] 100% 1/1
Downloading: /sciclone/home/tdfelton/SUPERCOMPUTING/assignments/assignment_07/data/dog_reference/dog_reference.zip    325MB 38.2MB/s
[1A[2K[1A[2KCollecting 1 genome record [================================================] 100% 1/1
Downloading: /sciclone/home/tdfelton/SUPERCOMPUTING/assignments/assignment_07/data/dog_reference/dog_reference.zip    325MB 38.2MB/s
[1A[2K[1A[2KCollecting 1 genome record [================================================] 100% 1/1
Downloading: /sciclone/home/tdfelton/SUPERCOMPUTING/assignments/assignment_07/data/dog_reference/dog_reference.zip    326MB 38.2MB/s
[1A[2K[1A[2KCollecting 1 genome record [================================================] 100% 1/1
Downloading: /sciclone/home/tdfelton/SUPERCOMPUTING/assignments/assignment_07/data/dog_reference/dog_reference.zip    326MB 38.2MB/s
[1A[2K[1A[2KCollecting 1 genome record [================================================] 100% 1/1
Downloading: /sciclone/home/tdfelton/SUPERCOMPUTING/assignments/assignment_07/data/dog_reference/dog_reference.zip    326MB 38.2MB/s
[1A[2K[1A[2KCollecting 1 genome record [================================================] 100% 1/1
Downloading: /sciclone/home/tdfelton/SUPERCOMPUTING/assignments/assignment_07/data/dog_reference/dog_reference.zip    327MB 38.2MB/s
[1A[2K[1A[2KCollecting 1 genome record [================================================] 100% 1/1
Downloading: /sciclone/home/tdfelton/SUPERCOMPUTING/assignments/assignment_07/data/dog_reference/dog_reference.zip    327MB 38.2MB/s
[1A[2K[1A[2KCollecting 1 genome record [================================================] 100% 1/1
Downloading: /sciclone/home/tdfelton/SUPERCOMPUTING/assignments/assignment_07/data/dog_reference/dog_reference.zip    328MB 38.2MB/s
[1A[2K[1A[2KCollecting 1 genome record [================================================] 100% 1/1
Downloading: /sciclone/home/tdfelton/SUPERCOMPUTING/assignments/assignment_07/data/dog_reference/dog_reference.zip    328MB 38.2MB/s
[1A[2K[1A[2KCollecting 1 genome record [================================================] 100% 1/1
Downloading: /sciclone/home/tdfelton/SUPERCOMPUTING/assignments/assignment_07/data/dog_reference/dog_reference.zip    328MB 38.2MB/s
[1A[2K[1A[2KCollecting 1 genome record [================================================] 100% 1/1
Downloading: /sciclone/home/tdfelton/SUPERCOMPUTING/assignments/assignment_07/data/dog_reference/dog_reference.zip    329MB 38.2MB/s
[1A[2K[1A[2KCollecting 1 genome record [================================================] 100% 1/1
Downloading: /sciclone/home/tdfelton/SUPERCOMPUTING/assignments/assignment_07/data/dog_reference/dog_reference.zip    329MB 38.2MB/s
[1A[2K[1A[2KCollecting 1 genome record [================================================] 100% 1/1
Downloading: /sciclone/home/tdfelton/SUPERCOMPUTING/assignments/assignment_07/data/dog_reference/dog_reference.zip    329MB 38.2MB/s
[1A[2K[1A[2KCollecting 1 genome record [================================================] 100% 1/1
Downloading: /sciclone/home/tdfelton/SUPERCOMPUTING/assignments/assignment_07/data/dog_reference/dog_reference.zip    330MB 38.2MB/s
[1A[2K[1A[2KCollecting 1 genome record [================================================] 100% 1/1
Downloading: /sciclone/home/tdfelton/SUPERCOMPUTING/assignments/assignment_07/data/dog_reference/dog_reference.zip    330MB 38.2MB/s
[1A[2K[1A[2KCollecting 1 genome record [================================================] 100% 1/1
Downloading: /sciclone/home/tdfelton/SUPERCOMPUTING/assignments/assignment_07/data/dog_reference/dog_reference.zip    331MB 38.2MB/s
[1A[2K[1A[2KCollecting 1 genome record [================================================] 100% 1/1
Downloading: /sciclone/home/tdfelton/SUPERCOMPUTING/assignments/assignment_07/data/dog_reference/dog_reference.zip    331MB 38.2MB/s
[1A[2K[1A[2KCollecting 1 genome record [================================================] 100% 1/1
Downloading: /sciclone/home/tdfelton/SUPERCOMPUTING/assignments/assignment_07/data/dog_reference/dog_reference.zip    331MB 38.2MB/s
[1A[2K[1A[2KCollecting 1 genome record [================================================] 100% 1/1
Downloading: /sciclone/home/tdfelton/SUPERCOMPUTING/assignments/assignment_07/data/dog_reference/dog_reference.zip    332MB 38.2MB/s
[1A[2K[1A[2KCollecting 1 genome record [================================================] 100% 1/1
Downloading: /sciclone/home/tdfelton/SUPERCOMPUTING/assignments/assignment_07/data/dog_reference/dog_reference.zip    332MB 38.2MB/s
[1A[2K[1A[2KCollecting 1 genome record [================================================] 100% 1/1
Downloading: /sciclone/home/tdfelton/SUPERCOMPUTING/assignments/assignment_07/data/dog_reference/dog_reference.zip    333MB 38.2MB/s
[1A[2K[1A[2KCollecting 1 genome record [================================================] 100% 1/1
Downloading: /sciclone/home/tdfelton/SUPERCOMPUTING/assignments/assignment_07/data/dog_reference/dog_reference.zip    333MB 38.2MB/s
[1A[2K[1A[2KCollecting 1 genome record [================================================] 100% 1/1
Downloading: /sciclone/home/tdfelton/SUPERCOMPUTING/assignments/assignment_07/data/dog_reference/dog_reference.zip    333MB 38.2MB/s
[1A[2K[1A[2KCollecting 1 genome record [================================================] 100% 1/1
Downloading: /sciclone/home/tdfelton/SUPERCOMPUTING/assignments/assignment_07/data/dog_reference/dog_reference.zip    334MB 38.2MB/s
[1A[2K[1A[2KCollecting 1 genome record [================================================] 100% 1/1
Downloading: /sciclone/home/tdfelton/SUPERCOMPUTING/assignments/assignment_07/data/dog_reference/dog_reference.zip    334MB 38.2MB/s
[1A[2K[1A[2KCollecting 1 genome record [================================================] 100% 1/1
Downloading: /sciclone/home/tdfelton/SUPERCOMPUTING/assignments/assignment_07/data/dog_reference/dog_reference.zip    335MB 38.2MB/s
[1A[2K[1A[2KCollecting 1 genome record [================================================] 100% 1/1
Downloading: /sciclone/home/tdfelton/SUPERCOMPUTING/assignments/assignment_07/data/dog_reference/dog_reference.zip    335MB 38.2MB/s
[1A[2K[1A[2KCollecting 1 genome record [================================================] 100% 1/1
Downloading: /sciclone/home/tdfelton/SUPERCOMPUTING/assignments/assignment_07/data/dog_reference/dog_reference.zip    335MB 38.2MB/s
[1A[2K[1A[2KCollecting 1 genome record [================================================] 100% 1/1
Downloading: /sciclone/home/tdfelton/SUPERCOMPUTING/assignments/assignment_07/data/dog_reference/dog_reference.zip    336MB 38.2MB/s
[1A[2K[1A[2KCollecting 1 genome record [================================================] 100% 1/1
Downloading: /sciclone/home/tdfelton/SUPERCOMPUTING/assignments/assignment_07/data/dog_reference/dog_reference.zip    336MB 38.2MB/s
[1A[2K[1A[2KCollecting 1 genome record [================================================] 100% 1/1
Downloading: /sciclone/home/tdfelton/SUPERCOMPUTING/assignments/assignment_07/data/dog_reference/dog_reference.zip    337MB 38.2MB/s
[1A[2K[1A[2KCollecting 1 genome record [================================================] 100% 1/1
Downloading: /sciclone/home/tdfelton/SUPERCOMPUTING/assignments/assignment_07/data/dog_reference/dog_reference.zip    337MB 38.2MB/s
[1A[2K[1A[2KCollecting 1 genome record [================================================] 100% 1/1
Downloading: /sciclone/home/tdfelton/SUPERCOMPUTING/assignments/assignment_07/data/dog_reference/dog_reference.zip    337MB 38.2MB/s
[1A[2K[1A[2KCollecting 1 genome record [================================================] 100% 1/1
Downloading: /sciclone/home/tdfelton/SUPERCOMPUTING/assignments/assignment_07/data/dog_reference/dog_reference.zip    338MB 38.2MB/s
[1A[2K[1A[2KCollecting 1 genome record [================================================] 100% 1/1
Downloading: /sciclone/home/tdfelton/SUPERCOMPUTING/assignments/assignment_07/data/dog_reference/dog_reference.zip    338MB 38.2MB/s
[1A[2K[1A[2KCollecting 1 genome record [================================================] 100% 1/1
Downloading: /sciclone/home/tdfelton/SUPERCOMPUTING/assignments/assignment_07/data/dog_reference/dog_reference.zip    339MB 38.2MB/s
[1A[2K[1A[2KCollecting 1 genome record [================================================] 100% 1/1
Downloading: /sciclone/home/tdfelton/SUPERCOMPUTING/assignments/assignment_07/data/dog_reference/dog_reference.zip    339MB 38.2MB/s
[1A[2K[1A[2KCollecting 1 genome record [================================================] 100% 1/1
Downloading: /sciclone/home/tdfelton/SUPERCOMPUTING/assignments/assignment_07/data/dog_reference/dog_reference.zip    339MB 38.2MB/s
[1A[2K[1A[2KCollecting 1 genome record [================================================] 100% 1/1
Downloading: /sciclone/home/tdfelton/SUPERCOMPUTING/assignments/assignment_07/data/dog_reference/dog_reference.zip    340MB 38.2MB/s
[1A[2K[1A[2KCollecting 1 genome record [================================================] 100% 1/1
Downloading: /sciclone/home/tdfelton/SUPERCOMPUTING/assignments/assignment_07/data/dog_reference/dog_reference.zip    340MB 38.2MB/s
[1A[2K[1A[2KCollecting 1 genome record [================================================] 100% 1/1
Downloading: /sciclone/home/tdfelton/SUPERCOMPUTING/assignments/assignment_07/data/dog_reference/dog_reference.zip    340MB 38.2MB/s
[1A[2K[1A[2KCollecting 1 genome record [================================================] 100% 1/1
Downloading: /sciclone/home/tdfelton/SUPERCOMPUTING/assignments/assignment_07/data/dog_reference/dog_reference.zip    341MB 38.2MB/s
[1A[2K[1A[2KCollecting 1 genome record [================================================] 100% 1/1
Downloading: /sciclone/home/tdfelton/SUPERCOMPUTING/assignments/assignment_07/data/dog_reference/dog_reference.zip    341MB 38.2MB/s
[1A[2K[1A[2KCollecting 1 genome record [================================================] 100% 1/1
Downloading: /sciclone/home/tdfelton/SUPERCOMPUTING/assignments/assignment_07/data/dog_reference/dog_reference.zip    342MB 38.2MB/s
[1A[2K[1A[2KCollecting 1 genome record [================================================] 100% 1/1
Downloading: /sciclone/home/tdfelton/SUPERCOMPUTING/assignments/assignment_07/data/dog_reference/dog_reference.zip    342MB 38.2MB/s
[1A[2K[1A[2KCollecting 1 genome record [================================================] 100% 1/1
Downloading: /sciclone/home/tdfelton/SUPERCOMPUTING/assignments/assignment_07/data/dog_reference/dog_reference.zip    342MB 38.2MB/s
[1A[2K[1A[2KCollecting 1 genome record [================================================] 100% 1/1
Downloading: /sciclone/home/tdfelton/SUPERCOMPUTING/assignments/assignment_07/data/dog_reference/dog_reference.zip    343MB 38.2MB/s
[1A[2K[1A[2KCollecting 1 genome record [================================================] 100% 1/1
Downloading: /sciclone/home/tdfelton/SUPERCOMPUTING/assignments/assignment_07/data/dog_reference/dog_reference.zip    343MB 38.2MB/s
[1A[2K[1A[2KCollecting 1 genome record [================================================] 100% 1/1
Downloading: /sciclone/home/tdfelton/SUPERCOMPUTING/assignments/assignment_07/data/dog_reference/dog_reference.zip    344MB 38.2MB/s
[1A[2K[1A[2KCollecting 1 genome record [================================================] 100% 1/1
Downloading: /sciclone/home/tdfelton/SUPERCOMPUTING/assignments/assignment_07/data/dog_reference/dog_reference.zip    344MB 38.2MB/s
[1A[2K[1A[2KCollecting 1 genome record [================================================] 100% 1/1
Downloading: /sciclone/home/tdfelton/SUPERCOMPUTING/assignments/assignment_07/data/dog_reference/dog_reference.zip    344MB 38.2MB/s
[1A[2K[1A[2KCollecting 1 genome record [================================================] 100% 1/1
Downloading: /sciclone/home/tdfelton/SUPERCOMPUTING/assignments/assignment_07/data/dog_reference/dog_reference.zip    345MB 38.2MB/s
[1A[2K[1A[2KCollecting 1 genome record [================================================] 100% 1/1
Downloading: /sciclone/home/tdfelton/SUPERCOMPUTING/assignments/assignment_07/data/dog_reference/dog_reference.zip    345MB 38.2MB/s
[1A[2K[1A[2KCollecting 1 genome record [================================================] 100% 1/1
Downloading: /sciclone/home/tdfelton/SUPERCOMPUTING/assignments/assignment_07/data/dog_reference/dog_reference.zip    346MB 38.2MB/s
[1A[2K[1A[2KCollecting 1 genome record [================================================] 100% 1/1
Downloading: /sciclone/home/tdfelton/SUPERCOMPUTING/assignments/assignment_07/data/dog_reference/dog_reference.zip    346MB 38.2MB/s
[1A[2K[1A[2KCollecting 1 genome record [================================================] 100% 1/1
Downloading: /sciclone/home/tdfelton/SUPERCOMPUTING/assignments/assignment_07/data/dog_reference/dog_reference.zip    346MB 38.2MB/s
[1A[2K[1A[2KCollecting 1 genome record [================================================] 100% 1/1
Downloading: /sciclone/home/tdfelton/SUPERCOMPUTING/assignments/assignment_07/data/dog_reference/dog_reference.zip    347MB 38.2MB/s
[1A[2K[1A[2KCollecting 1 genome record [================================================] 100% 1/1
Downloading: /sciclone/home/tdfelton/SUPERCOMPUTING/assignments/assignment_07/data/dog_reference/dog_reference.zip    347MB 38.2MB/s
[1A[2K[1A[2KCollecting 1 genome record [================================================] 100% 1/1
Downloading: /sciclone/home/tdfelton/SUPERCOMPUTING/assignments/assignment_07/data/dog_reference/dog_reference.zip    348MB 38.2MB/s
[1A[2K[1A[2KCollecting 1 genome record [================================================] 100% 1/1
Downloading: /sciclone/home/tdfelton/SUPERCOMPUTING/assignments/assignment_07/data/dog_reference/dog_reference.zip    348MB 38.2MB/s
[1A[2K[1A[2KCollecting 1 genome record [================================================] 100% 1/1
Downloading: /sciclone/home/tdfelton/SUPERCOMPUTING/assignments/assignment_07/data/dog_reference/dog_reference.zip    348MB 38.2MB/s
[1A[2K[1A[2KCollecting 1 genome record [================================================] 100% 1/1
Downloading: /sciclone/home/tdfelton/SUPERCOMPUTING/assignments/assignment_07/data/dog_reference/dog_reference.zip    349MB 38.2MB/s
[1A[2K[1A[2KCollecting 1 genome record [================================================] 100% 1/1
Downloading: /sciclone/home/tdfelton/SUPERCOMPUTING/assignments/assignment_07/data/dog_reference/dog_reference.zip    349MB 38.2MB/s
[1A[2K[1A[2KCollecting 1 genome record [================================================] 100% 1/1
Downloading: /sciclone/home/tdfelton/SUPERCOMPUTING/assignments/assignment_07/data/dog_reference/dog_reference.zip    350MB 38.2MB/s
[1A[2K[1A[2KCollecting 1 genome record [================================================] 100% 1/1
Downloading: /sciclone/home/tdfelton/SUPERCOMPUTING/assignments/assignment_07/data/dog_reference/dog_reference.zip    350MB 38.2MB/s
[1A[2K[1A[2KCollecting 1 genome record [================================================] 100% 1/1
Downloading: /sciclone/home/tdfelton/SUPERCOMPUTING/assignments/assignment_07/data/dog_reference/dog_reference.zip    350MB 38.2MB/s
[1A[2K[1A[2KCollecting 1 genome record [================================================] 100% 1/1
Downloading: /sciclone/home/tdfelton/SUPERCOMPUTING/assignments/assignment_07/data/dog_reference/dog_reference.zip    351MB 38.2MB/s
[1A[2K[1A[2KCollecting 1 genome record [================================================] 100% 1/1
Downloading: /sciclone/home/tdfelton/SUPERCOMPUTING/assignments/assignment_07/data/dog_reference/dog_reference.zip    351MB 38.2MB/s
[1A[2K[1A[2KCollecting 1 genome record [================================================] 100% 1/1
Downloading: /sciclone/home/tdfelton/SUPERCOMPUTING/assignments/assignment_07/data/dog_reference/dog_reference.zip    352MB 38.2MB/s
[1A[2K[1A[2KCollecting 1 genome record [================================================] 100% 1/1
Downloading: /sciclone/home/tdfelton/SUPERCOMPUTING/assignments/assignment_07/data/dog_reference/dog_reference.zip    352MB 38.2MB/s
[1A[2K[1A[2KCollecting 1 genome record [================================================] 100% 1/1
Downloading: /sciclone/home/tdfelton/SUPERCOMPUTING/assignments/assignment_07/data/dog_reference/dog_reference.zip    352MB 38.2MB/s
[1A[2K[1A[2KCollecting 1 genome record [================================================] 100% 1/1
Downloading: /sciclone/home/tdfelton/SUPERCOMPUTING/assignments/assignment_07/data/dog_reference/dog_reference.zip    353MB 38.2MB/s
[1A[2K[1A[2KCollecting 1 genome record [================================================] 100% 1/1
Downloading: /sciclone/home/tdfelton/SUPERCOMPUTING/assignments/assignment_07/data/dog_reference/dog_reference.zip    353MB 38.2MB/s
[1A[2K[1A[2KCollecting 1 genome record [================================================] 100% 1/1
Downloading: /sciclone/home/tdfelton/SUPERCOMPUTING/assignments/assignment_07/data/dog_reference/dog_reference.zip    353MB 38.2MB/s
[1A[2K[1A[2KCollecting 1 genome record [================================================] 100% 1/1
Downloading: /sciclone/home/tdfelton/SUPERCOMPUTING/assignments/assignment_07/data/dog_reference/dog_reference.zip    354MB 38.2MB/s
[1A[2K[1A[2KCollecting 1 genome record [================================================] 100% 1/1
Downloading: /sciclone/home/tdfelton/SUPERCOMPUTING/assignments/assignment_07/data/dog_reference/dog_reference.zip    354MB 38.2MB/s
[1A[2K[1A[2KCollecting 1 genome record [================================================] 100% 1/1
Downloading: /sciclone/home/tdfelton/SUPERCOMPUTING/assignments/assignment_07/data/dog_reference/dog_reference.zip    355MB 38.2MB/s
[1A[2K[1A[2KCollecting 1 genome record [================================================] 100% 1/1
Downloading: /sciclone/home/tdfelton/SUPERCOMPUTING/assignments/assignment_07/data/dog_reference/dog_reference.zip    355MB 38.2MB/s
[1A[2K[1A[2KCollecting 1 genome record [================================================] 100% 1/1
Downloading: /sciclone/home/tdfelton/SUPERCOMPUTING/assignments/assignment_07/data/dog_reference/dog_reference.zip    355MB 38.2MB/s
[1A[2K[1A[2KCollecting 1 genome record [================================================] 100% 1/1
Downloading: /sciclone/home/tdfelton/SUPERCOMPUTING/assignments/assignment_07/data/dog_reference/dog_reference.zip    356MB 38.2MB/s
[1A[2K[1A[2KCollecting 1 genome record [================================================] 100% 1/1
Downloading: /sciclone/home/tdfelton/SUPERCOMPUTING/assignments/assignment_07/data/dog_reference/dog_reference.zip    356MB 38.2MB/s
[1A[2K[1A[2KCollecting 1 genome record [================================================] 100% 1/1
Downloading: /sciclone/home/tdfelton/SUPERCOMPUTING/assignments/assignment_07/data/dog_reference/dog_reference.zip    357MB 38.2MB/s
[1A[2K[1A[2KCollecting 1 genome record [================================================] 100% 1/1
Downloading: /sciclone/home/tdfelton/SUPERCOMPUTING/assignments/assignment_07/data/dog_reference/dog_reference.zip    357MB 38.2MB/s
[1A[2K[1A[2KCollecting 1 genome record [================================================] 100% 1/1
Downloading: /sciclone/home/tdfelton/SUPERCOMPUTING/assignments/assignment_07/data/dog_reference/dog_reference.zip    357MB 38.2MB/s
[1A[2K[1A[2KCollecting 1 genome record [================================================] 100% 1/1
Downloading: /sciclone/home/tdfelton/SUPERCOMPUTING/assignments/assignment_07/data/dog_reference/dog_reference.zip    358MB 38.2MB/s
[1A[2K[1A[2KCollecting 1 genome record [================================================] 100% 1/1
Downloading: /sciclone/home/tdfelton/SUPERCOMPUTING/assignments/assignment_07/data/dog_reference/dog_reference.zip    358MB 38.2MB/s
[1A[2K[1A[2KCollecting 1 genome record [================================================] 100% 1/1
Downloading: /sciclone/home/tdfelton/SUPERCOMPUTING/assignments/assignment_07/data/dog_reference/dog_reference.zip    359MB 38.2MB/s
[1A[2K[1A[2KCollecting 1 genome record [================================================] 100% 1/1
Downloading: /sciclone/home/tdfelton/SUPERCOMPUTING/assignments/assignment_07/data/dog_reference/dog_reference.zip    359MB 38.2MB/s
[1A[2K[1A[2KCollecting 1 genome record [================================================] 100% 1/1
Downloading: /sciclone/home/tdfelton/SUPERCOMPUTING/assignments/assignment_07/data/dog_reference/dog_reference.zip    359MB 38.2MB/s
[1A[2K[1A[2KCollecting 1 genome record [================================================] 100% 1/1
Downloading: /sciclone/home/tdfelton/SUPERCOMPUTING/assignments/assignment_07/data/dog_reference/dog_reference.zip    360MB 38.2MB/s
[1A[2K[1A[2KCollecting 1 genome record [================================================] 100% 1/1
Downloading: /sciclone/home/tdfelton/SUPERCOMPUTING/assignments/assignment_07/data/dog_reference/dog_reference.zip    360MB 38.2MB/s
[1A[2K[1A[2KCollecting 1 genome record [================================================] 100% 1/1
Downloading: /sciclone/home/tdfelton/SUPERCOMPUTING/assignments/assignment_07/data/dog_reference/dog_reference.zip    361MB 38.2MB/s
[1A[2K[1A[2KCollecting 1 genome record [================================================] 100% 1/1
Downloading: /sciclone/home/tdfelton/SUPERCOMPUTING/assignments/assignment_07/data/dog_reference/dog_reference.zip    361MB 38.2MB/s
[1A[2K[1A[2KCollecting 1 genome record [================================================] 100% 1/1
Downloading: /sciclone/home/tdfelton/SUPERCOMPUTING/assignments/assignment_07/data/dog_reference/dog_reference.zip    361MB 38.2MB/s
[1A[2K[1A[2KCollecting 1 genome record [================================================] 100% 1/1
Downloading: /sciclone/home/tdfelton/SUPERCOMPUTING/assignments/assignment_07/data/dog_reference/dog_reference.zip    362MB 38.2MB/s
[1A[2K[1A[2KCollecting 1 genome record [================================================] 100% 1/1
Downloading: /sciclone/home/tdfelton/SUPERCOMPUTING/assignments/assignment_07/data/dog_reference/dog_reference.zip    362MB 38.2MB/s
[1A[2K[1A[2KCollecting 1 genome record [================================================] 100% 1/1
Downloading: /sciclone/home/tdfelton/SUPERCOMPUTING/assignments/assignment_07/data/dog_reference/dog_reference.zip    363MB 38.2MB/s
[1A[2K[1A[2KCollecting 1 genome record [================================================] 100% 1/1
Downloading: /sciclone/home/tdfelton/SUPERCOMPUTING/assignments/assignment_07/data/dog_reference/dog_reference.zip    363MB 38.2MB/s
[1A[2K[1A[2KCollecting 1 genome record [================================================] 100% 1/1
Downloading: /sciclone/home/tdfelton/SUPERCOMPUTING/assignments/assignment_07/data/dog_reference/dog_reference.zip    363MB 38.2MB/s
[1A[2K[1A[2KCollecting 1 genome record [================================================] 100% 1/1
Downloading: /sciclone/home/tdfelton/SUPERCOMPUTING/assignments/assignment_07/data/dog_reference/dog_reference.zip    364MB 38.2MB/s
[1A[2K[1A[2KCollecting 1 genome record [================================================] 100% 1/1
Downloading: /sciclone/home/tdfelton/SUPERCOMPUTING/assignments/assignment_07/data/dog_reference/dog_reference.zip    364MB 38.2MB/s
[1A[2K[1A[2KCollecting 1 genome record [================================================] 100% 1/1
Downloading: /sciclone/home/tdfelton/SUPERCOMPUTING/assignments/assignment_07/data/dog_reference/dog_reference.zip    365MB 38.2MB/s
[1A[2K[1A[2KCollecting 1 genome record [================================================] 100% 1/1
Downloading: /sciclone/home/tdfelton/SUPERCOMPUTING/assignments/assignment_07/data/dog_reference/dog_reference.zip    365MB 38.2MB/s
[1A[2K[1A[2KCollecting 1 genome record [================================================] 100% 1/1
Downloading: /sciclone/home/tdfelton/SUPERCOMPUTING/assignments/assignment_07/data/dog_reference/dog_reference.zip    365MB 38.2MB/s
[1A[2K[1A[2KCollecting 1 genome record [================================================] 100% 1/1
Downloading: /sciclone/home/tdfelton/SUPERCOMPUTING/assignments/assignment_07/data/dog_reference/dog_reference.zip    366MB 38.2MB/s
[1A[2K[1A[2KCollecting 1 genome record [================================================] 100% 1/1
Downloading: /sciclone/home/tdfelton/SUPERCOMPUTING/assignments/assignment_07/data/dog_reference/dog_reference.zip    366MB 38.2MB/s
[1A[2K[1A[2KCollecting 1 genome record [================================================] 100% 1/1
Downloading: /sciclone/home/tdfelton/SUPERCOMPUTING/assignments/assignment_07/data/dog_reference/dog_reference.zip    367MB 38.2MB/s
[1A[2K[1A[2KCollecting 1 genome record [================================================] 100% 1/1
Downloading: /sciclone/home/tdfelton/SUPERCOMPUTING/assignments/assignment_07/data/dog_reference/dog_reference.zip    367MB 38.2MB/s
[1A[2K[1A[2KCollecting 1 genome record [================================================] 100% 1/1
Downloading: /sciclone/home/tdfelton/SUPERCOMPUTING/assignments/assignment_07/data/dog_reference/dog_reference.zip    367MB 38.2MB/s
[1A[2K[1A[2KCollecting 1 genome record [================================================] 100% 1/1
Downloading: /sciclone/home/tdfelton/SUPERCOMPUTING/assignments/assignment_07/data/dog_reference/dog_reference.zip    368MB 38.2MB/s
[1A[2K[1A[2KCollecting 1 genome record [================================================] 100% 1/1
Downloading: /sciclone/home/tdfelton/SUPERCOMPUTING/assignments/assignment_07/data/dog_reference/dog_reference.zip    368MB 38.2MB/s
[1A[2K[1A[2KCollecting 1 genome record [================================================] 100% 1/1
Downloading: /sciclone/home/tdfelton/SUPERCOMPUTING/assignments/assignment_07/data/dog_reference/dog_reference.zip    368MB 38.2MB/s
[1A[2K[1A[2KCollecting 1 genome record [================================================] 100% 1/1
Downloading: /sciclone/home/tdfelton/SUPERCOMPUTING/assignments/assignment_07/data/dog_reference/dog_reference.zip    369MB 38.2MB/s
[1A[2K[1A[2KCollecting 1 genome record [================================================] 100% 1/1
Downloading: /sciclone/home/tdfelton/SUPERCOMPUTING/assignments/assignment_07/data/dog_reference/dog_reference.zip    369MB 38.2MB/s
[1A[2K[1A[2KCollecting 1 genome record [================================================] 100% 1/1
Downloading: /sciclone/home/tdfelton/SUPERCOMPUTING/assignments/assignment_07/data/dog_reference/dog_reference.zip    370MB 38.2MB/s
[1A[2K[1A[2KCollecting 1 genome record [================================================] 100% 1/1
Downloading: /sciclone/home/tdfelton/SUPERCOMPUTING/assignments/assignment_07/data/dog_reference/dog_reference.zip    370MB 38.2MB/s
[1A[2K[1A[2KCollecting 1 genome record [================================================] 100% 1/1
Downloading: /sciclone/home/tdfelton/SUPERCOMPUTING/assignments/assignment_07/data/dog_reference/dog_reference.zip    370MB 38.2MB/s
[1A[2K[1A[2KCollecting 1 genome record [================================================] 100% 1/1
Downloading: /sciclone/home/tdfelton/SUPERCOMPUTING/assignments/assignment_07/data/dog_reference/dog_reference.zip    371MB 38.2MB/s
[1A[2K[1A[2KCollecting 1 genome record [================================================] 100% 1/1
Downloading: /sciclone/home/tdfelton/SUPERCOMPUTING/assignments/assignment_07/data/dog_reference/dog_reference.zip    371MB 38.2MB/s
[1A[2K[1A[2KCollecting 1 genome record [================================================] 100% 1/1
Downloading: /sciclone/home/tdfelton/SUPERCOMPUTING/assignments/assignment_07/data/dog_reference/dog_reference.zip    372MB 38.2MB/s
[1A[2K[1A[2KCollecting 1 genome record [================================================] 100% 1/1
Downloading: /sciclone/home/tdfelton/SUPERCOMPUTING/assignments/assignment_07/data/dog_reference/dog_reference.zip    372MB 38.2MB/s
[1A[2K[1A[2KCollecting 1 genome record [================================================] 100% 1/1
Downloading: /sciclone/home/tdfelton/SUPERCOMPUTING/assignments/assignment_07/data/dog_reference/dog_reference.zip    372MB 38.2MB/s
[1A[2K[1A[2KCollecting 1 genome record [================================================] 100% 1/1
Downloading: /sciclone/home/tdfelton/SUPERCOMPUTING/assignments/assignment_07/data/dog_reference/dog_reference.zip    373MB 38.2MB/s
[1A[2K[1A[2KCollecting 1 genome record [================================================] 100% 1/1
Downloading: /sciclone/home/tdfelton/SUPERCOMPUTING/assignments/assignment_07/data/dog_reference/dog_reference.zip    373MB 38.2MB/s
[1A[2K[1A[2KCollecting 1 genome record [================================================] 100% 1/1
Downloading: /sciclone/home/tdfelton/SUPERCOMPUTING/assignments/assignment_07/data/dog_reference/dog_reference.zip    373MB 38.2MB/s
[1A[2K[1A[2KCollecting 1 genome record [================================================] 100% 1/1
Downloading: /sciclone/home/tdfelton/SUPERCOMPUTING/assignments/assignment_07/data/dog_reference/dog_reference.zip    374MB 38.2MB/s
[1A[2K[1A[2KCollecting 1 genome record [================================================] 100% 1/1
Downloading: /sciclone/home/tdfelton/SUPERCOMPUTING/assignments/assignment_07/data/dog_reference/dog_reference.zip    374MB 38.2MB/s
[1A[2K[1A[2KCollecting 1 genome record [================================================] 100% 1/1
Downloading: /sciclone/home/tdfelton/SUPERCOMPUTING/assignments/assignment_07/data/dog_reference/dog_reference.zip    375MB 38.2MB/s
[1A[2K[1A[2KCollecting 1 genome record [================================================] 100% 1/1
Downloading: /sciclone/home/tdfelton/SUPERCOMPUTING/assignments/assignment_07/data/dog_reference/dog_reference.zip    375MB 38.2MB/s
[1A[2K[1A[2KCollecting 1 genome record [================================================] 100% 1/1
Downloading: /sciclone/home/tdfelton/SUPERCOMPUTING/assignments/assignment_07/data/dog_reference/dog_reference.zip    375MB 38.2MB/s
[1A[2K[1A[2KCollecting 1 genome record [================================================] 100% 1/1
Downloading: /sciclone/home/tdfelton/SUPERCOMPUTING/assignments/assignment_07/data/dog_reference/dog_reference.zip    376MB 38.2MB/s
[1A[2K[1A[2KCollecting 1 genome record [================================================] 100% 1/1
Downloading: /sciclone/home/tdfelton/SUPERCOMPUTING/assignments/assignment_07/data/dog_reference/dog_reference.zip    376MB 38.2MB/s
[1A[2K[1A[2KCollecting 1 genome record [================================================] 100% 1/1
Downloading: /sciclone/home/tdfelton/SUPERCOMPUTING/assignments/assignment_07/data/dog_reference/dog_reference.zip    377MB 38.2MB/s
[1A[2K[1A[2KCollecting 1 genome record [================================================] 100% 1/1
Downloading: /sciclone/home/tdfelton/SUPERCOMPUTING/assignments/assignment_07/data/dog_reference/dog_reference.zip    377MB 38.2MB/s
[1A[2K[1A[2KCollecting 1 genome record [================================================] 100% 1/1
Downloading: /sciclone/home/tdfelton/SUPERCOMPUTING/assignments/assignment_07/data/dog_reference/dog_reference.zip    377MB 38.2MB/s
[1A[2K[1A[2KCollecting 1 genome record [================================================] 100% 1/1
Downloading: /sciclone/home/tdfelton/SUPERCOMPUTING/assignments/assignment_07/data/dog_reference/dog_reference.zip    378MB 38.2MB/s
[1A[2K[1A[2KCollecting 1 genome record [================================================] 100% 1/1
Downloading: /sciclone/home/tdfelton/SUPERCOMPUTING/assignments/assignment_07/data/dog_reference/dog_reference.zip    378MB 38.2MB/s
[1A[2K[1A[2KCollecting 1 genome record [================================================] 100% 1/1
Downloading: /sciclone/home/tdfelton/SUPERCOMPUTING/assignments/assignment_07/data/dog_reference/dog_reference.zip    379MB 38.2MB/s
[1A[2K[1A[2KCollecting 1 genome record [================================================] 100% 1/1
Downloading: /sciclone/home/tdfelton/SUPERCOMPUTING/assignments/assignment_07/data/dog_reference/dog_reference.zip    379MB 38.2MB/s
[1A[2K[1A[2KCollecting 1 genome record [================================================] 100% 1/1
Downloading: /sciclone/home/tdfelton/SUPERCOMPUTING/assignments/assignment_07/data/dog_reference/dog_reference.zip    379MB 38.2MB/s
[1A[2K[1A[2KCollecting 1 genome record [================================================] 100% 1/1
Downloading: /sciclone/home/tdfelton/SUPERCOMPUTING/assignments/assignment_07/data/dog_reference/dog_reference.zip    380MB 38.2MB/s
[1A[2K[1A[2KCollecting 1 genome record [================================================] 100% 1/1
Downloading: /sciclone/home/tdfelton/SUPERCOMPUTING/assignments/assignment_07/data/dog_reference/dog_reference.zip    380MB 38.2MB/s
[1A[2K[1A[2KCollecting 1 genome record [================================================] 100% 1/1
Downloading: /sciclone/home/tdfelton/SUPERCOMPUTING/assignments/assignment_07/data/dog_reference/dog_reference.zip    381MB 38.2MB/s
[1A[2K[1A[2KCollecting 1 genome record [================================================] 100% 1/1
Downloading: /sciclone/home/tdfelton/SUPERCOMPUTING/assignments/assignment_07/data/dog_reference/dog_reference.zip    381MB 38.2MB/s
[1A[2K[1A[2KCollecting 1 genome record [================================================] 100% 1/1
Downloading: /sciclone/home/tdfelton/SUPERCOMPUTING/assignments/assignment_07/data/dog_reference/dog_reference.zip    381MB 38.2MB/s
[1A[2K[1A[2KCollecting 1 genome record [================================================] 100% 1/1
Downloading: /sciclone/home/tdfelton/SUPERCOMPUTING/assignments/assignment_07/data/dog_reference/dog_reference.zip    382MB 38.2MB/s
[1A[2K[1A[2KCollecting 1 genome record [================================================] 100% 1/1
Downloading: /sciclone/home/tdfelton/SUPERCOMPUTING/assignments/assignment_07/data/dog_reference/dog_reference.zip    382MB 38.2MB/s
[1A[2K[1A[2KCollecting 1 genome record [================================================] 100% 1/1
Downloading: /sciclone/home/tdfelton/SUPERCOMPUTING/assignments/assignment_07/data/dog_reference/dog_reference.zip    383MB 38.2MB/s
[1A[2K[1A[2KCollecting 1 genome record [================================================] 100% 1/1
Downloading: /sciclone/home/tdfelton/SUPERCOMPUTING/assignments/assignment_07/data/dog_reference/dog_reference.zip    383MB 38.2MB/s
[1A[2K[1A[2KCollecting 1 genome record [================================================] 100% 1/1
Downloading: /sciclone/home/tdfelton/SUPERCOMPUTING/assignments/assignment_07/data/dog_reference/dog_reference.zip    383MB 38.2MB/s
[1A[2K[1A[2KCollecting 1 genome record [================================================] 100% 1/1
Downloading: /sciclone/home/tdfelton/SUPERCOMPUTING/assignments/assignment_07/data/dog_reference/dog_reference.zip    384MB 38.2MB/s
[1A[2K[1A[2KCollecting 1 genome record [================================================] 100% 1/1
Downloading: /sciclone/home/tdfelton/SUPERCOMPUTING/assignments/assignment_07/data/dog_reference/dog_reference.zip    384MB 38.2MB/s
[1A[2K[1A[2KCollecting 1 genome record [================================================] 100% 1/1
Downloading: /sciclone/home/tdfelton/SUPERCOMPUTING/assignments/assignment_07/data/dog_reference/dog_reference.zip    384MB 38.2MB/s
[1A[2K[1A[2KCollecting 1 genome record [================================================] 100% 1/1
Downloading: /sciclone/home/tdfelton/SUPERCOMPUTING/assignments/assignment_07/data/dog_reference/dog_reference.zip    385MB 38.2MB/s
[1A[2K[1A[2KCollecting 1 genome record [================================================] 100% 1/1
Downloading: /sciclone/home/tdfelton/SUPERCOMPUTING/assignments/assignment_07/data/dog_reference/dog_reference.zip    385MB 38.2MB/s
[1A[2K[1A[2KCollecting 1 genome record [================================================] 100% 1/1
Downloading: /sciclone/home/tdfelton/SUPERCOMPUTING/assignments/assignment_07/data/dog_reference/dog_reference.zip    386MB 38.2MB/s
[1A[2K[1A[2KCollecting 1 genome record [================================================] 100% 1/1
Downloading: /sciclone/home/tdfelton/SUPERCOMPUTING/assignments/assignment_07/data/dog_reference/dog_reference.zip    386MB 38.2MB/s
[1A[2K[1A[2KCollecting 1 genome record [================================================] 100% 1/1
Downloading: /sciclone/home/tdfelton/SUPERCOMPUTING/assignments/assignment_07/data/dog_reference/dog_reference.zip    386MB 38.2MB/s
[1A[2K[1A[2KCollecting 1 genome record [================================================] 100% 1/1
Downloading: /sciclone/home/tdfelton/SUPERCOMPUTING/assignments/assignment_07/data/dog_reference/dog_reference.zip    387MB 38.2MB/s
[1A[2K[1A[2KCollecting 1 genome record [================================================] 100% 1/1
Downloading: /sciclone/home/tdfelton/SUPERCOMPUTING/assignments/assignment_07/data/dog_reference/dog_reference.zip    387MB 38.2MB/s
[1A[2K[1A[2KCollecting 1 genome record [================================================] 100% 1/1
Downloading: /sciclone/home/tdfelton/SUPERCOMPUTING/assignments/assignment_07/data/dog_reference/dog_reference.zip    388MB 38.2MB/s
[1A[2K[1A[2KCollecting 1 genome record [================================================] 100% 1/1
Downloading: /sciclone/home/tdfelton/SUPERCOMPUTING/assignments/assignment_07/data/dog_reference/dog_reference.zip    388MB 38.2MB/s
[1A[2K[1A[2KCollecting 1 genome record [================================================] 100% 1/1
Downloading: /sciclone/home/tdfelton/SUPERCOMPUTING/assignments/assignment_07/data/dog_reference/dog_reference.zip    388MB 38.2MB/s
[1A[2K[1A[2KCollecting 1 genome record [================================================] 100% 1/1
Downloading: /sciclone/home/tdfelton/SUPERCOMPUTING/assignments/assignment_07/data/dog_reference/dog_reference.zip    389MB 38.2MB/s
[1A[2K[1A[2KCollecting 1 genome record [================================================] 100% 1/1
Downloading: /sciclone/home/tdfelton/SUPERCOMPUTING/assignments/assignment_07/data/dog_reference/dog_reference.zip    389MB 38.2MB/s
[1A[2K[1A[2KCollecting 1 genome record [================================================] 100% 1/1
Downloading: /sciclone/home/tdfelton/SUPERCOMPUTING/assignments/assignment_07/data/dog_reference/dog_reference.zip    390MB 38.2MB/s
[1A[2K[1A[2KCollecting 1 genome record [================================================] 100% 1/1
Downloading: /sciclone/home/tdfelton/SUPERCOMPUTING/assignments/assignment_07/data/dog_reference/dog_reference.zip    390MB 38.2MB/s
[1A[2K[1A[2KCollecting 1 genome record [================================================] 100% 1/1
Downloading: /sciclone/home/tdfelton/SUPERCOMPUTING/assignments/assignment_07/data/dog_reference/dog_reference.zip    390MB 38.2MB/s
[1A[2K[1A[2KCollecting 1 genome record [================================================] 100% 1/1
Downloading: /sciclone/home/tdfelton/SUPERCOMPUTING/assignments/assignment_07/data/dog_reference/dog_reference.zip    391MB 38.2MB/s
[1A[2K[1A[2KCollecting 1 genome record [================================================] 100% 1/1
Downloading: /sciclone/home/tdfelton/SUPERCOMPUTING/assignments/assignment_07/data/dog_reference/dog_reference.zip    391MB 38.2MB/s
[1A[2K[1A[2KCollecting 1 genome record [================================================] 100% 1/1
Downloading: /sciclone/home/tdfelton/SUPERCOMPUTING/assignments/assignment_07/data/dog_reference/dog_reference.zip    392MB 38.2MB/s
[1A[2K[1A[2KCollecting 1 genome record [================================================] 100% 1/1
Downloading: /sciclone/home/tdfelton/SUPERCOMPUTING/assignments/assignment_07/data/dog_reference/dog_reference.zip    392MB 38.2MB/s
[1A[2K[1A[2KCollecting 1 genome record [================================================] 100% 1/1
Downloading: /sciclone/home/tdfelton/SUPERCOMPUTING/assignments/assignment_07/data/dog_reference/dog_reference.zip    392MB 38.2MB/s
[1A[2K[1A[2KCollecting 1 genome record [================================================] 100% 1/1
Downloading: /sciclone/home/tdfelton/SUPERCOMPUTING/assignments/assignment_07/data/dog_reference/dog_reference.zip    392MB 38.2MB/s
[1A[2K[1A[2KCollecting 1 genome record [================================================] 100% 1/1
Downloading: /sciclone/home/tdfelton/SUPERCOMPUTING/assignments/assignment_07/data/dog_reference/dog_reference.zip    393MB 38.2MB/s
[1A[2K[1A[2KCollecting 1 genome record [================================================] 100% 1/1
Downloading: /sciclone/home/tdfelton/SUPERCOMPUTING/assignments/assignment_07/data/dog_reference/dog_reference.zip    394MB 38.2MB/s
[1A[2K[1A[2KCollecting 1 genome record [================================================] 100% 1/1
Downloading: /sciclone/home/tdfelton/SUPERCOMPUTING/assignments/assignment_07/data/dog_reference/dog_reference.zip    394MB 38.2MB/s
[1A[2K[1A[2KCollecting 1 genome record [================================================] 100% 1/1
Downloading: /sciclone/home/tdfelton/SUPERCOMPUTING/assignments/assignment_07/data/dog_reference/dog_reference.zip    394MB 38.2MB/s
[1A[2K[1A[2KCollecting 1 genome record [================================================] 100% 1/1
Downloading: /sciclone/home/tdfelton/SUPERCOMPUTING/assignments/assignment_07/data/dog_reference/dog_reference.zip    395MB 38.2MB/s
[1A[2K[1A[2KCollecting 1 genome record [================================================] 100% 1/1
Downloading: /sciclone/home/tdfelton/SUPERCOMPUTING/assignments/assignment_07/data/dog_reference/dog_reference.zip    395MB 38.2MB/s
[1A[2K[1A[2KCollecting 1 genome record [================================================] 100% 1/1
Downloading: /sciclone/home/tdfelton/SUPERCOMPUTING/assignments/assignment_07/data/dog_reference/dog_reference.zip    396MB 38.2MB/s
[1A[2K[1A[2KCollecting 1 genome record [================================================] 100% 1/1
Downloading: /sciclone/home/tdfelton/SUPERCOMPUTING/assignments/assignment_07/data/dog_reference/dog_reference.zip    396MB 38.2MB/s
[1A[2K[1A[2KCollecting 1 genome record [================================================] 100% 1/1
Downloading: /sciclone/home/tdfelton/SUPERCOMPUTING/assignments/assignment_07/data/dog_reference/dog_reference.zip    396MB 38.2MB/s
[1A[2K[1A[2KCollecting 1 genome record [================================================] 100% 1/1
Downloading: /sciclone/home/tdfelton/SUPERCOMPUTING/assignments/assignment_07/data/dog_reference/dog_reference.zip    397MB 38.2MB/s
[1A[2K[1A[2KCollecting 1 genome record [================================================] 100% 1/1
Downloading: /sciclone/home/tdfelton/SUPERCOMPUTING/assignments/assignment_07/data/dog_reference/dog_reference.zip    397MB 38.2MB/s
[1A[2K[1A[2KCollecting 1 genome record [================================================] 100% 1/1
Downloading: /sciclone/home/tdfelton/SUPERCOMPUTING/assignments/assignment_07/data/dog_reference/dog_reference.zip    397MB 38.2MB/s
[1A[2K[1A[2KCollecting 1 genome record [================================================] 100% 1/1
Downloading: /sciclone/home/tdfelton/SUPERCOMPUTING/assignments/assignment_07/data/dog_reference/dog_reference.zip    398MB 38.2MB/s
[1A[2K[1A[2KCollecting 1 genome record [================================================] 100% 1/1
Downloading: /sciclone/home/tdfelton/SUPERCOMPUTING/assignments/assignment_07/data/dog_reference/dog_reference.zip    398MB 38.2MB/s
[1A[2K[1A[2KCollecting 1 genome record [================================================] 100% 1/1
Downloading: /sciclone/home/tdfelton/SUPERCOMPUTING/assignments/assignment_07/data/dog_reference/dog_reference.zip    398MB 38.2MB/s
[1A[2K[1A[2KCollecting 1 genome record [================================================] 100% 1/1
Downloading: /sciclone/home/tdfelton/SUPERCOMPUTING/assignments/assignment_07/data/dog_reference/dog_reference.zip    398MB 38.2MB/s
[1A[2K[1A[2KCollecting 1 genome record [================================================] 100% 1/1
Downloading: /sciclone/home/tdfelton/SUPERCOMPUTING/assignments/assignment_07/data/dog_reference/dog_reference.zip    399MB 38.1MB/s
[1A[2K[1A[2KCollecting 1 genome record [================================================] 100% 1/1
Downloading: /sciclone/home/tdfelton/SUPERCOMPUTING/assignments/assignment_07/data/dog_reference/dog_reference.zip    399MB 38.1MB/s
[1A[2K[1A[2KCollecting 1 genome record [================================================] 100% 1/1
Downloading: /sciclone/home/tdfelton/SUPERCOMPUTING/assignments/assignment_07/data/dog_reference/dog_reference.zip    399MB 38.1MB/s
[1A[2K[1A[2KCollecting 1 genome record [================================================] 100% 1/1
Downloading: /sciclone/home/tdfelton/SUPERCOMPUTING/assignments/assignment_07/data/dog_reference/dog_reference.zip    400MB 38.1MB/s
[1A[2K[1A[2KCollecting 1 genome record [================================================] 100% 1/1
Downloading: /sciclone/home/tdfelton/SUPERCOMPUTING/assignments/assignment_07/data/dog_reference/dog_reference.zip    400MB 38.1MB/s
[1A[2K[1A[2KCollecting 1 genome record [================================================] 100% 1/1
Downloading: /sciclone/home/tdfelton/SUPERCOMPUTING/assignments/assignment_07/data/dog_reference/dog_reference.zip    400MB 38.1MB/s
[1A[2K[1A[2KCollecting 1 genome record [================================================] 100% 1/1
Downloading: /sciclone/home/tdfelton/SUPERCOMPUTING/assignments/assignment_07/data/dog_reference/dog_reference.zip    401MB 38.1MB/s
[1A[2K[1A[2KCollecting 1 genome record [================================================] 100% 1/1
Downloading: /sciclone/home/tdfelton/SUPERCOMPUTING/assignments/assignment_07/data/dog_reference/dog_reference.zip    401MB 38.1MB/s
[1A[2K[1A[2KCollecting 1 genome record [================================================] 100% 1/1
Downloading: /sciclone/home/tdfelton/SUPERCOMPUTING/assignments/assignment_07/data/dog_reference/dog_reference.zip    401MB 38.1MB/s
[1A[2K[1A[2KCollecting 1 genome record [================================================] 100% 1/1
Downloading: /sciclone/home/tdfelton/SUPERCOMPUTING/assignments/assignment_07/data/dog_reference/dog_reference.zip    402MB 38.1MB/s
[1A[2K[1A[2KCollecting 1 genome record [================================================] 100% 1/1
Downloading: /sciclone/home/tdfelton/SUPERCOMPUTING/assignments/assignment_07/data/dog_reference/dog_reference.zip    402MB 38.1MB/s
[1A[2K[1A[2KCollecting 1 genome record [================================================] 100% 1/1
Downloading: /sciclone/home/tdfelton/SUPERCOMPUTING/assignments/assignment_07/data/dog_reference/dog_reference.zip    402MB 38MB/s
[1A[2K[1A[2KCollecting 1 genome record [================================================] 100% 1/1
Downloading: /sciclone/home/tdfelton/SUPERCOMPUTING/assignments/assignment_07/data/dog_reference/dog_reference.zip    402MB 38MB/s
[1A[2K[1A[2KCollecting 1 genome record [================================================] 100% 1/1
Downloading: /sciclone/home/tdfelton/SUPERCOMPUTING/assignments/assignment_07/data/dog_reference/dog_reference.zip    403MB 38MB/s
[1A[2K[1A[2KCollecting 1 genome record [================================================] 100% 1/1
Downloading: /sciclone/home/tdfelton/SUPERCOMPUTING/assignments/assignment_07/data/dog_reference/dog_reference.zip    403MB 38MB/s
[1A[2K[1A[2KCollecting 1 genome record [================================================] 100% 1/1
Downloading: /sciclone/home/tdfelton/SUPERCOMPUTING/assignments/assignment_07/data/dog_reference/dog_reference.zip    403MB 38MB/s
[1A[2K[1A[2KCollecting 1 genome record [================================================] 100% 1/1
Downloading: /sciclone/home/tdfelton/SUPERCOMPUTING/assignments/assignment_07/data/dog_reference/dog_reference.zip    404MB 38MB/s
[1A[2K[1A[2KCollecting 1 genome record [================================================] 100% 1/1
Downloading: /sciclone/home/tdfelton/SUPERCOMPUTING/assignments/assignment_07/data/dog_reference/dog_reference.zip    404MB 38MB/s
[1A[2K[1A[2KCollecting 1 genome record [================================================] 100% 1/1
Downloading: /sciclone/home/tdfelton/SUPERCOMPUTING/assignments/assignment_07/data/dog_reference/dog_reference.zip    404MB 38MB/s
[1A[2K[1A[2KCollecting 1 genome record [================================================] 100% 1/1
Downloading: /sciclone/home/tdfelton/SUPERCOMPUTING/assignments/assignment_07/data/dog_reference/dog_reference.zip    405MB 38MB/s
[1A[2K[1A[2KCollecting 1 genome record [================================================] 100% 1/1
Downloading: /sciclone/home/tdfelton/SUPERCOMPUTING/assignments/assignment_07/data/dog_reference/dog_reference.zip    405MB 38MB/s
[1A[2K[1A[2KCollecting 1 genome record [================================================] 100% 1/1
Downloading: /sciclone/home/tdfelton/SUPERCOMPUTING/assignments/assignment_07/data/dog_reference/dog_reference.zip    405MB 38MB/s
[1A[2K[1A[2KCollecting 1 genome record [================================================] 100% 1/1
Downloading: /sciclone/home/tdfelton/SUPERCOMPUTING/assignments/assignment_07/data/dog_reference/dog_reference.zip    406MB 38MB/s
[1A[2K[1A[2KCollecting 1 genome record [================================================] 100% 1/1
Downloading: /sciclone/home/tdfelton/SUPERCOMPUTING/assignments/assignment_07/data/dog_reference/dog_reference.zip    406MB 38MB/s
[1A[2K[1A[2KCollecting 1 genome record [================================================] 100% 1/1
Downloading: /sciclone/home/tdfelton/SUPERCOMPUTING/assignments/assignment_07/data/dog_reference/dog_reference.zip    406MB 38MB/s
[1A[2K[1A[2KCollecting 1 genome record [================================================] 100% 1/1
Downloading: /sciclone/home/tdfelton/SUPERCOMPUTING/assignments/assignment_07/data/dog_reference/dog_reference.zip    407MB 38MB/s
[1A[2K[1A[2KCollecting 1 genome record [================================================] 100% 1/1
Downloading: /sciclone/home/tdfelton/SUPERCOMPUTING/assignments/assignment_07/data/dog_reference/dog_reference.zip    407MB 38MB/s
[1A[2K[1A[2KCollecting 1 genome record [================================================] 100% 1/1
Downloading: /sciclone/home/tdfelton/SUPERCOMPUTING/assignments/assignment_07/data/dog_reference/dog_reference.zip    407MB 37.9MB/s
[1A[2K[1A[2KCollecting 1 genome record [================================================] 100% 1/1
Downloading: /sciclone/home/tdfelton/SUPERCOMPUTING/assignments/assignment_07/data/dog_reference/dog_reference.zip    408MB 37.9MB/s
[1A[2K[1A[2KCollecting 1 genome record [================================================] 100% 1/1
Downloading: /sciclone/home/tdfelton/SUPERCOMPUTING/assignments/assignment_07/data/dog_reference/dog_reference.zip    408MB 37.9MB/s
[1A[2K[1A[2KCollecting 1 genome record [================================================] 100% 1/1
Downloading: /sciclone/home/tdfelton/SUPERCOMPUTING/assignments/assignment_07/data/dog_reference/dog_reference.zip    408MB 37.9MB/s
[1A[2K[1A[2KCollecting 1 genome record [================================================] 100% 1/1
Downloading: /sciclone/home/tdfelton/SUPERCOMPUTING/assignments/assignment_07/data/dog_reference/dog_reference.zip    409MB 37.9MB/s
[1A[2K[1A[2KCollecting 1 genome record [================================================] 100% 1/1
Downloading: /sciclone/home/tdfelton/SUPERCOMPUTING/assignments/assignment_07/data/dog_reference/dog_reference.zip    409MB 37.9MB/s
[1A[2K[1A[2KCollecting 1 genome record [================================================] 100% 1/1
Downloading: /sciclone/home/tdfelton/SUPERCOMPUTING/assignments/assignment_07/data/dog_reference/dog_reference.zip    409MB 37.9MB/s
[1A[2K[1A[2KCollecting 1 genome record [================================================] 100% 1/1
Downloading: /sciclone/home/tdfelton/SUPERCOMPUTING/assignments/assignment_07/data/dog_reference/dog_reference.zip    410MB 37.9MB/s
[1A[2K[1A[2KCollecting 1 genome record [================================================] 100% 1/1
Downloading: /sciclone/home/tdfelton/SUPERCOMPUTING/assignments/assignment_07/data/dog_reference/dog_reference.zip    410MB 37.9MB/s
[1A[2K[1A[2KCollecting 1 genome record [================================================] 100% 1/1
Downloading: /sciclone/home/tdfelton/SUPERCOMPUTING/assignments/assignment_07/data/dog_reference/dog_reference.zip    410MB 37.9MB/s
[1A[2K[1A[2KCollecting 1 genome record [================================================] 100% 1/1
Downloading: /sciclone/home/tdfelton/SUPERCOMPUTING/assignments/assignment_07/data/dog_reference/dog_reference.zip    411MB 37.9MB/s
[1A[2K[1A[2KCollecting 1 genome record [================================================] 100% 1/1
Downloading: /sciclone/home/tdfelton/SUPERCOMPUTING/assignments/assignment_07/data/dog_reference/dog_reference.zip    411MB 37.9MB/s
[1A[2K[1A[2KCollecting 1 genome record [================================================] 100% 1/1
Downloading: /sciclone/home/tdfelton/SUPERCOMPUTING/assignments/assignment_07/data/dog_reference/dog_reference.zip    411MB 37.9MB/s
[1A[2K[1A[2KCollecting 1 genome record [================================================] 100% 1/1
Downloading: /sciclone/home/tdfelton/SUPERCOMPUTING/assignments/assignment_07/data/dog_reference/dog_reference.zip    412MB 37.9MB/s
[1A[2K[1A[2KCollecting 1 genome record [================================================] 100% 1/1
Downloading: /sciclone/home/tdfelton/SUPERCOMPUTING/assignments/assignment_07/data/dog_reference/dog_reference.zip    412MB 37.9MB/s
[1A[2K[1A[2KCollecting 1 genome record [================================================] 100% 1/1
Downloading: /sciclone/home/tdfelton/SUPERCOMPUTING/assignments/assignment_07/data/dog_reference/dog_reference.zip    412MB 37.9MB/s
[1A[2K[1A[2KCollecting 1 genome record [================================================] 100% 1/1
Downloading: /sciclone/home/tdfelton/SUPERCOMPUTING/assignments/assignment_07/data/dog_reference/dog_reference.zip    413MB 37.9MB/s
[1A[2K[1A[2KCollecting 1 genome record [================================================] 100% 1/1
Downloading: /sciclone/home/tdfelton/SUPERCOMPUTING/assignments/assignment_07/data/dog_reference/dog_reference.zip    413MB 37.9MB/s
[1A[2K[1A[2KCollecting 1 genome record [================================================] 100% 1/1
Downloading: /sciclone/home/tdfelton/SUPERCOMPUTING/assignments/assignment_07/data/dog_reference/dog_reference.zip    413MB 37.9MB/s
[1A[2K[1A[2KCollecting 1 genome record [================================================] 100% 1/1
Downloading: /sciclone/home/tdfelton/SUPERCOMPUTING/assignments/assignment_07/data/dog_reference/dog_reference.zip    414MB 37.8MB/s
[1A[2K[1A[2KCollecting 1 genome record [================================================] 100% 1/1
Downloading: /sciclone/home/tdfelton/SUPERCOMPUTING/assignments/assignment_07/data/dog_reference/dog_reference.zip    414MB 37.8MB/s
[1A[2K[1A[2KCollecting 1 genome record [================================================] 100% 1/1
Downloading: /sciclone/home/tdfelton/SUPERCOMPUTING/assignments/assignment_07/data/dog_reference/dog_reference.zip    414MB 37.8MB/s
[1A[2K[1A[2KCollecting 1 genome record [================================================] 100% 1/1
Downloading: /sciclone/home/tdfelton/SUPERCOMPUTING/assignments/assignment_07/data/dog_reference/dog_reference.zip    415MB 37.8MB/s
[1A[2K[1A[2KCollecting 1 genome record [================================================] 100% 1/1
Downloading: /sciclone/home/tdfelton/SUPERCOMPUTING/assignments/assignment_07/data/dog_reference/dog_reference.zip    415MB 37.8MB/s
[1A[2K[1A[2KCollecting 1 genome record [================================================] 100% 1/1
Downloading: /sciclone/home/tdfelton/SUPERCOMPUTING/assignments/assignment_07/data/dog_reference/dog_reference.zip    415MB 37.8MB/s
[1A[2K[1A[2KCollecting 1 genome record [================================================] 100% 1/1
Downloading: /sciclone/home/tdfelton/SUPERCOMPUTING/assignments/assignment_07/data/dog_reference/dog_reference.zip    416MB 37.8MB/s
[1A[2K[1A[2KCollecting 1 genome record [================================================] 100% 1/1
Downloading: /sciclone/home/tdfelton/SUPERCOMPUTING/assignments/assignment_07/data/dog_reference/dog_reference.zip    416MB 37.8MB/s
[1A[2K[1A[2KCollecting 1 genome record [================================================] 100% 1/1
Downloading: /sciclone/home/tdfelton/SUPERCOMPUTING/assignments/assignment_07/data/dog_reference/dog_reference.zip    416MB 37.8MB/s
[1A[2K[1A[2KCollecting 1 genome record [================================================] 100% 1/1
Downloading: /sciclone/home/tdfelton/SUPERCOMPUTING/assignments/assignment_07/data/dog_reference/dog_reference.zip    417MB 37.8MB/s
[1A[2K[1A[2KCollecting 1 genome record [================================================] 100% 1/1
Downloading: /sciclone/home/tdfelton/SUPERCOMPUTING/assignments/assignment_07/data/dog_reference/dog_reference.zip    417MB 37.8MB/s
[1A[2K[1A[2KCollecting 1 genome record [================================================] 100% 1/1
Downloading: /sciclone/home/tdfelton/SUPERCOMPUTING/assignments/assignment_07/data/dog_reference/dog_reference.zip    418MB 37.8MB/s
[1A[2K[1A[2KCollecting 1 genome record [================================================] 100% 1/1
Downloading: /sciclone/home/tdfelton/SUPERCOMPUTING/assignments/assignment_07/data/dog_reference/dog_reference.zip    418MB 37.8MB/s
[1A[2K[1A[2KCollecting 1 genome record [================================================] 100% 1/1
Downloading: /sciclone/home/tdfelton/SUPERCOMPUTING/assignments/assignment_07/data/dog_reference/dog_reference.zip    418MB 37.8MB/s
[1A[2K[1A[2KCollecting 1 genome record [================================================] 100% 1/1
Downloading: /sciclone/home/tdfelton/SUPERCOMPUTING/assignments/assignment_07/data/dog_reference/dog_reference.zip    419MB 37.8MB/s
[1A[2K[1A[2KCollecting 1 genome record [================================================] 100% 1/1
Downloading: /sciclone/home/tdfelton/SUPERCOMPUTING/assignments/assignment_07/data/dog_reference/dog_reference.zip    419MB 37.8MB/s
[1A[2K[1A[2KCollecting 1 genome record [================================================] 100% 1/1
Downloading: /sciclone/home/tdfelton/SUPERCOMPUTING/assignments/assignment_07/data/dog_reference/dog_reference.zip    419MB 37.8MB/s
[1A[2K[1A[2KCollecting 1 genome record [================================================] 100% 1/1
Downloading: /sciclone/home/tdfelton/SUPERCOMPUTING/assignments/assignment_07/data/dog_reference/dog_reference.zip    420MB 37.8MB/s
[1A[2K[1A[2KCollecting 1 genome record [================================================] 100% 1/1
Downloading: /sciclone/home/tdfelton/SUPERCOMPUTING/assignments/assignment_07/data/dog_reference/dog_reference.zip    420MB 37.8MB/s
[1A[2K[1A[2KCollecting 1 genome record [================================================] 100% 1/1
Downloading: /sciclone/home/tdfelton/SUPERCOMPUTING/assignments/assignment_07/data/dog_reference/dog_reference.zip    420MB 37.8MB/s
[1A[2K[1A[2KCollecting 1 genome record [================================================] 100% 1/1
Downloading: /sciclone/home/tdfelton/SUPERCOMPUTING/assignments/assignment_07/data/dog_reference/dog_reference.zip    421MB 37.8MB/s
[1A[2K[1A[2KCollecting 1 genome record [================================================] 100% 1/1
Downloading: /sciclone/home/tdfelton/SUPERCOMPUTING/assignments/assignment_07/data/dog_reference/dog_reference.zip    421MB 37.8MB/s
[1A[2K[1A[2KCollecting 1 genome record [================================================] 100% 1/1
Downloading: /sciclone/home/tdfelton/SUPERCOMPUTING/assignments/assignment_07/data/dog_reference/dog_reference.zip    422MB 37.8MB/s
[1A[2K[1A[2KCollecting 1 genome record [================================================] 100% 1/1
Downloading: /sciclone/home/tdfelton/SUPERCOMPUTING/assignments/assignment_07/data/dog_reference/dog_reference.zip    422MB 37.8MB/s
[1A[2K[1A[2KCollecting 1 genome record [================================================] 100% 1/1
Downloading: /sciclone/home/tdfelton/SUPERCOMPUTING/assignments/assignment_07/data/dog_reference/dog_reference.zip    422MB 37.8MB/s
[1A[2K[1A[2KCollecting 1 genome record [================================================] 100% 1/1
Downloading: /sciclone/home/tdfelton/SUPERCOMPUTING/assignments/assignment_07/data/dog_reference/dog_reference.zip    423MB 37.8MB/s
[1A[2K[1A[2KCollecting 1 genome record [================================================] 100% 1/1
Downloading: /sciclone/home/tdfelton/SUPERCOMPUTING/assignments/assignment_07/data/dog_reference/dog_reference.zip    423MB 37.8MB/s
[1A[2K[1A[2KCollecting 1 genome record [================================================] 100% 1/1
Downloading: /sciclone/home/tdfelton/SUPERCOMPUTING/assignments/assignment_07/data/dog_reference/dog_reference.zip    423MB 37.8MB/s
[1A[2K[1A[2KCollecting 1 genome record [================================================] 100% 1/1
Downloading: /sciclone/home/tdfelton/SUPERCOMPUTING/assignments/assignment_07/data/dog_reference/dog_reference.zip    424MB 37.8MB/s
[1A[2K[1A[2KCollecting 1 genome record [================================================] 100% 1/1
Downloading: /sciclone/home/tdfelton/SUPERCOMPUTING/assignments/assignment_07/data/dog_reference/dog_reference.zip    424MB 37.8MB/s
[1A[2K[1A[2KCollecting 1 genome record [================================================] 100% 1/1
Downloading: /sciclone/home/tdfelton/SUPERCOMPUTING/assignments/assignment_07/data/dog_reference/dog_reference.zip    425MB 37.8MB/s
[1A[2K[1A[2KCollecting 1 genome record [================================================] 100% 1/1
Downloading: /sciclone/home/tdfelton/SUPERCOMPUTING/assignments/assignment_07/data/dog_reference/dog_reference.zip    425MB 37.8MB/s
[1A[2K[1A[2KCollecting 1 genome record [================================================] 100% 1/1
Downloading: /sciclone/home/tdfelton/SUPERCOMPUTING/assignments/assignment_07/data/dog_reference/dog_reference.zip    425MB 37.8MB/s
[1A[2K[1A[2KCollecting 1 genome record [================================================] 100% 1/1
Downloading: /sciclone/home/tdfelton/SUPERCOMPUTING/assignments/assignment_07/data/dog_reference/dog_reference.zip    426MB 37.8MB/s
[1A[2K[1A[2KCollecting 1 genome record [================================================] 100% 1/1
Downloading: /sciclone/home/tdfelton/SUPERCOMPUTING/assignments/assignment_07/data/dog_reference/dog_reference.zip    426MB 37.8MB/s
[1A[2K[1A[2KCollecting 1 genome record [================================================] 100% 1/1
Downloading: /sciclone/home/tdfelton/SUPERCOMPUTING/assignments/assignment_07/data/dog_reference/dog_reference.zip    426MB 37.8MB/s
[1A[2K[1A[2KCollecting 1 genome record [================================================] 100% 1/1
Downloading: /sciclone/home/tdfelton/SUPERCOMPUTING/assignments/assignment_07/data/dog_reference/dog_reference.zip    427MB 37.8MB/s
[1A[2K[1A[2KCollecting 1 genome record [================================================] 100% 1/1
Downloading: /sciclone/home/tdfelton/SUPERCOMPUTING/assignments/assignment_07/data/dog_reference/dog_reference.zip    427MB 37.8MB/s
[1A[2K[1A[2KCollecting 1 genome record [================================================] 100% 1/1
Downloading: /sciclone/home/tdfelton/SUPERCOMPUTING/assignments/assignment_07/data/dog_reference/dog_reference.zip    428MB 37.8MB/s
[1A[2K[1A[2KCollecting 1 genome record [================================================] 100% 1/1
Downloading: /sciclone/home/tdfelton/SUPERCOMPUTING/assignments/assignment_07/data/dog_reference/dog_reference.zip    428MB 37.8MB/s
[1A[2K[1A[2KCollecting 1 genome record [================================================] 100% 1/1
Downloading: /sciclone/home/tdfelton/SUPERCOMPUTING/assignments/assignment_07/data/dog_reference/dog_reference.zip    428MB 37.8MB/s
[1A[2K[1A[2KCollecting 1 genome record [================================================] 100% 1/1
Downloading: /sciclone/home/tdfelton/SUPERCOMPUTING/assignments/assignment_07/data/dog_reference/dog_reference.zip    429MB 37.8MB/s
[1A[2K[1A[2KCollecting 1 genome record [================================================] 100% 1/1
Downloading: /sciclone/home/tdfelton/SUPERCOMPUTING/assignments/assignment_07/data/dog_reference/dog_reference.zip    429MB 37.8MB/s
[1A[2K[1A[2KCollecting 1 genome record [================================================] 100% 1/1
Downloading: /sciclone/home/tdfelton/SUPERCOMPUTING/assignments/assignment_07/data/dog_reference/dog_reference.zip    430MB 37.8MB/s
[1A[2K[1A[2KCollecting 1 genome record [================================================] 100% 1/1
Downloading: /sciclone/home/tdfelton/SUPERCOMPUTING/assignments/assignment_07/data/dog_reference/dog_reference.zip    430MB 37.8MB/s
[1A[2K[1A[2KCollecting 1 genome record [================================================] 100% 1/1
Downloading: /sciclone/home/tdfelton/SUPERCOMPUTING/assignments/assignment_07/data/dog_reference/dog_reference.zip    430MB 37.8MB/s
[1A[2K[1A[2KCollecting 1 genome record [================================================] 100% 1/1
Downloading: /sciclone/home/tdfelton/SUPERCOMPUTING/assignments/assignment_07/data/dog_reference/dog_reference.zip    431MB 37.8MB/s
[1A[2K[1A[2KCollecting 1 genome record [================================================] 100% 1/1
Downloading: /sciclone/home/tdfelton/SUPERCOMPUTING/assignments/assignment_07/data/dog_reference/dog_reference.zip    431MB 37.8MB/s
[1A[2K[1A[2KCollecting 1 genome record [================================================] 100% 1/1
Downloading: /sciclone/home/tdfelton/SUPERCOMPUTING/assignments/assignment_07/data/dog_reference/dog_reference.zip    431MB 37.8MB/s
[1A[2K[1A[2KCollecting 1 genome record [================================================] 100% 1/1
Downloading: /sciclone/home/tdfelton/SUPERCOMPUTING/assignments/assignment_07/data/dog_reference/dog_reference.zip    432MB 37.8MB/s
[1A[2K[1A[2KCollecting 1 genome record [================================================] 100% 1/1
Downloading: /sciclone/home/tdfelton/SUPERCOMPUTING/assignments/assignment_07/data/dog_reference/dog_reference.zip    432MB 37.8MB/s
[1A[2K[1A[2KCollecting 1 genome record [================================================] 100% 1/1
Downloading: /sciclone/home/tdfelton/SUPERCOMPUTING/assignments/assignment_07/data/dog_reference/dog_reference.zip    433MB 37.8MB/s
[1A[2K[1A[2KCollecting 1 genome record [================================================] 100% 1/1
Downloading: /sciclone/home/tdfelton/SUPERCOMPUTING/assignments/assignment_07/data/dog_reference/dog_reference.zip    433MB 37.8MB/s
[1A[2K[1A[2KCollecting 1 genome record [================================================] 100% 1/1
Downloading: /sciclone/home/tdfelton/SUPERCOMPUTING/assignments/assignment_07/data/dog_reference/dog_reference.zip    433MB 37.8MB/s
[1A[2K[1A[2KCollecting 1 genome record [================================================] 100% 1/1
Downloading: /sciclone/home/tdfelton/SUPERCOMPUTING/assignments/assignment_07/data/dog_reference/dog_reference.zip    434MB 37.8MB/s
[1A[2K[1A[2KCollecting 1 genome record [================================================] 100% 1/1
Downloading: /sciclone/home/tdfelton/SUPERCOMPUTING/assignments/assignment_07/data/dog_reference/dog_reference.zip    434MB 37.8MB/s
[1A[2K[1A[2KCollecting 1 genome record [================================================] 100% 1/1
Downloading: /sciclone/home/tdfelton/SUPERCOMPUTING/assignments/assignment_07/data/dog_reference/dog_reference.zip    435MB 37.8MB/s
[1A[2K[1A[2KCollecting 1 genome record [================================================] 100% 1/1
Downloading: /sciclone/home/tdfelton/SUPERCOMPUTING/assignments/assignment_07/data/dog_reference/dog_reference.zip    435MB 37.8MB/s
[1A[2K[1A[2KCollecting 1 genome record [================================================] 100% 1/1
Downloading: /sciclone/home/tdfelton/SUPERCOMPUTING/assignments/assignment_07/data/dog_reference/dog_reference.zip    435MB 37.8MB/s
[1A[2K[1A[2KCollecting 1 genome record [================================================] 100% 1/1
Downloading: /sciclone/home/tdfelton/SUPERCOMPUTING/assignments/assignment_07/data/dog_reference/dog_reference.zip    436MB 37.8MB/s
[1A[2K[1A[2KCollecting 1 genome record [================================================] 100% 1/1
Downloading: /sciclone/home/tdfelton/SUPERCOMPUTING/assignments/assignment_07/data/dog_reference/dog_reference.zip    436MB 37.8MB/s
[1A[2K[1A[2KCollecting 1 genome record [================================================] 100% 1/1
Downloading: /sciclone/home/tdfelton/SUPERCOMPUTING/assignments/assignment_07/data/dog_reference/dog_reference.zip    437MB 37.8MB/s
[1A[2K[1A[2KCollecting 1 genome record [================================================] 100% 1/1
Downloading: /sciclone/home/tdfelton/SUPERCOMPUTING/assignments/assignment_07/data/dog_reference/dog_reference.zip    437MB 37.8MB/s
[1A[2K[1A[2KCollecting 1 genome record [================================================] 100% 1/1
Downloading: /sciclone/home/tdfelton/SUPERCOMPUTING/assignments/assignment_07/data/dog_reference/dog_reference.zip    437MB 37.8MB/s
[1A[2K[1A[2KCollecting 1 genome record [================================================] 100% 1/1
Downloading: /sciclone/home/tdfelton/SUPERCOMPUTING/assignments/assignment_07/data/dog_reference/dog_reference.zip    438MB 37.8MB/s
[1A[2K[1A[2KCollecting 1 genome record [================================================] 100% 1/1
Downloading: /sciclone/home/tdfelton/SUPERCOMPUTING/assignments/assignment_07/data/dog_reference/dog_reference.zip    438MB 37.8MB/s
[1A[2K[1A[2KCollecting 1 genome record [================================================] 100% 1/1
Downloading: /sciclone/home/tdfelton/SUPERCOMPUTING/assignments/assignment_07/data/dog_reference/dog_reference.zip    439MB 37.8MB/s
[1A[2K[1A[2KCollecting 1 genome record [================================================] 100% 1/1
Downloading: /sciclone/home/tdfelton/SUPERCOMPUTING/assignments/assignment_07/data/dog_reference/dog_reference.zip    439MB 37.8MB/s
[1A[2K[1A[2KCollecting 1 genome record [================================================] 100% 1/1
Downloading: /sciclone/home/tdfelton/SUPERCOMPUTING/assignments/assignment_07/data/dog_reference/dog_reference.zip    439MB 37.8MB/s
[1A[2K[1A[2KCollecting 1 genome record [================================================] 100% 1/1
Downloading: /sciclone/home/tdfelton/SUPERCOMPUTING/assignments/assignment_07/data/dog_reference/dog_reference.zip    440MB 37.8MB/s
[1A[2K[1A[2KCollecting 1 genome record [================================================] 100% 1/1
Downloading: /sciclone/home/tdfelton/SUPERCOMPUTING/assignments/assignment_07/data/dog_reference/dog_reference.zip    440MB 37.8MB/s
[1A[2K[1A[2KCollecting 1 genome record [================================================] 100% 1/1
Downloading: /sciclone/home/tdfelton/SUPERCOMPUTING/assignments/assignment_07/data/dog_reference/dog_reference.zip    441MB 37.8MB/s
[1A[2K[1A[2KCollecting 1 genome record [================================================] 100% 1/1
Downloading: /sciclone/home/tdfelton/SUPERCOMPUTING/assignments/assignment_07/data/dog_reference/dog_reference.zip    441MB 37.8MB/s
[1A[2K[1A[2KCollecting 1 genome record [================================================] 100% 1/1
Downloading: /sciclone/home/tdfelton/SUPERCOMPUTING/assignments/assignment_07/data/dog_reference/dog_reference.zip    442MB 37.8MB/s
[1A[2K[1A[2KCollecting 1 genome record [================================================] 100% 1/1
Downloading: /sciclone/home/tdfelton/SUPERCOMPUTING/assignments/assignment_07/data/dog_reference/dog_reference.zip    442MB 37.8MB/s
[1A[2K[1A[2KCollecting 1 genome record [================================================] 100% 1/1
Downloading: /sciclone/home/tdfelton/SUPERCOMPUTING/assignments/assignment_07/data/dog_reference/dog_reference.zip    442MB 37.8MB/s
[1A[2K[1A[2KCollecting 1 genome record [================================================] 100% 1/1
Downloading: /sciclone/home/tdfelton/SUPERCOMPUTING/assignments/assignment_07/data/dog_reference/dog_reference.zip    443MB 37.8MB/s
[1A[2K[1A[2KCollecting 1 genome record [================================================] 100% 1/1
Downloading: /sciclone/home/tdfelton/SUPERCOMPUTING/assignments/assignment_07/data/dog_reference/dog_reference.zip    443MB 37.8MB/s
[1A[2K[1A[2KCollecting 1 genome record [================================================] 100% 1/1
Downloading: /sciclone/home/tdfelton/SUPERCOMPUTING/assignments/assignment_07/data/dog_reference/dog_reference.zip    444MB 37.8MB/s
[1A[2K[1A[2KCollecting 1 genome record [================================================] 100% 1/1
Downloading: /sciclone/home/tdfelton/SUPERCOMPUTING/assignments/assignment_07/data/dog_reference/dog_reference.zip    444MB 37.8MB/s
[1A[2K[1A[2KCollecting 1 genome record [================================================] 100% 1/1
Downloading: /sciclone/home/tdfelton/SUPERCOMPUTING/assignments/assignment_07/data/dog_reference/dog_reference.zip    444MB 37.8MB/s
[1A[2K[1A[2KCollecting 1 genome record [================================================] 100% 1/1
Downloading: /sciclone/home/tdfelton/SUPERCOMPUTING/assignments/assignment_07/data/dog_reference/dog_reference.zip    445MB 37.8MB/s
[1A[2K[1A[2KCollecting 1 genome record [================================================] 100% 1/1
Downloading: /sciclone/home/tdfelton/SUPERCOMPUTING/assignments/assignment_07/data/dog_reference/dog_reference.zip    445MB 37.8MB/s
[1A[2K[1A[2KCollecting 1 genome record [================================================] 100% 1/1
Downloading: /sciclone/home/tdfelton/SUPERCOMPUTING/assignments/assignment_07/data/dog_reference/dog_reference.zip    446MB 37.8MB/s
[1A[2K[1A[2KCollecting 1 genome record [================================================] 100% 1/1
Downloading: /sciclone/home/tdfelton/SUPERCOMPUTING/assignments/assignment_07/data/dog_reference/dog_reference.zip    446MB 37.8MB/s
[1A[2K[1A[2KCollecting 1 genome record [================================================] 100% 1/1
Downloading: /sciclone/home/tdfelton/SUPERCOMPUTING/assignments/assignment_07/data/dog_reference/dog_reference.zip    447MB 37.8MB/s
[1A[2K[1A[2KCollecting 1 genome record [================================================] 100% 1/1
Downloading: /sciclone/home/tdfelton/SUPERCOMPUTING/assignments/assignment_07/data/dog_reference/dog_reference.zip    447MB 37.8MB/s
[1A[2K[1A[2KCollecting 1 genome record [================================================] 100% 1/1
Downloading: /sciclone/home/tdfelton/SUPERCOMPUTING/assignments/assignment_07/data/dog_reference/dog_reference.zip    447MB 37.8MB/s
[1A[2K[1A[2KCollecting 1 genome record [================================================] 100% 1/1
Downloading: /sciclone/home/tdfelton/SUPERCOMPUTING/assignments/assignment_07/data/dog_reference/dog_reference.zip    448MB 37.8MB/s
[1A[2K[1A[2KCollecting 1 genome record [================================================] 100% 1/1
Downloading: /sciclone/home/tdfelton/SUPERCOMPUTING/assignments/assignment_07/data/dog_reference/dog_reference.zip    448MB 37.8MB/s
[1A[2K[1A[2KCollecting 1 genome record [================================================] 100% 1/1
Downloading: /sciclone/home/tdfelton/SUPERCOMPUTING/assignments/assignment_07/data/dog_reference/dog_reference.zip    449MB 37.9MB/s
[1A[2K[1A[2KCollecting 1 genome record [================================================] 100% 1/1
Downloading: /sciclone/home/tdfelton/SUPERCOMPUTING/assignments/assignment_07/data/dog_reference/dog_reference.zip    449MB 37.9MB/s
[1A[2K[1A[2KCollecting 1 genome record [================================================] 100% 1/1
Downloading: /sciclone/home/tdfelton/SUPERCOMPUTING/assignments/assignment_07/data/dog_reference/dog_reference.zip    450MB 37.9MB/s
[1A[2K[1A[2KCollecting 1 genome record [================================================] 100% 1/1
Downloading: /sciclone/home/tdfelton/SUPERCOMPUTING/assignments/assignment_07/data/dog_reference/dog_reference.zip    450MB 37.9MB/s
[1A[2K[1A[2KCollecting 1 genome record [================================================] 100% 1/1
Downloading: /sciclone/home/tdfelton/SUPERCOMPUTING/assignments/assignment_07/data/dog_reference/dog_reference.zip    450MB 37.9MB/s
[1A[2K[1A[2KCollecting 1 genome record [================================================] 100% 1/1
Downloading: /sciclone/home/tdfelton/SUPERCOMPUTING/assignments/assignment_07/data/dog_reference/dog_reference.zip    451MB 37.9MB/s
[1A[2K[1A[2KCollecting 1 genome record [================================================] 100% 1/1
Downloading: /sciclone/home/tdfelton/SUPERCOMPUTING/assignments/assignment_07/data/dog_reference/dog_reference.zip    451MB 37.9MB/s
[1A[2K[1A[2KCollecting 1 genome record [================================================] 100% 1/1
Downloading: /sciclone/home/tdfelton/SUPERCOMPUTING/assignments/assignment_07/data/dog_reference/dog_reference.zip    452MB 37.9MB/s
[1A[2K[1A[2KCollecting 1 genome record [================================================] 100% 1/1
Downloading: /sciclone/home/tdfelton/SUPERCOMPUTING/assignments/assignment_07/data/dog_reference/dog_reference.zip    452MB 37.9MB/s
[1A[2K[1A[2KCollecting 1 genome record [================================================] 100% 1/1
Downloading: /sciclone/home/tdfelton/SUPERCOMPUTING/assignments/assignment_07/data/dog_reference/dog_reference.zip    453MB 37.9MB/s
[1A[2K[1A[2KCollecting 1 genome record [================================================] 100% 1/1
Downloading: /sciclone/home/tdfelton/SUPERCOMPUTING/assignments/assignment_07/data/dog_reference/dog_reference.zip    453MB 37.9MB/s
[1A[2K[1A[2KCollecting 1 genome record [================================================] 100% 1/1
Downloading: /sciclone/home/tdfelton/SUPERCOMPUTING/assignments/assignment_07/data/dog_reference/dog_reference.zip    454MB 37.9MB/s
[1A[2K[1A[2KCollecting 1 genome record [================================================] 100% 1/1
Downloading: /sciclone/home/tdfelton/SUPERCOMPUTING/assignments/assignment_07/data/dog_reference/dog_reference.zip    454MB 37.9MB/s
[1A[2K[1A[2KCollecting 1 genome record [================================================] 100% 1/1
Downloading: /sciclone/home/tdfelton/SUPERCOMPUTING/assignments/assignment_07/data/dog_reference/dog_reference.zip    454MB 37.9MB/s
[1A[2K[1A[2KCollecting 1 genome record [================================================] 100% 1/1
Downloading: /sciclone/home/tdfelton/SUPERCOMPUTING/assignments/assignment_07/data/dog_reference/dog_reference.zip    455MB 37.9MB/s
[1A[2K[1A[2KCollecting 1 genome record [================================================] 100% 1/1
Downloading: /sciclone/home/tdfelton/SUPERCOMPUTING/assignments/assignment_07/data/dog_reference/dog_reference.zip    455MB 37.9MB/s
[1A[2K[1A[2KCollecting 1 genome record [================================================] 100% 1/1
Downloading: /sciclone/home/tdfelton/SUPERCOMPUTING/assignments/assignment_07/data/dog_reference/dog_reference.zip    455MB 37.9MB/s
[1A[2K[1A[2KCollecting 1 genome record [================================================] 100% 1/1
Downloading: /sciclone/home/tdfelton/SUPERCOMPUTING/assignments/assignment_07/data/dog_reference/dog_reference.zip    456MB 37.9MB/s
[1A[2K[1A[2KCollecting 1 genome record [================================================] 100% 1/1
Downloading: /sciclone/home/tdfelton/SUPERCOMPUTING/assignments/assignment_07/data/dog_reference/dog_reference.zip    456MB 37.9MB/s
[1A[2K[1A[2KCollecting 1 genome record [================================================] 100% 1/1
Downloading: /sciclone/home/tdfelton/SUPERCOMPUTING/assignments/assignment_07/data/dog_reference/dog_reference.zip    457MB 37.9MB/s
[1A[2K[1A[2KCollecting 1 genome record [================================================] 100% 1/1
Downloading: /sciclone/home/tdfelton/SUPERCOMPUTING/assignments/assignment_07/data/dog_reference/dog_reference.zip    457MB 37.9MB/s
[1A[2K[1A[2KCollecting 1 genome record [================================================] 100% 1/1
Downloading: /sciclone/home/tdfelton/SUPERCOMPUTING/assignments/assignment_07/data/dog_reference/dog_reference.zip    457MB 37.9MB/s
[1A[2K[1A[2KCollecting 1 genome record [================================================] 100% 1/1
Downloading: /sciclone/home/tdfelton/SUPERCOMPUTING/assignments/assignment_07/data/dog_reference/dog_reference.zip    458MB 37.9MB/s
[1A[2K[1A[2KCollecting 1 genome record [================================================] 100% 1/1
Downloading: /sciclone/home/tdfelton/SUPERCOMPUTING/assignments/assignment_07/data/dog_reference/dog_reference.zip    458MB 37.9MB/s
[1A[2K[1A[2KCollecting 1 genome record [================================================] 100% 1/1
Downloading: /sciclone/home/tdfelton/SUPERCOMPUTING/assignments/assignment_07/data/dog_reference/dog_reference.zip    459MB 37.9MB/s
[1A[2K[1A[2KCollecting 1 genome record [================================================] 100% 1/1
Downloading: /sciclone/home/tdfelton/SUPERCOMPUTING/assignments/assignment_07/data/dog_reference/dog_reference.zip    459MB 37.9MB/s
[1A[2K[1A[2KCollecting 1 genome record [================================================] 100% 1/1
Downloading: /sciclone/home/tdfelton/SUPERCOMPUTING/assignments/assignment_07/data/dog_reference/dog_reference.zip    459MB 37.9MB/s
[1A[2K[1A[2KCollecting 1 genome record [================================================] 100% 1/1
Downloading: /sciclone/home/tdfelton/SUPERCOMPUTING/assignments/assignment_07/data/dog_reference/dog_reference.zip    460MB 37.9MB/s
[1A[2K[1A[2KCollecting 1 genome record [================================================] 100% 1/1
Downloading: /sciclone/home/tdfelton/SUPERCOMPUTING/assignments/assignment_07/data/dog_reference/dog_reference.zip    460MB 37.9MB/s
[1A[2K[1A[2KCollecting 1 genome record [================================================] 100% 1/1
Downloading: /sciclone/home/tdfelton/SUPERCOMPUTING/assignments/assignment_07/data/dog_reference/dog_reference.zip    460MB 37.9MB/s
[1A[2K[1A[2KCollecting 1 genome record [================================================] 100% 1/1
Downloading: /sciclone/home/tdfelton/SUPERCOMPUTING/assignments/assignment_07/data/dog_reference/dog_reference.zip    461MB 37.9MB/s
[1A[2K[1A[2KCollecting 1 genome record [================================================] 100% 1/1
Downloading: /sciclone/home/tdfelton/SUPERCOMPUTING/assignments/assignment_07/data/dog_reference/dog_reference.zip    461MB 37.9MB/s
[1A[2K[1A[2KCollecting 1 genome record [================================================] 100% 1/1
Downloading: /sciclone/home/tdfelton/SUPERCOMPUTING/assignments/assignment_07/data/dog_reference/dog_reference.zip    462MB 37.9MB/s
[1A[2K[1A[2KCollecting 1 genome record [================================================] 100% 1/1
Downloading: /sciclone/home/tdfelton/SUPERCOMPUTING/assignments/assignment_07/data/dog_reference/dog_reference.zip    462MB 37.9MB/s
[1A[2K[1A[2KCollecting 1 genome record [================================================] 100% 1/1
Downloading: /sciclone/home/tdfelton/SUPERCOMPUTING/assignments/assignment_07/data/dog_reference/dog_reference.zip    462MB 37.9MB/s
[1A[2K[1A[2KCollecting 1 genome record [================================================] 100% 1/1
Downloading: /sciclone/home/tdfelton/SUPERCOMPUTING/assignments/assignment_07/data/dog_reference/dog_reference.zip    463MB 37.9MB/s
[1A[2K[1A[2KCollecting 1 genome record [================================================] 100% 1/1
Downloading: /sciclone/home/tdfelton/SUPERCOMPUTING/assignments/assignment_07/data/dog_reference/dog_reference.zip    463MB 37.9MB/s
[1A[2K[1A[2KCollecting 1 genome record [================================================] 100% 1/1
Downloading: /sciclone/home/tdfelton/SUPERCOMPUTING/assignments/assignment_07/data/dog_reference/dog_reference.zip    464MB 37.9MB/s
[1A[2K[1A[2KCollecting 1 genome record [================================================] 100% 1/1
Downloading: /sciclone/home/tdfelton/SUPERCOMPUTING/assignments/assignment_07/data/dog_reference/dog_reference.zip    464MB 37.9MB/s
[1A[2K[1A[2KCollecting 1 genome record [================================================] 100% 1/1
Downloading: /sciclone/home/tdfelton/SUPERCOMPUTING/assignments/assignment_07/data/dog_reference/dog_reference.zip    464MB 37.9MB/s
[1A[2K[1A[2KCollecting 1 genome record [================================================] 100% 1/1
Downloading: /sciclone/home/tdfelton/SUPERCOMPUTING/assignments/assignment_07/data/dog_reference/dog_reference.zip    465MB 37.9MB/s
[1A[2K[1A[2KCollecting 1 genome record [================================================] 100% 1/1
Downloading: /sciclone/home/tdfelton/SUPERCOMPUTING/assignments/assignment_07/data/dog_reference/dog_reference.zip    465MB 37.9MB/s
[1A[2K[1A[2KCollecting 1 genome record [================================================] 100% 1/1
Downloading: /sciclone/home/tdfelton/SUPERCOMPUTING/assignments/assignment_07/data/dog_reference/dog_reference.zip    466MB 37.9MB/s
[1A[2K[1A[2KCollecting 1 genome record [================================================] 100% 1/1
Downloading: /sciclone/home/tdfelton/SUPERCOMPUTING/assignments/assignment_07/data/dog_reference/dog_reference.zip    466MB 37.9MB/s
[1A[2K[1A[2KCollecting 1 genome record [================================================] 100% 1/1
Downloading: /sciclone/home/tdfelton/SUPERCOMPUTING/assignments/assignment_07/data/dog_reference/dog_reference.zip    466MB 37.9MB/s
[1A[2K[1A[2KCollecting 1 genome record [================================================] 100% 1/1
Downloading: /sciclone/home/tdfelton/SUPERCOMPUTING/assignments/assignment_07/data/dog_reference/dog_reference.zip    467MB 37.9MB/s
[1A[2K[1A[2KCollecting 1 genome record [================================================] 100% 1/1
Downloading: /sciclone/home/tdfelton/SUPERCOMPUTING/assignments/assignment_07/data/dog_reference/dog_reference.zip    467MB 37.9MB/s
[1A[2K[1A[2KCollecting 1 genome record [================================================] 100% 1/1
Downloading: /sciclone/home/tdfelton/SUPERCOMPUTING/assignments/assignment_07/data/dog_reference/dog_reference.zip    467MB 37.9MB/s
[1A[2K[1A[2KCollecting 1 genome record [================================================] 100% 1/1
Downloading: /sciclone/home/tdfelton/SUPERCOMPUTING/assignments/assignment_07/data/dog_reference/dog_reference.zip    468MB 37.9MB/s
[1A[2K[1A[2KCollecting 1 genome record [================================================] 100% 1/1
Downloading: /sciclone/home/tdfelton/SUPERCOMPUTING/assignments/assignment_07/data/dog_reference/dog_reference.zip    468MB 37.9MB/s
[1A[2K[1A[2KCollecting 1 genome record [================================================] 100% 1/1
Downloading: /sciclone/home/tdfelton/SUPERCOMPUTING/assignments/assignment_07/data/dog_reference/dog_reference.zip    469MB 37.9MB/s
[1A[2K[1A[2KCollecting 1 genome record [================================================] 100% 1/1
Downloading: /sciclone/home/tdfelton/SUPERCOMPUTING/assignments/assignment_07/data/dog_reference/dog_reference.zip    469MB 37.9MB/s
[1A[2K[1A[2KCollecting 1 genome record [================================================] 100% 1/1
Downloading: /sciclone/home/tdfelton/SUPERCOMPUTING/assignments/assignment_07/data/dog_reference/dog_reference.zip    469MB 37.9MB/s
[1A[2K[1A[2KCollecting 1 genome record [================================================] 100% 1/1
Downloading: /sciclone/home/tdfelton/SUPERCOMPUTING/assignments/assignment_07/data/dog_reference/dog_reference.zip    470MB 37.9MB/s
[1A[2K[1A[2KCollecting 1 genome record [================================================] 100% 1/1
Downloading: /sciclone/home/tdfelton/SUPERCOMPUTING/assignments/assignment_07/data/dog_reference/dog_reference.zip    470MB 37.9MB/s
[1A[2K[1A[2KCollecting 1 genome record [================================================] 100% 1/1
Downloading: /sciclone/home/tdfelton/SUPERCOMPUTING/assignments/assignment_07/data/dog_reference/dog_reference.zip    471MB 37.9MB/s
[1A[2K[1A[2KCollecting 1 genome record [================================================] 100% 1/1
Downloading: /sciclone/home/tdfelton/SUPERCOMPUTING/assignments/assignment_07/data/dog_reference/dog_reference.zip    471MB 37.9MB/s
[1A[2K[1A[2KCollecting 1 genome record [================================================] 100% 1/1
Downloading: /sciclone/home/tdfelton/SUPERCOMPUTING/assignments/assignment_07/data/dog_reference/dog_reference.zip    471MB 37.9MB/s
[1A[2K[1A[2KCollecting 1 genome record [================================================] 100% 1/1
Downloading: /sciclone/home/tdfelton/SUPERCOMPUTING/assignments/assignment_07/data/dog_reference/dog_reference.zip    472MB 37.9MB/s
[1A[2K[1A[2KCollecting 1 genome record [================================================] 100% 1/1
Downloading: /sciclone/home/tdfelton/SUPERCOMPUTING/assignments/assignment_07/data/dog_reference/dog_reference.zip    472MB 37.9MB/s
[1A[2K[1A[2KCollecting 1 genome record [================================================] 100% 1/1
Downloading: /sciclone/home/tdfelton/SUPERCOMPUTING/assignments/assignment_07/data/dog_reference/dog_reference.zip    473MB 37.9MB/s
[1A[2K[1A[2KCollecting 1 genome record [================================================] 100% 1/1
Downloading: /sciclone/home/tdfelton/SUPERCOMPUTING/assignments/assignment_07/data/dog_reference/dog_reference.zip    473MB 37.9MB/s
[1A[2K[1A[2KCollecting 1 genome record [================================================] 100% 1/1
Downloading: /sciclone/home/tdfelton/SUPERCOMPUTING/assignments/assignment_07/data/dog_reference/dog_reference.zip    473MB 37.9MB/s
[1A[2K[1A[2KCollecting 1 genome record [================================================] 100% 1/1
Downloading: /sciclone/home/tdfelton/SUPERCOMPUTING/assignments/assignment_07/data/dog_reference/dog_reference.zip    474MB 37.9MB/s
[1A[2K[1A[2KCollecting 1 genome record [================================================] 100% 1/1
Downloading: /sciclone/home/tdfelton/SUPERCOMPUTING/assignments/assignment_07/data/dog_reference/dog_reference.zip    474MB 37.9MB/s
[1A[2K[1A[2KCollecting 1 genome record [================================================] 100% 1/1
Downloading: /sciclone/home/tdfelton/SUPERCOMPUTING/assignments/assignment_07/data/dog_reference/dog_reference.zip    474MB 37.9MB/s
[1A[2K[1A[2KCollecting 1 genome record [================================================] 100% 1/1
Downloading: /sciclone/home/tdfelton/SUPERCOMPUTING/assignments/assignment_07/data/dog_reference/dog_reference.zip    475MB 37.9MB/s
[1A[2K[1A[2KCollecting 1 genome record [================================================] 100% 1/1
Downloading: /sciclone/home/tdfelton/SUPERCOMPUTING/assignments/assignment_07/data/dog_reference/dog_reference.zip    475MB 37.9MB/s
[1A[2K[1A[2KCollecting 1 genome record [================================================] 100% 1/1
Downloading: /sciclone/home/tdfelton/SUPERCOMPUTING/assignments/assignment_07/data/dog_reference/dog_reference.zip    476MB 37.9MB/s
[1A[2K[1A[2KCollecting 1 genome record [================================================] 100% 1/1
Downloading: /sciclone/home/tdfelton/SUPERCOMPUTING/assignments/assignment_07/data/dog_reference/dog_reference.zip    476MB 37.9MB/s
[1A[2K[1A[2KCollecting 1 genome record [================================================] 100% 1/1
Downloading: /sciclone/home/tdfelton/SUPERCOMPUTING/assignments/assignment_07/data/dog_reference/dog_reference.zip    476MB 37.9MB/s
[1A[2K[1A[2KCollecting 1 genome record [================================================] 100% 1/1
Downloading: /sciclone/home/tdfelton/SUPERCOMPUTING/assignments/assignment_07/data/dog_reference/dog_reference.zip    477MB 37.9MB/s
[1A[2K[1A[2KCollecting 1 genome record [================================================] 100% 1/1
Downloading: /sciclone/home/tdfelton/SUPERCOMPUTING/assignments/assignment_07/data/dog_reference/dog_reference.zip    477MB 37.9MB/s
[1A[2K[1A[2KCollecting 1 genome record [================================================] 100% 1/1
Downloading: /sciclone/home/tdfelton/SUPERCOMPUTING/assignments/assignment_07/data/dog_reference/dog_reference.zip    478MB 37.9MB/s
[1A[2K[1A[2KCollecting 1 genome record [================================================] 100% 1/1
Downloading: /sciclone/home/tdfelton/SUPERCOMPUTING/assignments/assignment_07/data/dog_reference/dog_reference.zip    478MB 37.9MB/s
[1A[2K[1A[2KCollecting 1 genome record [================================================] 100% 1/1
Downloading: /sciclone/home/tdfelton/SUPERCOMPUTING/assignments/assignment_07/data/dog_reference/dog_reference.zip    478MB 37.9MB/s
[1A[2K[1A[2KCollecting 1 genome record [================================================] 100% 1/1
Downloading: /sciclone/home/tdfelton/SUPERCOMPUTING/assignments/assignment_07/data/dog_reference/dog_reference.zip    479MB 37.9MB/s
[1A[2K[1A[2KCollecting 1 genome record [================================================] 100% 1/1
Downloading: /sciclone/home/tdfelton/SUPERCOMPUTING/assignments/assignment_07/data/dog_reference/dog_reference.zip    479MB 37.9MB/s
[1A[2K[1A[2KCollecting 1 genome record [================================================] 100% 1/1
Downloading: /sciclone/home/tdfelton/SUPERCOMPUTING/assignments/assignment_07/data/dog_reference/dog_reference.zip    480MB 37.9MB/s
[1A[2K[1A[2KCollecting 1 genome record [================================================] 100% 1/1
Downloading: /sciclone/home/tdfelton/SUPERCOMPUTING/assignments/assignment_07/data/dog_reference/dog_reference.zip    480MB 37.9MB/s
[1A[2K[1A[2KCollecting 1 genome record [================================================] 100% 1/1
Downloading: /sciclone/home/tdfelton/SUPERCOMPUTING/assignments/assignment_07/data/dog_reference/dog_reference.zip    480MB 37.9MB/s
[1A[2K[1A[2KCollecting 1 genome record [================================================] 100% 1/1
Downloading: /sciclone/home/tdfelton/SUPERCOMPUTING/assignments/assignment_07/data/dog_reference/dog_reference.zip    481MB 37.9MB/s
[1A[2K[1A[2KCollecting 1 genome record [================================================] 100% 1/1
Downloading: /sciclone/home/tdfelton/SUPERCOMPUTING/assignments/assignment_07/data/dog_reference/dog_reference.zip    481MB 37.9MB/s
[1A[2K[1A[2KCollecting 1 genome record [================================================] 100% 1/1
Downloading: /sciclone/home/tdfelton/SUPERCOMPUTING/assignments/assignment_07/data/dog_reference/dog_reference.zip    481MB 37.9MB/s
[1A[2K[1A[2KCollecting 1 genome record [================================================] 100% 1/1
Downloading: /sciclone/home/tdfelton/SUPERCOMPUTING/assignments/assignment_07/data/dog_reference/dog_reference.zip    482MB 37.9MB/s
[1A[2K[1A[2KCollecting 1 genome record [================================================] 100% 1/1
Downloading: /sciclone/home/tdfelton/SUPERCOMPUTING/assignments/assignment_07/data/dog_reference/dog_reference.zip    482MB 37.9MB/s
[1A[2K[1A[2KCollecting 1 genome record [================================================] 100% 1/1
Downloading: /sciclone/home/tdfelton/SUPERCOMPUTING/assignments/assignment_07/data/dog_reference/dog_reference.zip    483MB 37.9MB/s
[1A[2K[1A[2KCollecting 1 genome record [================================================] 100% 1/1
Downloading: /sciclone/home/tdfelton/SUPERCOMPUTING/assignments/assignment_07/data/dog_reference/dog_reference.zip    483MB 37.9MB/s
[1A[2K[1A[2KCollecting 1 genome record [================================================] 100% 1/1
Downloading: /sciclone/home/tdfelton/SUPERCOMPUTING/assignments/assignment_07/data/dog_reference/dog_reference.zip    483MB 37.9MB/s
[1A[2K[1A[2KCollecting 1 genome record [================================================] 100% 1/1
Downloading: /sciclone/home/tdfelton/SUPERCOMPUTING/assignments/assignment_07/data/dog_reference/dog_reference.zip    484MB 37.9MB/s
[1A[2K[1A[2KCollecting 1 genome record [================================================] 100% 1/1
Downloading: /sciclone/home/tdfelton/SUPERCOMPUTING/assignments/assignment_07/data/dog_reference/dog_reference.zip    484MB 37.9MB/s
[1A[2K[1A[2KCollecting 1 genome record [================================================] 100% 1/1
Downloading: /sciclone/home/tdfelton/SUPERCOMPUTING/assignments/assignment_07/data/dog_reference/dog_reference.zip    484MB 37.9MB/s
[1A[2K[1A[2KCollecting 1 genome record [================================================] 100% 1/1
Downloading: /sciclone/home/tdfelton/SUPERCOMPUTING/assignments/assignment_07/data/dog_reference/dog_reference.zip    485MB 37.9MB/s
[1A[2K[1A[2KCollecting 1 genome record [================================================] 100% 1/1
Downloading: /sciclone/home/tdfelton/SUPERCOMPUTING/assignments/assignment_07/data/dog_reference/dog_reference.zip    485MB 37.9MB/s
[1A[2K[1A[2KCollecting 1 genome record [================================================] 100% 1/1
Downloading: /sciclone/home/tdfelton/SUPERCOMPUTING/assignments/assignment_07/data/dog_reference/dog_reference.zip    486MB 37.9MB/s
[1A[2K[1A[2KCollecting 1 genome record [================================================] 100% 1/1
Downloading: /sciclone/home/tdfelton/SUPERCOMPUTING/assignments/assignment_07/data/dog_reference/dog_reference.zip    486MB 37.9MB/s
[1A[2K[1A[2KCollecting 1 genome record [================================================] 100% 1/1
Downloading: /sciclone/home/tdfelton/SUPERCOMPUTING/assignments/assignment_07/data/dog_reference/dog_reference.zip    486MB 37.9MB/s
[1A[2K[1A[2KCollecting 1 genome record [================================================] 100% 1/1
Downloading: /sciclone/home/tdfelton/SUPERCOMPUTING/assignments/assignment_07/data/dog_reference/dog_reference.zip    487MB 37.9MB/s
[1A[2K[1A[2KCollecting 1 genome record [================================================] 100% 1/1
Downloading: /sciclone/home/tdfelton/SUPERCOMPUTING/assignments/assignment_07/data/dog_reference/dog_reference.zip    487MB 37.9MB/s
[1A[2K[1A[2KCollecting 1 genome record [================================================] 100% 1/1
Downloading: /sciclone/home/tdfelton/SUPERCOMPUTING/assignments/assignment_07/data/dog_reference/dog_reference.zip    488MB 37.9MB/s
[1A[2K[1A[2KCollecting 1 genome record [================================================] 100% 1/1
Downloading: /sciclone/home/tdfelton/SUPERCOMPUTING/assignments/assignment_07/data/dog_reference/dog_reference.zip    488MB 37.9MB/s
[1A[2K[1A[2KCollecting 1 genome record [================================================] 100% 1/1
Downloading: /sciclone/home/tdfelton/SUPERCOMPUTING/assignments/assignment_07/data/dog_reference/dog_reference.zip    488MB 37.9MB/s
[1A[2K[1A[2KCollecting 1 genome record [================================================] 100% 1/1
Downloading: /sciclone/home/tdfelton/SUPERCOMPUTING/assignments/assignment_07/data/dog_reference/dog_reference.zip    489MB 37.9MB/s
[1A[2K[1A[2KCollecting 1 genome record [================================================] 100% 1/1
Downloading: /sciclone/home/tdfelton/SUPERCOMPUTING/assignments/assignment_07/data/dog_reference/dog_reference.zip    489MB 37.9MB/s
[1A[2K[1A[2KCollecting 1 genome record [================================================] 100% 1/1
Downloading: /sciclone/home/tdfelton/SUPERCOMPUTING/assignments/assignment_07/data/dog_reference/dog_reference.zip    490MB 37.9MB/s
[1A[2K[1A[2KCollecting 1 genome record [================================================] 100% 1/1
Downloading: /sciclone/home/tdfelton/SUPERCOMPUTING/assignments/assignment_07/data/dog_reference/dog_reference.zip    490MB 37.9MB/s
[1A[2K[1A[2KCollecting 1 genome record [================================================] 100% 1/1
Downloading: /sciclone/home/tdfelton/SUPERCOMPUTING/assignments/assignment_07/data/dog_reference/dog_reference.zip    490MB 37.9MB/s
[1A[2K[1A[2KCollecting 1 genome record [================================================] 100% 1/1
Downloading: /sciclone/home/tdfelton/SUPERCOMPUTING/assignments/assignment_07/data/dog_reference/dog_reference.zip    491MB 37.9MB/s
[1A[2K[1A[2KCollecting 1 genome record [================================================] 100% 1/1
Downloading: /sciclone/home/tdfelton/SUPERCOMPUTING/assignments/assignment_07/data/dog_reference/dog_reference.zip    491MB 37.9MB/s
[1A[2K[1A[2KCollecting 1 genome record [================================================] 100% 1/1
Downloading: /sciclone/home/tdfelton/SUPERCOMPUTING/assignments/assignment_07/data/dog_reference/dog_reference.zip    492MB 37.9MB/s
[1A[2K[1A[2KCollecting 1 genome record [================================================] 100% 1/1
Downloading: /sciclone/home/tdfelton/SUPERCOMPUTING/assignments/assignment_07/data/dog_reference/dog_reference.zip    492MB 37.9MB/s
[1A[2K[1A[2KCollecting 1 genome record [================================================] 100% 1/1
Downloading: /sciclone/home/tdfelton/SUPERCOMPUTING/assignments/assignment_07/data/dog_reference/dog_reference.zip    492MB 37.9MB/s
[1A[2K[1A[2KCollecting 1 genome record [================================================] 100% 1/1
Downloading: /sciclone/home/tdfelton/SUPERCOMPUTING/assignments/assignment_07/data/dog_reference/dog_reference.zip    493MB 37.9MB/s
[1A[2K[1A[2KCollecting 1 genome record [================================================] 100% 1/1
Downloading: /sciclone/home/tdfelton/SUPERCOMPUTING/assignments/assignment_07/data/dog_reference/dog_reference.zip    493MB 37.9MB/s
[1A[2K[1A[2KCollecting 1 genome record [================================================] 100% 1/1
Downloading: /sciclone/home/tdfelton/SUPERCOMPUTING/assignments/assignment_07/data/dog_reference/dog_reference.zip    494MB 37.9MB/s
[1A[2K[1A[2KCollecting 1 genome record [================================================] 100% 1/1
Downloading: /sciclone/home/tdfelton/SUPERCOMPUTING/assignments/assignment_07/data/dog_reference/dog_reference.zip    494MB 37.9MB/s
[1A[2K[1A[2KCollecting 1 genome record [================================================] 100% 1/1
Downloading: /sciclone/home/tdfelton/SUPERCOMPUTING/assignments/assignment_07/data/dog_reference/dog_reference.zip    494MB 37.9MB/s
[1A[2K[1A[2KCollecting 1 genome record [================================================] 100% 1/1
Downloading: /sciclone/home/tdfelton/SUPERCOMPUTING/assignments/assignment_07/data/dog_reference/dog_reference.zip    495MB 37.9MB/s
[1A[2K[1A[2KCollecting 1 genome record [================================================] 100% 1/1
Downloading: /sciclone/home/tdfelton/SUPERCOMPUTING/assignments/assignment_07/data/dog_reference/dog_reference.zip    495MB 37.9MB/s
[1A[2K[1A[2KCollecting 1 genome record [================================================] 100% 1/1
Downloading: /sciclone/home/tdfelton/SUPERCOMPUTING/assignments/assignment_07/data/dog_reference/dog_reference.zip    495MB 37.9MB/s
[1A[2K[1A[2KCollecting 1 genome record [================================================] 100% 1/1
Downloading: /sciclone/home/tdfelton/SUPERCOMPUTING/assignments/assignment_07/data/dog_reference/dog_reference.zip    496MB 37.9MB/s
[1A[2K[1A[2KCollecting 1 genome record [================================================] 100% 1/1
Downloading: /sciclone/home/tdfelton/SUPERCOMPUTING/assignments/assignment_07/data/dog_reference/dog_reference.zip    496MB 37.9MB/s
[1A[2K[1A[2KCollecting 1 genome record [================================================] 100% 1/1
Downloading: /sciclone/home/tdfelton/SUPERCOMPUTING/assignments/assignment_07/data/dog_reference/dog_reference.zip    497MB 37.9MB/s
[1A[2K[1A[2KCollecting 1 genome record [================================================] 100% 1/1
Downloading: /sciclone/home/tdfelton/SUPERCOMPUTING/assignments/assignment_07/data/dog_reference/dog_reference.zip    497MB 37.9MB/s
[1A[2K[1A[2KCollecting 1 genome record [================================================] 100% 1/1
Downloading: /sciclone/home/tdfelton/SUPERCOMPUTING/assignments/assignment_07/data/dog_reference/dog_reference.zip    497MB 37.9MB/s
[1A[2K[1A[2KCollecting 1 genome record [================================================] 100% 1/1
Downloading: /sciclone/home/tdfelton/SUPERCOMPUTING/assignments/assignment_07/data/dog_reference/dog_reference.zip    498MB 37.9MB/s
[1A[2K[1A[2KCollecting 1 genome record [================================================] 100% 1/1
Downloading: /sciclone/home/tdfelton/SUPERCOMPUTING/assignments/assignment_07/data/dog_reference/dog_reference.zip    498MB 37.9MB/s
[1A[2K[1A[2KCollecting 1 genome record [================================================] 100% 1/1
Downloading: /sciclone/home/tdfelton/SUPERCOMPUTING/assignments/assignment_07/data/dog_reference/dog_reference.zip    499MB 37.9MB/s
[1A[2K[1A[2KCollecting 1 genome record [================================================] 100% 1/1
Downloading: /sciclone/home/tdfelton/SUPERCOMPUTING/assignments/assignment_07/data/dog_reference/dog_reference.zip    499MB 37.9MB/s
[1A[2K[1A[2KCollecting 1 genome record [================================================] 100% 1/1
Downloading: /sciclone/home/tdfelton/SUPERCOMPUTING/assignments/assignment_07/data/dog_reference/dog_reference.zip    499MB 37.9MB/s
[1A[2K[1A[2KCollecting 1 genome record [================================================] 100% 1/1
Downloading: /sciclone/home/tdfelton/SUPERCOMPUTING/assignments/assignment_07/data/dog_reference/dog_reference.zip    500MB 37.9MB/s
[1A[2K[1A[2KCollecting 1 genome record [================================================] 100% 1/1
Downloading: /sciclone/home/tdfelton/SUPERCOMPUTING/assignments/assignment_07/data/dog_reference/dog_reference.zip    500MB 37.9MB/s
[1A[2K[1A[2KCollecting 1 genome record [================================================] 100% 1/1
Downloading: /sciclone/home/tdfelton/SUPERCOMPUTING/assignments/assignment_07/data/dog_reference/dog_reference.zip    501MB 37.9MB/s
[1A[2K[1A[2KCollecting 1 genome record [================================================] 100% 1/1
Downloading: /sciclone/home/tdfelton/SUPERCOMPUTING/assignments/assignment_07/data/dog_reference/dog_reference.zip    501MB 37.9MB/s
[1A[2K[1A[2KCollecting 1 genome record [================================================] 100% 1/1
Downloading: /sciclone/home/tdfelton/SUPERCOMPUTING/assignments/assignment_07/data/dog_reference/dog_reference.zip    501MB 37.9MB/s
[1A[2K[1A[2KCollecting 1 genome record [================================================] 100% 1/1
Downloading: /sciclone/home/tdfelton/SUPERCOMPUTING/assignments/assignment_07/data/dog_reference/dog_reference.zip    502MB 37.9MB/s
[1A[2K[1A[2KCollecting 1 genome record [================================================] 100% 1/1
Downloading: /sciclone/home/tdfelton/SUPERCOMPUTING/assignments/assignment_07/data/dog_reference/dog_reference.zip    502MB 37.9MB/s
[1A[2K[1A[2KCollecting 1 genome record [================================================] 100% 1/1
Downloading: /sciclone/home/tdfelton/SUPERCOMPUTING/assignments/assignment_07/data/dog_reference/dog_reference.zip    503MB 37.9MB/s
[1A[2K[1A[2KCollecting 1 genome record [================================================] 100% 1/1
Downloading: /sciclone/home/tdfelton/SUPERCOMPUTING/assignments/assignment_07/data/dog_reference/dog_reference.zip    503MB 37.9MB/s
[1A[2K[1A[2KCollecting 1 genome record [================================================] 100% 1/1
Downloading: /sciclone/home/tdfelton/SUPERCOMPUTING/assignments/assignment_07/data/dog_reference/dog_reference.zip    503MB 37.9MB/s
[1A[2K[1A[2KCollecting 1 genome record [================================================] 100% 1/1
Downloading: /sciclone/home/tdfelton/SUPERCOMPUTING/assignments/assignment_07/data/dog_reference/dog_reference.zip    504MB 37.9MB/s
[1A[2K[1A[2KCollecting 1 genome record [================================================] 100% 1/1
Downloading: /sciclone/home/tdfelton/SUPERCOMPUTING/assignments/assignment_07/data/dog_reference/dog_reference.zip    504MB 37.9MB/s
[1A[2K[1A[2KCollecting 1 genome record [================================================] 100% 1/1
Downloading: /sciclone/home/tdfelton/SUPERCOMPUTING/assignments/assignment_07/data/dog_reference/dog_reference.zip    504MB 37.9MB/s
[1A[2K[1A[2KCollecting 1 genome record [================================================] 100% 1/1
Downloading: /sciclone/home/tdfelton/SUPERCOMPUTING/assignments/assignment_07/data/dog_reference/dog_reference.zip    505MB 37.9MB/s
[1A[2K[1A[2KCollecting 1 genome record [================================================] 100% 1/1
Downloading: /sciclone/home/tdfelton/SUPERCOMPUTING/assignments/assignment_07/data/dog_reference/dog_reference.zip    505MB 37.9MB/s
[1A[2K[1A[2KCollecting 1 genome record [================================================] 100% 1/1
Downloading: /sciclone/home/tdfelton/SUPERCOMPUTING/assignments/assignment_07/data/dog_reference/dog_reference.zip    506MB 37.9MB/s
[1A[2K[1A[2KCollecting 1 genome record [================================================] 100% 1/1
Downloading: /sciclone/home/tdfelton/SUPERCOMPUTING/assignments/assignment_07/data/dog_reference/dog_reference.zip    506MB 37.9MB/s
[1A[2K[1A[2KCollecting 1 genome record [================================================] 100% 1/1
Downloading: /sciclone/home/tdfelton/SUPERCOMPUTING/assignments/assignment_07/data/dog_reference/dog_reference.zip    506MB 37.9MB/s
[1A[2K[1A[2KCollecting 1 genome record [================================================] 100% 1/1
Downloading: /sciclone/home/tdfelton/SUPERCOMPUTING/assignments/assignment_07/data/dog_reference/dog_reference.zip    507MB 37.9MB/s
[1A[2K[1A[2KCollecting 1 genome record [================================================] 100% 1/1
Downloading: /sciclone/home/tdfelton/SUPERCOMPUTING/assignments/assignment_07/data/dog_reference/dog_reference.zip    507MB 37.9MB/s
[1A[2K[1A[2KCollecting 1 genome record [================================================] 100% 1/1
Downloading: /sciclone/home/tdfelton/SUPERCOMPUTING/assignments/assignment_07/data/dog_reference/dog_reference.zip    508MB 37.9MB/s
[1A[2K[1A[2KCollecting 1 genome record [================================================] 100% 1/1
Downloading: /sciclone/home/tdfelton/SUPERCOMPUTING/assignments/assignment_07/data/dog_reference/dog_reference.zip    508MB 37.9MB/s
[1A[2K[1A[2KCollecting 1 genome record [================================================] 100% 1/1
Downloading: /sciclone/home/tdfelton/SUPERCOMPUTING/assignments/assignment_07/data/dog_reference/dog_reference.zip    508MB 37.9MB/s
[1A[2K[1A[2KCollecting 1 genome record [================================================] 100% 1/1
Downloading: /sciclone/home/tdfelton/SUPERCOMPUTING/assignments/assignment_07/data/dog_reference/dog_reference.zip    509MB 37.9MB/s
[1A[2K[1A[2KCollecting 1 genome record [================================================] 100% 1/1
Downloading: /sciclone/home/tdfelton/SUPERCOMPUTING/assignments/assignment_07/data/dog_reference/dog_reference.zip    509MB 37.9MB/s
[1A[2K[1A[2KCollecting 1 genome record [================================================] 100% 1/1
Downloading: /sciclone/home/tdfelton/SUPERCOMPUTING/assignments/assignment_07/data/dog_reference/dog_reference.zip    510MB 37.9MB/s
[1A[2K[1A[2KCollecting 1 genome record [================================================] 100% 1/1
Downloading: /sciclone/home/tdfelton/SUPERCOMPUTING/assignments/assignment_07/data/dog_reference/dog_reference.zip    510MB 37.9MB/s
[1A[2K[1A[2KCollecting 1 genome record [================================================] 100% 1/1
Downloading: /sciclone/home/tdfelton/SUPERCOMPUTING/assignments/assignment_07/data/dog_reference/dog_reference.zip    510MB 37.9MB/s
[1A[2K[1A[2KCollecting 1 genome record [================================================] 100% 1/1
Downloading: /sciclone/home/tdfelton/SUPERCOMPUTING/assignments/assignment_07/data/dog_reference/dog_reference.zip    511MB 37.9MB/s
[1A[2K[1A[2KCollecting 1 genome record [================================================] 100% 1/1
Downloading: /sciclone/home/tdfelton/SUPERCOMPUTING/assignments/assignment_07/data/dog_reference/dog_reference.zip    511MB 37.9MB/s
[1A[2K[1A[2KCollecting 1 genome record [================================================] 100% 1/1
Downloading: /sciclone/home/tdfelton/SUPERCOMPUTING/assignments/assignment_07/data/dog_reference/dog_reference.zip    512MB 37.9MB/s
[1A[2K[1A[2KCollecting 1 genome record [================================================] 100% 1/1
Downloading: /sciclone/home/tdfelton/SUPERCOMPUTING/assignments/assignment_07/data/dog_reference/dog_reference.zip    512MB 37.9MB/s
[1A[2K[1A[2KCollecting 1 genome record [================================================] 100% 1/1
Downloading: /sciclone/home/tdfelton/SUPERCOMPUTING/assignments/assignment_07/data/dog_reference/dog_reference.zip    512MB 37.9MB/s
[1A[2K[1A[2KCollecting 1 genome record [================================================] 100% 1/1
Downloading: /sciclone/home/tdfelton/SUPERCOMPUTING/assignments/assignment_07/data/dog_reference/dog_reference.zip    513MB 37.9MB/s
[1A[2K[1A[2KCollecting 1 genome record [================================================] 100% 1/1
Downloading: /sciclone/home/tdfelton/SUPERCOMPUTING/assignments/assignment_07/data/dog_reference/dog_reference.zip    513MB 37.9MB/s
[1A[2K[1A[2KCollecting 1 genome record [================================================] 100% 1/1
Downloading: /sciclone/home/tdfelton/SUPERCOMPUTING/assignments/assignment_07/data/dog_reference/dog_reference.zip    514MB 37.9MB/s
[1A[2K[1A[2KCollecting 1 genome record [================================================] 100% 1/1
Downloading: /sciclone/home/tdfelton/SUPERCOMPUTING/assignments/assignment_07/data/dog_reference/dog_reference.zip    514MB 37.9MB/s
[1A[2K[1A[2KCollecting 1 genome record [================================================] 100% 1/1
Downloading: /sciclone/home/tdfelton/SUPERCOMPUTING/assignments/assignment_07/data/dog_reference/dog_reference.zip    514MB 37.9MB/s
[1A[2K[1A[2KCollecting 1 genome record [================================================] 100% 1/1
Downloading: /sciclone/home/tdfelton/SUPERCOMPUTING/assignments/assignment_07/data/dog_reference/dog_reference.zip    515MB 37.9MB/s
[1A[2K[1A[2KCollecting 1 genome record [================================================] 100% 1/1
Downloading: /sciclone/home/tdfelton/SUPERCOMPUTING/assignments/assignment_07/data/dog_reference/dog_reference.zip    515MB 37.9MB/s
[1A[2K[1A[2KCollecting 1 genome record [================================================] 100% 1/1
Downloading: /sciclone/home/tdfelton/SUPERCOMPUTING/assignments/assignment_07/data/dog_reference/dog_reference.zip    515MB 37.9MB/s
[1A[2K[1A[2KCollecting 1 genome record [================================================] 100% 1/1
Downloading: /sciclone/home/tdfelton/SUPERCOMPUTING/assignments/assignment_07/data/dog_reference/dog_reference.zip    516MB 37.9MB/s
[1A[2K[1A[2KCollecting 1 genome record [================================================] 100% 1/1
Downloading: /sciclone/home/tdfelton/SUPERCOMPUTING/assignments/assignment_07/data/dog_reference/dog_reference.zip    516MB 37.9MB/s
[1A[2K[1A[2KCollecting 1 genome record [================================================] 100% 1/1
Downloading: /sciclone/home/tdfelton/SUPERCOMPUTING/assignments/assignment_07/data/dog_reference/dog_reference.zip    517MB 37.9MB/s
[1A[2K[1A[2KCollecting 1 genome record [================================================] 100% 1/1
Downloading: /sciclone/home/tdfelton/SUPERCOMPUTING/assignments/assignment_07/data/dog_reference/dog_reference.zip    517MB 37.9MB/s
[1A[2K[1A[2KCollecting 1 genome record [================================================] 100% 1/1
Downloading: /sciclone/home/tdfelton/SUPERCOMPUTING/assignments/assignment_07/data/dog_reference/dog_reference.zip    517MB 37.9MB/s
[1A[2K[1A[2KCollecting 1 genome record [================================================] 100% 1/1
Downloading: /sciclone/home/tdfelton/SUPERCOMPUTING/assignments/assignment_07/data/dog_reference/dog_reference.zip    518MB 37.9MB/s
[1A[2K[1A[2KCollecting 1 genome record [================================================] 100% 1/1
Downloading: /sciclone/home/tdfelton/SUPERCOMPUTING/assignments/assignment_07/data/dog_reference/dog_reference.zip    518MB 37.9MB/s
[1A[2K[1A[2KCollecting 1 genome record [================================================] 100% 1/1
Downloading: /sciclone/home/tdfelton/SUPERCOMPUTING/assignments/assignment_07/data/dog_reference/dog_reference.zip    519MB 37.9MB/s
[1A[2K[1A[2KCollecting 1 genome record [================================================] 100% 1/1
Downloading: /sciclone/home/tdfelton/SUPERCOMPUTING/assignments/assignment_07/data/dog_reference/dog_reference.zip    519MB 37.9MB/s
[1A[2K[1A[2KCollecting 1 genome record [================================================] 100% 1/1
Downloading: /sciclone/home/tdfelton/SUPERCOMPUTING/assignments/assignment_07/data/dog_reference/dog_reference.zip    519MB 37.9MB/s
[1A[2K[1A[2KCollecting 1 genome record [================================================] 100% 1/1
Downloading: /sciclone/home/tdfelton/SUPERCOMPUTING/assignments/assignment_07/data/dog_reference/dog_reference.zip    520MB 37.9MB/s
[1A[2K[1A[2KCollecting 1 genome record [================================================] 100% 1/1
Downloading: /sciclone/home/tdfelton/SUPERCOMPUTING/assignments/assignment_07/data/dog_reference/dog_reference.zip    520MB 37.9MB/s
[1A[2K[1A[2KCollecting 1 genome record [================================================] 100% 1/1
Downloading: /sciclone/home/tdfelton/SUPERCOMPUTING/assignments/assignment_07/data/dog_reference/dog_reference.zip    521MB 37.9MB/s
[1A[2K[1A[2KCollecting 1 genome record [================================================] 100% 1/1
Downloading: /sciclone/home/tdfelton/SUPERCOMPUTING/assignments/assignment_07/data/dog_reference/dog_reference.zip    521MB 37.9MB/s
[1A[2K[1A[2KCollecting 1 genome record [================================================] 100% 1/1
Downloading: /sciclone/home/tdfelton/SUPERCOMPUTING/assignments/assignment_07/data/dog_reference/dog_reference.zip    521MB 37.9MB/s
[1A[2K[1A[2KCollecting 1 genome record [================================================] 100% 1/1
Downloading: /sciclone/home/tdfelton/SUPERCOMPUTING/assignments/assignment_07/data/dog_reference/dog_reference.zip    522MB 37.9MB/s
[1A[2K[1A[2KCollecting 1 genome record [================================================] 100% 1/1
Downloading: /sciclone/home/tdfelton/SUPERCOMPUTING/assignments/assignment_07/data/dog_reference/dog_reference.zip    522MB 37.9MB/s
[1A[2K[1A[2KCollecting 1 genome record [================================================] 100% 1/1
Downloading: /sciclone/home/tdfelton/SUPERCOMPUTING/assignments/assignment_07/data/dog_reference/dog_reference.zip    523MB 37.9MB/s
[1A[2K[1A[2KCollecting 1 genome record [================================================] 100% 1/1
Downloading: /sciclone/home/tdfelton/SUPERCOMPUTING/assignments/assignment_07/data/dog_reference/dog_reference.zip    523MB 37.9MB/s
[1A[2K[1A[2KCollecting 1 genome record [================================================] 100% 1/1
Downloading: /sciclone/home/tdfelton/SUPERCOMPUTING/assignments/assignment_07/data/dog_reference/dog_reference.zip    523MB 37.9MB/s
[1A[2K[1A[2KCollecting 1 genome record [================================================] 100% 1/1
Downloading: /sciclone/home/tdfelton/SUPERCOMPUTING/assignments/assignment_07/data/dog_reference/dog_reference.zip    524MB 37.9MB/s
[1A[2K[1A[2KCollecting 1 genome record [================================================] 100% 1/1
Downloading: /sciclone/home/tdfelton/SUPERCOMPUTING/assignments/assignment_07/data/dog_reference/dog_reference.zip    524MB 37.9MB/s
[1A[2K[1A[2KCollecting 1 genome record [================================================] 100% 1/1
Downloading: /sciclone/home/tdfelton/SUPERCOMPUTING/assignments/assignment_07/data/dog_reference/dog_reference.zip    524MB 37.9MB/s
[1A[2K[1A[2KCollecting 1 genome record [================================================] 100% 1/1
Downloading: /sciclone/home/tdfelton/SUPERCOMPUTING/assignments/assignment_07/data/dog_reference/dog_reference.zip    525MB 37.9MB/s
[1A[2K[1A[2KCollecting 1 genome record [================================================] 100% 1/1
Downloading: /sciclone/home/tdfelton/SUPERCOMPUTING/assignments/assignment_07/data/dog_reference/dog_reference.zip    525MB 37.9MB/s
[1A[2K[1A[2KCollecting 1 genome record [================================================] 100% 1/1
Downloading: /sciclone/home/tdfelton/SUPERCOMPUTING/assignments/assignment_07/data/dog_reference/dog_reference.zip    526MB 37.9MB/s
[1A[2K[1A[2KCollecting 1 genome record [================================================] 100% 1/1
Downloading: /sciclone/home/tdfelton/SUPERCOMPUTING/assignments/assignment_07/data/dog_reference/dog_reference.zip    526MB 37.9MB/s
[1A[2K[1A[2KCollecting 1 genome record [================================================] 100% 1/1
Downloading: /sciclone/home/tdfelton/SUPERCOMPUTING/assignments/assignment_07/data/dog_reference/dog_reference.zip    526MB 37.9MB/s
[1A[2K[1A[2KCollecting 1 genome record [================================================] 100% 1/1
Downloading: /sciclone/home/tdfelton/SUPERCOMPUTING/assignments/assignment_07/data/dog_reference/dog_reference.zip    527MB 37.9MB/s
[1A[2K[1A[2KCollecting 1 genome record [================================================] 100% 1/1
Downloading: /sciclone/home/tdfelton/SUPERCOMPUTING/assignments/assignment_07/data/dog_reference/dog_reference.zip    527MB 37.9MB/s
[1A[2K[1A[2KCollecting 1 genome record [================================================] 100% 1/1
Downloading: /sciclone/home/tdfelton/SUPERCOMPUTING/assignments/assignment_07/data/dog_reference/dog_reference.zip    527MB 37.9MB/s
[1A[2K[1A[2KCollecting 1 genome record [================================================] 100% 1/1
Downloading: /sciclone/home/tdfelton/SUPERCOMPUTING/assignments/assignment_07/data/dog_reference/dog_reference.zip    528MB 37.9MB/s
[1A[2K[1A[2KCollecting 1 genome record [================================================] 100% 1/1
Downloading: /sciclone/home/tdfelton/SUPERCOMPUTING/assignments/assignment_07/data/dog_reference/dog_reference.zip    528MB 37.9MB/s
[1A[2K[1A[2KCollecting 1 genome record [================================================] 100% 1/1
Downloading: /sciclone/home/tdfelton/SUPERCOMPUTING/assignments/assignment_07/data/dog_reference/dog_reference.zip    529MB 37.9MB/s
[1A[2K[1A[2KCollecting 1 genome record [================================================] 100% 1/1
Downloading: /sciclone/home/tdfelton/SUPERCOMPUTING/assignments/assignment_07/data/dog_reference/dog_reference.zip    529MB 37.9MB/s
[1A[2K[1A[2KCollecting 1 genome record [================================================] 100% 1/1
Downloading: /sciclone/home/tdfelton/SUPERCOMPUTING/assignments/assignment_07/data/dog_reference/dog_reference.zip    529MB 37.9MB/s
[1A[2K[1A[2KCollecting 1 genome record [================================================] 100% 1/1
Downloading: /sciclone/home/tdfelton/SUPERCOMPUTING/assignments/assignment_07/data/dog_reference/dog_reference.zip    530MB 37.9MB/s
[1A[2K[1A[2KCollecting 1 genome record [================================================] 100% 1/1
Downloading: /sciclone/home/tdfelton/SUPERCOMPUTING/assignments/assignment_07/data/dog_reference/dog_reference.zip    530MB 37.9MB/s
[1A[2K[1A[2KCollecting 1 genome record [================================================] 100% 1/1
Downloading: /sciclone/home/tdfelton/SUPERCOMPUTING/assignments/assignment_07/data/dog_reference/dog_reference.zip    531MB 37.9MB/s
[1A[2K[1A[2KCollecting 1 genome record [================================================] 100% 1/1
Downloading: /sciclone/home/tdfelton/SUPERCOMPUTING/assignments/assignment_07/data/dog_reference/dog_reference.zip    531MB 37.9MB/s
[1A[2K[1A[2KCollecting 1 genome record [================================================] 100% 1/1
Downloading: /sciclone/home/tdfelton/SUPERCOMPUTING/assignments/assignment_07/data/dog_reference/dog_reference.zip    531MB 37.9MB/s
[1A[2K[1A[2KCollecting 1 genome record [================================================] 100% 1/1
Downloading: /sciclone/home/tdfelton/SUPERCOMPUTING/assignments/assignment_07/data/dog_reference/dog_reference.zip    532MB 37.9MB/s
[1A[2K[1A[2KCollecting 1 genome record [================================================] 100% 1/1
Downloading: /sciclone/home/tdfelton/SUPERCOMPUTING/assignments/assignment_07/data/dog_reference/dog_reference.zip    532MB 37.9MB/s
[1A[2K[1A[2KCollecting 1 genome record [================================================] 100% 1/1
Downloading: /sciclone/home/tdfelton/SUPERCOMPUTING/assignments/assignment_07/data/dog_reference/dog_reference.zip    533MB 37.9MB/s
[1A[2K[1A[2KCollecting 1 genome record [================================================] 100% 1/1
Downloading: /sciclone/home/tdfelton/SUPERCOMPUTING/assignments/assignment_07/data/dog_reference/dog_reference.zip    533MB 37.9MB/s
[1A[2K[1A[2KCollecting 1 genome record [================================================] 100% 1/1
Downloading: /sciclone/home/tdfelton/SUPERCOMPUTING/assignments/assignment_07/data/dog_reference/dog_reference.zip    533MB 37.9MB/s
[1A[2K[1A[2KCollecting 1 genome record [================================================] 100% 1/1
Downloading: /sciclone/home/tdfelton/SUPERCOMPUTING/assignments/assignment_07/data/dog_reference/dog_reference.zip    534MB 37.9MB/s
[1A[2K[1A[2KCollecting 1 genome record [================================================] 100% 1/1
Downloading: /sciclone/home/tdfelton/SUPERCOMPUTING/assignments/assignment_07/data/dog_reference/dog_reference.zip    534MB 37.9MB/s
[1A[2K[1A[2KCollecting 1 genome record [================================================] 100% 1/1
Downloading: /sciclone/home/tdfelton/SUPERCOMPUTING/assignments/assignment_07/data/dog_reference/dog_reference.zip    535MB 37.9MB/s
[1A[2K[1A[2KCollecting 1 genome record [================================================] 100% 1/1
Downloading: /sciclone/home/tdfelton/SUPERCOMPUTING/assignments/assignment_07/data/dog_reference/dog_reference.zip    535MB 37.9MB/s
[1A[2K[1A[2KCollecting 1 genome record [================================================] 100% 1/1
Downloading: /sciclone/home/tdfelton/SUPERCOMPUTING/assignments/assignment_07/data/dog_reference/dog_reference.zip    535MB 37.9MB/s
[1A[2K[1A[2KCollecting 1 genome record [================================================] 100% 1/1
Downloading: /sciclone/home/tdfelton/SUPERCOMPUTING/assignments/assignment_07/data/dog_reference/dog_reference.zip    536MB 37.9MB/s
[1A[2K[1A[2KCollecting 1 genome record [================================================] 100% 1/1
Downloading: /sciclone/home/tdfelton/SUPERCOMPUTING/assignments/assignment_07/data/dog_reference/dog_reference.zip    536MB 37.9MB/s
[1A[2K[1A[2KCollecting 1 genome record [================================================] 100% 1/1
Downloading: /sciclone/home/tdfelton/SUPERCOMPUTING/assignments/assignment_07/data/dog_reference/dog_reference.zip    537MB 37.9MB/s
[1A[2K[1A[2KCollecting 1 genome record [================================================] 100% 1/1
Downloading: /sciclone/home/tdfelton/SUPERCOMPUTING/assignments/assignment_07/data/dog_reference/dog_reference.zip    537MB 37.9MB/s
[1A[2K[1A[2KCollecting 1 genome record [================================================] 100% 1/1
Downloading: /sciclone/home/tdfelton/SUPERCOMPUTING/assignments/assignment_07/data/dog_reference/dog_reference.zip    537MB 37.9MB/s
[1A[2K[1A[2KCollecting 1 genome record [================================================] 100% 1/1
Downloading: /sciclone/home/tdfelton/SUPERCOMPUTING/assignments/assignment_07/data/dog_reference/dog_reference.zip    538MB 37.9MB/s
[1A[2K[1A[2KCollecting 1 genome record [================================================] 100% 1/1
Downloading: /sciclone/home/tdfelton/SUPERCOMPUTING/assignments/assignment_07/data/dog_reference/dog_reference.zip    538MB 37.9MB/s
[1A[2K[1A[2KCollecting 1 genome record [================================================] 100% 1/1
Downloading: /sciclone/home/tdfelton/SUPERCOMPUTING/assignments/assignment_07/data/dog_reference/dog_reference.zip    538MB 37.9MB/s
[1A[2K[1A[2KCollecting 1 genome record [================================================] 100% 1/1
Downloading: /sciclone/home/tdfelton/SUPERCOMPUTING/assignments/assignment_07/data/dog_reference/dog_reference.zip    539MB 37.9MB/s
[1A[2K[1A[2KCollecting 1 genome record [================================================] 100% 1/1
Downloading: /sciclone/home/tdfelton/SUPERCOMPUTING/assignments/assignment_07/data/dog_reference/dog_reference.zip    539MB 37.9MB/s
[1A[2K[1A[2KCollecting 1 genome record [================================================] 100% 1/1
Downloading: /sciclone/home/tdfelton/SUPERCOMPUTING/assignments/assignment_07/data/dog_reference/dog_reference.zip    540MB 37.9MB/s
[1A[2K[1A[2KCollecting 1 genome record [================================================] 100% 1/1
Downloading: /sciclone/home/tdfelton/SUPERCOMPUTING/assignments/assignment_07/data/dog_reference/dog_reference.zip    540MB 37.9MB/s
[1A[2K[1A[2KCollecting 1 genome record [================================================] 100% 1/1
Downloading: /sciclone/home/tdfelton/SUPERCOMPUTING/assignments/assignment_07/data/dog_reference/dog_reference.zip    540MB 37.9MB/s
[1A[2K[1A[2KCollecting 1 genome record [================================================] 100% 1/1
Downloading: /sciclone/home/tdfelton/SUPERCOMPUTING/assignments/assignment_07/data/dog_reference/dog_reference.zip    541MB 37.9MB/s
[1A[2K[1A[2KCollecting 1 genome record [================================================] 100% 1/1
Downloading: /sciclone/home/tdfelton/SUPERCOMPUTING/assignments/assignment_07/data/dog_reference/dog_reference.zip    541MB 37.9MB/s
[1A[2K[1A[2KCollecting 1 genome record [================================================] 100% 1/1
Downloading: /sciclone/home/tdfelton/SUPERCOMPUTING/assignments/assignment_07/data/dog_reference/dog_reference.zip    542MB 37.9MB/s
[1A[2K[1A[2KCollecting 1 genome record [================================================] 100% 1/1
Downloading: /sciclone/home/tdfelton/SUPERCOMPUTING/assignments/assignment_07/data/dog_reference/dog_reference.zip    542MB 37.9MB/s
[1A[2K[1A[2KCollecting 1 genome record [================================================] 100% 1/1
Downloading: /sciclone/home/tdfelton/SUPERCOMPUTING/assignments/assignment_07/data/dog_reference/dog_reference.zip    542MB 37.9MB/s
[1A[2K[1A[2KCollecting 1 genome record [================================================] 100% 1/1
Downloading: /sciclone/home/tdfelton/SUPERCOMPUTING/assignments/assignment_07/data/dog_reference/dog_reference.zip    543MB 37.9MB/s
[1A[2K[1A[2KCollecting 1 genome record [================================================] 100% 1/1
Downloading: /sciclone/home/tdfelton/SUPERCOMPUTING/assignments/assignment_07/data/dog_reference/dog_reference.zip    543MB 37.9MB/s
[1A[2K[1A[2KCollecting 1 genome record [================================================] 100% 1/1
Downloading: /sciclone/home/tdfelton/SUPERCOMPUTING/assignments/assignment_07/data/dog_reference/dog_reference.zip    544MB 37.9MB/s
[1A[2K[1A[2KCollecting 1 genome record [================================================] 100% 1/1
Downloading: /sciclone/home/tdfelton/SUPERCOMPUTING/assignments/assignment_07/data/dog_reference/dog_reference.zip    544MB 37.9MB/s
[1A[2K[1A[2KCollecting 1 genome record [================================================] 100% 1/1
Downloading: /sciclone/home/tdfelton/SUPERCOMPUTING/assignments/assignment_07/data/dog_reference/dog_reference.zip    544MB 37.9MB/s
[1A[2K[1A[2KCollecting 1 genome record [================================================] 100% 1/1
Downloading: /sciclone/home/tdfelton/SUPERCOMPUTING/assignments/assignment_07/data/dog_reference/dog_reference.zip    545MB 37.9MB/s
[1A[2K[1A[2KCollecting 1 genome record [================================================] 100% 1/1
Downloading: /sciclone/home/tdfelton/SUPERCOMPUTING/assignments/assignment_07/data/dog_reference/dog_reference.zip    545MB 37.9MB/s
[1A[2K[1A[2KCollecting 1 genome record [================================================] 100% 1/1
Downloading: /sciclone/home/tdfelton/SUPERCOMPUTING/assignments/assignment_07/data/dog_reference/dog_reference.zip    546MB 37.9MB/s
[1A[2K[1A[2KCollecting 1 genome record [================================================] 100% 1/1
Downloading: /sciclone/home/tdfelton/SUPERCOMPUTING/assignments/assignment_07/data/dog_reference/dog_reference.zip    546MB 37.9MB/s
[1A[2K[1A[2KCollecting 1 genome record [================================================] 100% 1/1
Downloading: /sciclone/home/tdfelton/SUPERCOMPUTING/assignments/assignment_07/data/dog_reference/dog_reference.zip    546MB 37.9MB/s
[1A[2K[1A[2KCollecting 1 genome record [================================================] 100% 1/1
Downloading: /sciclone/home/tdfelton/SUPERCOMPUTING/assignments/assignment_07/data/dog_reference/dog_reference.zip    547MB 37.9MB/s
[1A[2K[1A[2KCollecting 1 genome record [================================================] 100% 1/1
Downloading: /sciclone/home/tdfelton/SUPERCOMPUTING/assignments/assignment_07/data/dog_reference/dog_reference.zip    547MB 37.9MB/s
[1A[2K[1A[2KCollecting 1 genome record [================================================] 100% 1/1
Downloading: /sciclone/home/tdfelton/SUPERCOMPUTING/assignments/assignment_07/data/dog_reference/dog_reference.zip    548MB 38MB/s
[1A[2K[1A[2KCollecting 1 genome record [================================================] 100% 1/1
Downloading: /sciclone/home/tdfelton/SUPERCOMPUTING/assignments/assignment_07/data/dog_reference/dog_reference.zip    548MB 38MB/s
[1A[2K[1A[2KCollecting 1 genome record [================================================] 100% 1/1
Downloading: /sciclone/home/tdfelton/SUPERCOMPUTING/assignments/assignment_07/data/dog_reference/dog_reference.zip    548MB 38MB/s
[1A[2K[1A[2KCollecting 1 genome record [================================================] 100% 1/1
Downloading: /sciclone/home/tdfelton/SUPERCOMPUTING/assignments/assignment_07/data/dog_reference/dog_reference.zip    549MB 38MB/s
[1A[2K[1A[2KCollecting 1 genome record [================================================] 100% 1/1
Downloading: /sciclone/home/tdfelton/SUPERCOMPUTING/assignments/assignment_07/data/dog_reference/dog_reference.zip    549MB 38MB/s
[1A[2K[1A[2KCollecting 1 genome record [================================================] 100% 1/1
Downloading: /sciclone/home/tdfelton/SUPERCOMPUTING/assignments/assignment_07/data/dog_reference/dog_reference.zip    549MB 38MB/s
[1A[2K[1A[2KCollecting 1 genome record [================================================] 100% 1/1
Downloading: /sciclone/home/tdfelton/SUPERCOMPUTING/assignments/assignment_07/data/dog_reference/dog_reference.zip    550MB 38MB/s
[1A[2K[1A[2KCollecting 1 genome record [================================================] 100% 1/1
Downloading: /sciclone/home/tdfelton/SUPERCOMPUTING/assignments/assignment_07/data/dog_reference/dog_reference.zip    550MB 38MB/s
[1A[2K[1A[2KCollecting 1 genome record [================================================] 100% 1/1
Downloading: /sciclone/home/tdfelton/SUPERCOMPUTING/assignments/assignment_07/data/dog_reference/dog_reference.zip    551MB 38MB/s
[1A[2K[1A[2KCollecting 1 genome record [================================================] 100% 1/1
Downloading: /sciclone/home/tdfelton/SUPERCOMPUTING/assignments/assignment_07/data/dog_reference/dog_reference.zip    551MB 38MB/s
[1A[2K[1A[2KCollecting 1 genome record [================================================] 100% 1/1
Downloading: /sciclone/home/tdfelton/SUPERCOMPUTING/assignments/assignment_07/data/dog_reference/dog_reference.zip    551MB 38MB/s
[1A[2K[1A[2KCollecting 1 genome record [================================================] 100% 1/1
Downloading: /sciclone/home/tdfelton/SUPERCOMPUTING/assignments/assignment_07/data/dog_reference/dog_reference.zip    552MB 38MB/s
[1A[2K[1A[2KCollecting 1 genome record [================================================] 100% 1/1
Downloading: /sciclone/home/tdfelton/SUPERCOMPUTING/assignments/assignment_07/data/dog_reference/dog_reference.zip    552MB 38MB/s
[1A[2K[1A[2KCollecting 1 genome record [================================================] 100% 1/1
Downloading: /sciclone/home/tdfelton/SUPERCOMPUTING/assignments/assignment_07/data/dog_reference/dog_reference.zip    553MB 38MB/s
[1A[2K[1A[2KCollecting 1 genome record [================================================] 100% 1/1
Downloading: /sciclone/home/tdfelton/SUPERCOMPUTING/assignments/assignment_07/data/dog_reference/dog_reference.zip    553MB 38MB/s
[1A[2K[1A[2KCollecting 1 genome record [================================================] 100% 1/1
Downloading: /sciclone/home/tdfelton/SUPERCOMPUTING/assignments/assignment_07/data/dog_reference/dog_reference.zip    553MB 38MB/s
[1A[2K[1A[2KCollecting 1 genome record [================================================] 100% 1/1
Downloading: /sciclone/home/tdfelton/SUPERCOMPUTING/assignments/assignment_07/data/dog_reference/dog_reference.zip    554MB 38MB/s
[1A[2K[1A[2KCollecting 1 genome record [================================================] 100% 1/1
Downloading: /sciclone/home/tdfelton/SUPERCOMPUTING/assignments/assignment_07/data/dog_reference/dog_reference.zip    554MB 38MB/s
[1A[2K[1A[2KCollecting 1 genome record [================================================] 100% 1/1
Downloading: /sciclone/home/tdfelton/SUPERCOMPUTING/assignments/assignment_07/data/dog_reference/dog_reference.zip    555MB 38MB/s
[1A[2K[1A[2KCollecting 1 genome record [================================================] 100% 1/1
Downloading: /sciclone/home/tdfelton/SUPERCOMPUTING/assignments/assignment_07/data/dog_reference/dog_reference.zip    555MB 38MB/s
[1A[2K[1A[2KCollecting 1 genome record [================================================] 100% 1/1
Downloading: /sciclone/home/tdfelton/SUPERCOMPUTING/assignments/assignment_07/data/dog_reference/dog_reference.zip    555MB 38MB/s
[1A[2K[1A[2KCollecting 1 genome record [================================================] 100% 1/1
Downloading: /sciclone/home/tdfelton/SUPERCOMPUTING/assignments/assignment_07/data/dog_reference/dog_reference.zip    556MB 38MB/s
[1A[2K[1A[2KCollecting 1 genome record [================================================] 100% 1/1
Downloading: /sciclone/home/tdfelton/SUPERCOMPUTING/assignments/assignment_07/data/dog_reference/dog_reference.zip    556MB 38MB/s
[1A[2K[1A[2KCollecting 1 genome record [================================================] 100% 1/1
Downloading: /sciclone/home/tdfelton/SUPERCOMPUTING/assignments/assignment_07/data/dog_reference/dog_reference.zip    557MB 38MB/s
[1A[2K[1A[2KCollecting 1 genome record [================================================] 100% 1/1
Downloading: /sciclone/home/tdfelton/SUPERCOMPUTING/assignments/assignment_07/data/dog_reference/dog_reference.zip    557MB 38MB/s
[1A[2K[1A[2KCollecting 1 genome record [================================================] 100% 1/1
Downloading: /sciclone/home/tdfelton/SUPERCOMPUTING/assignments/assignment_07/data/dog_reference/dog_reference.zip    557MB 38MB/s
[1A[2K[1A[2KCollecting 1 genome record [================================================] 100% 1/1
Downloading: /sciclone/home/tdfelton/SUPERCOMPUTING/assignments/assignment_07/data/dog_reference/dog_reference.zip    558MB 38MB/s
[1A[2K[1A[2KCollecting 1 genome record [================================================] 100% 1/1
Downloading: /sciclone/home/tdfelton/SUPERCOMPUTING/assignments/assignment_07/data/dog_reference/dog_reference.zip    558MB 38MB/s
[1A[2K[1A[2KCollecting 1 genome record [================================================] 100% 1/1
Downloading: /sciclone/home/tdfelton/SUPERCOMPUTING/assignments/assignment_07/data/dog_reference/dog_reference.zip    559MB 38MB/s
[1A[2K[1A[2KCollecting 1 genome record [================================================] 100% 1/1
Downloading: /sciclone/home/tdfelton/SUPERCOMPUTING/assignments/assignment_07/data/dog_reference/dog_reference.zip    559MB 38MB/s
[1A[2K[1A[2KCollecting 1 genome record [================================================] 100% 1/1
Downloading: /sciclone/home/tdfelton/SUPERCOMPUTING/assignments/assignment_07/data/dog_reference/dog_reference.zip    559MB 38MB/s
[1A[2K[1A[2KCollecting 1 genome record [================================================] 100% 1/1
Downloading: /sciclone/home/tdfelton/SUPERCOMPUTING/assignments/assignment_07/data/dog_reference/dog_reference.zip    560MB 38MB/s
[1A[2K[1A[2KCollecting 1 genome record [================================================] 100% 1/1
Downloading: /sciclone/home/tdfelton/SUPERCOMPUTING/assignments/assignment_07/data/dog_reference/dog_reference.zip    560MB 38MB/s
[1A[2K[1A[2KCollecting 1 genome record [================================================] 100% 1/1
Downloading: /sciclone/home/tdfelton/SUPERCOMPUTING/assignments/assignment_07/data/dog_reference/dog_reference.zip    560MB 38MB/s
[1A[2K[1A[2KCollecting 1 genome record [================================================] 100% 1/1
Downloading: /sciclone/home/tdfelton/SUPERCOMPUTING/assignments/assignment_07/data/dog_reference/dog_reference.zip    561MB 38MB/s
[1A[2K[1A[2KCollecting 1 genome record [================================================] 100% 1/1
Downloading: /sciclone/home/tdfelton/SUPERCOMPUTING/assignments/assignment_07/data/dog_reference/dog_reference.zip    561MB 38MB/s
[1A[2K[1A[2KCollecting 1 genome record [================================================] 100% 1/1
Downloading: /sciclone/home/tdfelton/SUPERCOMPUTING/assignments/assignment_07/data/dog_reference/dog_reference.zip    562MB 38MB/s
[1A[2K[1A[2KCollecting 1 genome record [================================================] 100% 1/1
Downloading: /sciclone/home/tdfelton/SUPERCOMPUTING/assignments/assignment_07/data/dog_reference/dog_reference.zip    562MB 38MB/s
[1A[2K[1A[2KCollecting 1 genome record [================================================] 100% 1/1
Downloading: /sciclone/home/tdfelton/SUPERCOMPUTING/assignments/assignment_07/data/dog_reference/dog_reference.zip    562MB 38MB/s
[1A[2K[1A[2KCollecting 1 genome record [================================================] 100% 1/1
Downloading: /sciclone/home/tdfelton/SUPERCOMPUTING/assignments/assignment_07/data/dog_reference/dog_reference.zip    563MB 38MB/s
[1A[2K[1A[2KCollecting 1 genome record [================================================] 100% 1/1
Downloading: /sciclone/home/tdfelton/SUPERCOMPUTING/assignments/assignment_07/data/dog_reference/dog_reference.zip    563MB 38MB/s
[1A[2K[1A[2KCollecting 1 genome record [================================================] 100% 1/1
Downloading: /sciclone/home/tdfelton/SUPERCOMPUTING/assignments/assignment_07/data/dog_reference/dog_reference.zip    564MB 38MB/s
[1A[2K[1A[2KCollecting 1 genome record [================================================] 100% 1/1
Downloading: /sciclone/home/tdfelton/SUPERCOMPUTING/assignments/assignment_07/data/dog_reference/dog_reference.zip    564MB 38MB/s
[1A[2K[1A[2KCollecting 1 genome record [================================================] 100% 1/1
Downloading: /sciclone/home/tdfelton/SUPERCOMPUTING/assignments/assignment_07/data/dog_reference/dog_reference.zip    564MB 38MB/s
[1A[2K[1A[2KCollecting 1 genome record [================================================] 100% 1/1
Downloading: /sciclone/home/tdfelton/SUPERCOMPUTING/assignments/assignment_07/data/dog_reference/dog_reference.zip    565MB 38MB/s
[1A[2K[1A[2KCollecting 1 genome record [================================================] 100% 1/1
Downloading: /sciclone/home/tdfelton/SUPERCOMPUTING/assignments/assignment_07/data/dog_reference/dog_reference.zip    565MB 38MB/s
[1A[2K[1A[2KCollecting 1 genome record [================================================] 100% 1/1
Downloading: /sciclone/home/tdfelton/SUPERCOMPUTING/assignments/assignment_07/data/dog_reference/dog_reference.zip    566MB 38MB/s
[1A[2K[1A[2KCollecting 1 genome record [================================================] 100% 1/1
Downloading: /sciclone/home/tdfelton/SUPERCOMPUTING/assignments/assignment_07/data/dog_reference/dog_reference.zip    566MB 38MB/s
[1A[2K[1A[2KCollecting 1 genome record [================================================] 100% 1/1
Downloading: /sciclone/home/tdfelton/SUPERCOMPUTING/assignments/assignment_07/data/dog_reference/dog_reference.zip    566MB 38MB/s
[1A[2K[1A[2KCollecting 1 genome record [================================================] 100% 1/1
Downloading: /sciclone/home/tdfelton/SUPERCOMPUTING/assignments/assignment_07/data/dog_reference/dog_reference.zip    567MB 38MB/s
[1A[2K[1A[2KCollecting 1 genome record [================================================] 100% 1/1
Downloading: /sciclone/home/tdfelton/SUPERCOMPUTING/assignments/assignment_07/data/dog_reference/dog_reference.zip    567MB 38MB/s
[1A[2K[1A[2KCollecting 1 genome record [================================================] 100% 1/1
Downloading: /sciclone/home/tdfelton/SUPERCOMPUTING/assignments/assignment_07/data/dog_reference/dog_reference.zip    568MB 38MB/s
[1A[2K[1A[2KCollecting 1 genome record [================================================] 100% 1/1
Downloading: /sciclone/home/tdfelton/SUPERCOMPUTING/assignments/assignment_07/data/dog_reference/dog_reference.zip    568MB 38MB/s
[1A[2K[1A[2KCollecting 1 genome record [================================================] 100% 1/1
Downloading: /sciclone/home/tdfelton/SUPERCOMPUTING/assignments/assignment_07/data/dog_reference/dog_reference.zip    568MB 38MB/s
[1A[2K[1A[2KCollecting 1 genome record [================================================] 100% 1/1
Downloading: /sciclone/home/tdfelton/SUPERCOMPUTING/assignments/assignment_07/data/dog_reference/dog_reference.zip    569MB 38MB/s
[1A[2K[1A[2KCollecting 1 genome record [================================================] 100% 1/1
Downloading: /sciclone/home/tdfelton/SUPERCOMPUTING/assignments/assignment_07/data/dog_reference/dog_reference.zip    569MB 38MB/s
[1A[2K[1A[2KCollecting 1 genome record [================================================] 100% 1/1
Downloading: /sciclone/home/tdfelton/SUPERCOMPUTING/assignments/assignment_07/data/dog_reference/dog_reference.zip    570MB 38MB/s
[1A[2K[1A[2KCollecting 1 genome record [================================================] 100% 1/1
Downloading: /sciclone/home/tdfelton/SUPERCOMPUTING/assignments/assignment_07/data/dog_reference/dog_reference.zip    570MB 38MB/s
[1A[2K[1A[2KCollecting 1 genome record [================================================] 100% 1/1
Downloading: /sciclone/home/tdfelton/SUPERCOMPUTING/assignments/assignment_07/data/dog_reference/dog_reference.zip    570MB 38MB/s
[1A[2K[1A[2KCollecting 1 genome record [================================================] 100% 1/1
Downloading: /sciclone/home/tdfelton/SUPERCOMPUTING/assignments/assignment_07/data/dog_reference/dog_reference.zip    571MB 38MB/s
[1A[2K[1A[2KCollecting 1 genome record [================================================] 100% 1/1
Downloading: /sciclone/home/tdfelton/SUPERCOMPUTING/assignments/assignment_07/data/dog_reference/dog_reference.zip    571MB 38MB/s
[1A[2K[1A[2KCollecting 1 genome record [================================================] 100% 1/1
Downloading: /sciclone/home/tdfelton/SUPERCOMPUTING/assignments/assignment_07/data/dog_reference/dog_reference.zip    572MB 38MB/s
[1A[2K[1A[2KCollecting 1 genome record [================================================] 100% 1/1
Downloading: /sciclone/home/tdfelton/SUPERCOMPUTING/assignments/assignment_07/data/dog_reference/dog_reference.zip    572MB 38MB/s
[1A[2K[1A[2KCollecting 1 genome record [================================================] 100% 1/1
Downloading: /sciclone/home/tdfelton/SUPERCOMPUTING/assignments/assignment_07/data/dog_reference/dog_reference.zip    572MB 38MB/s
[1A[2K[1A[2KCollecting 1 genome record [================================================] 100% 1/1
Downloading: /sciclone/home/tdfelton/SUPERCOMPUTING/assignments/assignment_07/data/dog_reference/dog_reference.zip    573MB 38MB/s
[1A[2K[1A[2KCollecting 1 genome record [================================================] 100% 1/1
Downloading: /sciclone/home/tdfelton/SUPERCOMPUTING/assignments/assignment_07/data/dog_reference/dog_reference.zip    573MB 38MB/s
[1A[2K[1A[2KCollecting 1 genome record [================================================] 100% 1/1
Downloading: /sciclone/home/tdfelton/SUPERCOMPUTING/assignments/assignment_07/data/dog_reference/dog_reference.zip    573MB 38MB/s
[1A[2K[1A[2KCollecting 1 genome record [================================================] 100% 1/1
Downloading: /sciclone/home/tdfelton/SUPERCOMPUTING/assignments/assignment_07/data/dog_reference/dog_reference.zip    574MB 38MB/s
[1A[2K[1A[2KCollecting 1 genome record [================================================] 100% 1/1
Downloading: /sciclone/home/tdfelton/SUPERCOMPUTING/assignments/assignment_07/data/dog_reference/dog_reference.zip    574MB 38MB/s
[1A[2K[1A[2KCollecting 1 genome record [================================================] 100% 1/1
Downloading: /sciclone/home/tdfelton/SUPERCOMPUTING/assignments/assignment_07/data/dog_reference/dog_reference.zip    575MB 38MB/s
[1A[2K[1A[2KCollecting 1 genome record [================================================] 100% 1/1
Downloading: /sciclone/home/tdfelton/SUPERCOMPUTING/assignments/assignment_07/data/dog_reference/dog_reference.zip    575MB 38MB/s
[1A[2K[1A[2KCollecting 1 genome record [================================================] 100% 1/1
Downloading: /sciclone/home/tdfelton/SUPERCOMPUTING/assignments/assignment_07/data/dog_reference/dog_reference.zip    575MB 38MB/s
[1A[2K[1A[2KCollecting 1 genome record [================================================] 100% 1/1
Downloading: /sciclone/home/tdfelton/SUPERCOMPUTING/assignments/assignment_07/data/dog_reference/dog_reference.zip    576MB 38MB/s
[1A[2K[1A[2KCollecting 1 genome record [================================================] 100% 1/1
Downloading: /sciclone/home/tdfelton/SUPERCOMPUTING/assignments/assignment_07/data/dog_reference/dog_reference.zip    576MB 38MB/s
[1A[2K[1A[2KCollecting 1 genome record [================================================] 100% 1/1
Downloading: /sciclone/home/tdfelton/SUPERCOMPUTING/assignments/assignment_07/data/dog_reference/dog_reference.zip    577MB 38MB/s
[1A[2K[1A[2KCollecting 1 genome record [================================================] 100% 1/1
Downloading: /sciclone/home/tdfelton/SUPERCOMPUTING/assignments/assignment_07/data/dog_reference/dog_reference.zip    577MB 38MB/s
[1A[2K[1A[2KCollecting 1 genome record [================================================] 100% 1/1
Downloading: /sciclone/home/tdfelton/SUPERCOMPUTING/assignments/assignment_07/data/dog_reference/dog_reference.zip    577MB 38MB/s
[1A[2K[1A[2KCollecting 1 genome record [================================================] 100% 1/1
Downloading: /sciclone/home/tdfelton/SUPERCOMPUTING/assignments/assignment_07/data/dog_reference/dog_reference.zip    578MB 38MB/s
[1A[2K[1A[2KCollecting 1 genome record [================================================] 100% 1/1
Downloading: /sciclone/home/tdfelton/SUPERCOMPUTING/assignments/assignment_07/data/dog_reference/dog_reference.zip    578MB 38MB/s
[1A[2K[1A[2KCollecting 1 genome record [================================================] 100% 1/1
Downloading: /sciclone/home/tdfelton/SUPERCOMPUTING/assignments/assignment_07/data/dog_reference/dog_reference.zip    579MB 38MB/s
[1A[2K[1A[2KCollecting 1 genome record [================================================] 100% 1/1
Downloading: /sciclone/home/tdfelton/SUPERCOMPUTING/assignments/assignment_07/data/dog_reference/dog_reference.zip    579MB 38MB/s
[1A[2K[1A[2KCollecting 1 genome record [================================================] 100% 1/1
Downloading: /sciclone/home/tdfelton/SUPERCOMPUTING/assignments/assignment_07/data/dog_reference/dog_reference.zip    579MB 38MB/s
[1A[2K[1A[2KCollecting 1 genome record [================================================] 100% 1/1
Downloading: /sciclone/home/tdfelton/SUPERCOMPUTING/assignments/assignment_07/data/dog_reference/dog_reference.zip    580MB 38MB/s
[1A[2K[1A[2KCollecting 1 genome record [================================================] 100% 1/1
Downloading: /sciclone/home/tdfelton/SUPERCOMPUTING/assignments/assignment_07/data/dog_reference/dog_reference.zip    580MB 38MB/s
[1A[2K[1A[2KCollecting 1 genome record [================================================] 100% 1/1
Downloading: /sciclone/home/tdfelton/SUPERCOMPUTING/assignments/assignment_07/data/dog_reference/dog_reference.zip    581MB 38MB/s
[1A[2K[1A[2KCollecting 1 genome record [================================================] 100% 1/1
Downloading: /sciclone/home/tdfelton/SUPERCOMPUTING/assignments/assignment_07/data/dog_reference/dog_reference.zip    581MB 38MB/s
[1A[2K[1A[2KCollecting 1 genome record [================================================] 100% 1/1
Downloading: /sciclone/home/tdfelton/SUPERCOMPUTING/assignments/assignment_07/data/dog_reference/dog_reference.zip    581MB 38MB/s
[1A[2K[1A[2KCollecting 1 genome record [================================================] 100% 1/1
Downloading: /sciclone/home/tdfelton/SUPERCOMPUTING/assignments/assignment_07/data/dog_reference/dog_reference.zip    582MB 38MB/s
[1A[2K[1A[2KCollecting 1 genome record [================================================] 100% 1/1
Downloading: /sciclone/home/tdfelton/SUPERCOMPUTING/assignments/assignment_07/data/dog_reference/dog_reference.zip    582MB 38MB/s
[1A[2K[1A[2KCollecting 1 genome record [================================================] 100% 1/1
Downloading: /sciclone/home/tdfelton/SUPERCOMPUTING/assignments/assignment_07/data/dog_reference/dog_reference.zip    583MB 38MB/s
[1A[2K[1A[2KCollecting 1 genome record [================================================] 100% 1/1
Downloading: /sciclone/home/tdfelton/SUPERCOMPUTING/assignments/assignment_07/data/dog_reference/dog_reference.zip    583MB 38MB/s
[1A[2K[1A[2KCollecting 1 genome record [================================================] 100% 1/1
Downloading: /sciclone/home/tdfelton/SUPERCOMPUTING/assignments/assignment_07/data/dog_reference/dog_reference.zip    583MB 38MB/s
[1A[2K[1A[2KCollecting 1 genome record [================================================] 100% 1/1
Downloading: /sciclone/home/tdfelton/SUPERCOMPUTING/assignments/assignment_07/data/dog_reference/dog_reference.zip    584MB 38MB/s
[1A[2K[1A[2KCollecting 1 genome record [================================================] 100% 1/1
Downloading: /sciclone/home/tdfelton/SUPERCOMPUTING/assignments/assignment_07/data/dog_reference/dog_reference.zip    584MB 38MB/s
[1A[2K[1A[2KCollecting 1 genome record [================================================] 100% 1/1
Downloading: /sciclone/home/tdfelton/SUPERCOMPUTING/assignments/assignment_07/data/dog_reference/dog_reference.zip    584MB 38MB/s
[1A[2K[1A[2KCollecting 1 genome record [================================================] 100% 1/1
Downloading: /sciclone/home/tdfelton/SUPERCOMPUTING/assignments/assignment_07/data/dog_reference/dog_reference.zip    585MB 38MB/s
[1A[2K[1A[2KCollecting 1 genome record [================================================] 100% 1/1
Downloading: /sciclone/home/tdfelton/SUPERCOMPUTING/assignments/assignment_07/data/dog_reference/dog_reference.zip    585MB 38MB/s
[1A[2K[1A[2KCollecting 1 genome record [================================================] 100% 1/1
Downloading: /sciclone/home/tdfelton/SUPERCOMPUTING/assignments/assignment_07/data/dog_reference/dog_reference.zip    586MB 38MB/s
[1A[2K[1A[2KCollecting 1 genome record [================================================] 100% 1/1
Downloading: /sciclone/home/tdfelton/SUPERCOMPUTING/assignments/assignment_07/data/dog_reference/dog_reference.zip    586MB 38MB/s
[1A[2K[1A[2KCollecting 1 genome record [================================================] 100% 1/1
Downloading: /sciclone/home/tdfelton/SUPERCOMPUTING/assignments/assignment_07/data/dog_reference/dog_reference.zip    586MB 38MB/s
[1A[2K[1A[2KCollecting 1 genome record [================================================] 100% 1/1
Downloading: /sciclone/home/tdfelton/SUPERCOMPUTING/assignments/assignment_07/data/dog_reference/dog_reference.zip    587MB 38MB/s
[1A[2K[1A[2KCollecting 1 genome record [================================================] 100% 1/1
Downloading: /sciclone/home/tdfelton/SUPERCOMPUTING/assignments/assignment_07/data/dog_reference/dog_reference.zip    587MB 38MB/s
[1A[2K[1A[2KCollecting 1 genome record [================================================] 100% 1/1
Downloading: /sciclone/home/tdfelton/SUPERCOMPUTING/assignments/assignment_07/data/dog_reference/dog_reference.zip    588MB 38MB/s
[1A[2K[1A[2KCollecting 1 genome record [================================================] 100% 1/1
Downloading: /sciclone/home/tdfelton/SUPERCOMPUTING/assignments/assignment_07/data/dog_reference/dog_reference.zip    588MB 38MB/s
[1A[2K[1A[2KCollecting 1 genome record [================================================] 100% 1/1
Downloading: /sciclone/home/tdfelton/SUPERCOMPUTING/assignments/assignment_07/data/dog_reference/dog_reference.zip    588MB 38MB/s
[1A[2K[1A[2KCollecting 1 genome record [================================================] 100% 1/1
Downloading: /sciclone/home/tdfelton/SUPERCOMPUTING/assignments/assignment_07/data/dog_reference/dog_reference.zip    589MB 38MB/s
[1A[2K[1A[2KCollecting 1 genome record [================================================] 100% 1/1
Downloading: /sciclone/home/tdfelton/SUPERCOMPUTING/assignments/assignment_07/data/dog_reference/dog_reference.zip    589MB 38MB/s
[1A[2K[1A[2KCollecting 1 genome record [================================================] 100% 1/1
Downloading: /sciclone/home/tdfelton/SUPERCOMPUTING/assignments/assignment_07/data/dog_reference/dog_reference.zip    590MB 38MB/s
[1A[2K[1A[2KCollecting 1 genome record [================================================] 100% 1/1
Downloading: /sciclone/home/tdfelton/SUPERCOMPUTING/assignments/assignment_07/data/dog_reference/dog_reference.zip    590MB 38MB/s
[1A[2K[1A[2KCollecting 1 genome record [================================================] 100% 1/1
Downloading: /sciclone/home/tdfelton/SUPERCOMPUTING/assignments/assignment_07/data/dog_reference/dog_reference.zip    590MB 38MB/s
[1A[2K[1A[2KCollecting 1 genome record [================================================] 100% 1/1
Downloading: /sciclone/home/tdfelton/SUPERCOMPUTING/assignments/assignment_07/data/dog_reference/dog_reference.zip    591MB 38MB/s
[1A[2K[1A[2KCollecting 1 genome record [================================================] 100% 1/1
Downloading: /sciclone/home/tdfelton/SUPERCOMPUTING/assignments/assignment_07/data/dog_reference/dog_reference.zip    591MB 38MB/s
[1A[2K[1A[2KCollecting 1 genome record [================================================] 100% 1/1
Downloading: /sciclone/home/tdfelton/SUPERCOMPUTING/assignments/assignment_07/data/dog_reference/dog_reference.zip    591MB 38MB/s
[1A[2K[1A[2KCollecting 1 genome record [================================================] 100% 1/1
Downloading: /sciclone/home/tdfelton/SUPERCOMPUTING/assignments/assignment_07/data/dog_reference/dog_reference.zip    592MB 38MB/s
[1A[2K[1A[2KCollecting 1 genome record [================================================] 100% 1/1
Downloading: /sciclone/home/tdfelton/SUPERCOMPUTING/assignments/assignment_07/data/dog_reference/dog_reference.zip    592MB 38MB/s
[1A[2K[1A[2KCollecting 1 genome record [================================================] 100% 1/1
Downloading: /sciclone/home/tdfelton/SUPERCOMPUTING/assignments/assignment_07/data/dog_reference/dog_reference.zip    593MB 38MB/s
[1A[2K[1A[2KCollecting 1 genome record [================================================] 100% 1/1
Downloading: /sciclone/home/tdfelton/SUPERCOMPUTING/assignments/assignment_07/data/dog_reference/dog_reference.zip    593MB 38MB/s
[1A[2K[1A[2KCollecting 1 genome record [================================================] 100% 1/1
Downloading: /sciclone/home/tdfelton/SUPERCOMPUTING/assignments/assignment_07/data/dog_reference/dog_reference.zip    593MB 38MB/s
[1A[2K[1A[2KCollecting 1 genome record [================================================] 100% 1/1
Downloading: /sciclone/home/tdfelton/SUPERCOMPUTING/assignments/assignment_07/data/dog_reference/dog_reference.zip    594MB 38MB/s
[1A[2K[1A[2KCollecting 1 genome record [================================================] 100% 1/1
Downloading: /sciclone/home/tdfelton/SUPERCOMPUTING/assignments/assignment_07/data/dog_reference/dog_reference.zip    594MB 38MB/s
[1A[2K[1A[2KCollecting 1 genome record [================================================] 100% 1/1
Downloading: /sciclone/home/tdfelton/SUPERCOMPUTING/assignments/assignment_07/data/dog_reference/dog_reference.zip    595MB 38MB/s
[1A[2K[1A[2KCollecting 1 genome record [================================================] 100% 1/1
Downloading: /sciclone/home/tdfelton/SUPERCOMPUTING/assignments/assignment_07/data/dog_reference/dog_reference.zip    595MB 38MB/s
[1A[2K[1A[2KCollecting 1 genome record [================================================] 100% 1/1
Downloading: /sciclone/home/tdfelton/SUPERCOMPUTING/assignments/assignment_07/data/dog_reference/dog_reference.zip    595MB 38MB/s
[1A[2K[1A[2KCollecting 1 genome record [================================================] 100% 1/1
Downloading: /sciclone/home/tdfelton/SUPERCOMPUTING/assignments/assignment_07/data/dog_reference/dog_reference.zip    596MB 38MB/s
[1A[2K[1A[2KCollecting 1 genome record [================================================] 100% 1/1
Downloading: /sciclone/home/tdfelton/SUPERCOMPUTING/assignments/assignment_07/data/dog_reference/dog_reference.zip    596MB 38MB/s
[1A[2K[1A[2KCollecting 1 genome record [================================================] 100% 1/1
Downloading: /sciclone/home/tdfelton/SUPERCOMPUTING/assignments/assignment_07/data/dog_reference/dog_reference.zip    597MB 38MB/s
[1A[2K[1A[2KCollecting 1 genome record [================================================] 100% 1/1
Downloading: /sciclone/home/tdfelton/SUPERCOMPUTING/assignments/assignment_07/data/dog_reference/dog_reference.zip    597MB 38MB/s
[1A[2K[1A[2KCollecting 1 genome record [================================================] 100% 1/1
Downloading: /sciclone/home/tdfelton/SUPERCOMPUTING/assignments/assignment_07/data/dog_reference/dog_reference.zip    597MB 38MB/s
[1A[2K[1A[2KCollecting 1 genome record [================================================] 100% 1/1
Downloading: /sciclone/home/tdfelton/SUPERCOMPUTING/assignments/assignment_07/data/dog_reference/dog_reference.zip    598MB 38MB/s
[1A[2K[1A[2KCollecting 1 genome record [================================================] 100% 1/1
Downloading: /sciclone/home/tdfelton/SUPERCOMPUTING/assignments/assignment_07/data/dog_reference/dog_reference.zip    598MB 38MB/s
[1A[2K[1A[2KCollecting 1 genome record [================================================] 100% 1/1
Downloading: /sciclone/home/tdfelton/SUPERCOMPUTING/assignments/assignment_07/data/dog_reference/dog_reference.zip    599MB 38MB/s
[1A[2K[1A[2KCollecting 1 genome record [================================================] 100% 1/1
Downloading: /sciclone/home/tdfelton/SUPERCOMPUTING/assignments/assignment_07/data/dog_reference/dog_reference.zip    599MB 38MB/s
[1A[2K[1A[2KCollecting 1 genome record [================================================] 100% 1/1
Downloading: /sciclone/home/tdfelton/SUPERCOMPUTING/assignments/assignment_07/data/dog_reference/dog_reference.zip    599MB 38MB/s
[1A[2K[1A[2KCollecting 1 genome record [================================================] 100% 1/1
Downloading: /sciclone/home/tdfelton/SUPERCOMPUTING/assignments/assignment_07/data/dog_reference/dog_reference.zip    600MB 38MB/s
[1A[2K[1A[2KCollecting 1 genome record [================================================] 100% 1/1
Downloading: /sciclone/home/tdfelton/SUPERCOMPUTING/assignments/assignment_07/data/dog_reference/dog_reference.zip    600MB 38MB/s
[1A[2K[1A[2KCollecting 1 genome record [================================================] 100% 1/1
Downloading: /sciclone/home/tdfelton/SUPERCOMPUTING/assignments/assignment_07/data/dog_reference/dog_reference.zip    601MB 38MB/s
[1A[2K[1A[2KCollecting 1 genome record [================================================] 100% 1/1
Downloading: /sciclone/home/tdfelton/SUPERCOMPUTING/assignments/assignment_07/data/dog_reference/dog_reference.zip    601MB 38MB/s
[1A[2K[1A[2KCollecting 1 genome record [================================================] 100% 1/1
Downloading: /sciclone/home/tdfelton/SUPERCOMPUTING/assignments/assignment_07/data/dog_reference/dog_reference.zip    601MB 38MB/s
[1A[2K[1A[2KCollecting 1 genome record [================================================] 100% 1/1
Downloading: /sciclone/home/tdfelton/SUPERCOMPUTING/assignments/assignment_07/data/dog_reference/dog_reference.zip    602MB 38MB/s
[1A[2K[1A[2KCollecting 1 genome record [================================================] 100% 1/1
Downloading: /sciclone/home/tdfelton/SUPERCOMPUTING/assignments/assignment_07/data/dog_reference/dog_reference.zip    602MB 38MB/s
[1A[2K[1A[2KCollecting 1 genome record [================================================] 100% 1/1
Downloading: /sciclone/home/tdfelton/SUPERCOMPUTING/assignments/assignment_07/data/dog_reference/dog_reference.zip    603MB 38MB/s
[1A[2K[1A[2KCollecting 1 genome record [================================================] 100% 1/1
Downloading: /sciclone/home/tdfelton/SUPERCOMPUTING/assignments/assignment_07/data/dog_reference/dog_reference.zip    603MB 38MB/s
[1A[2K[1A[2KCollecting 1 genome record [================================================] 100% 1/1
Downloading: /sciclone/home/tdfelton/SUPERCOMPUTING/assignments/assignment_07/data/dog_reference/dog_reference.zip    603MB 38MB/s
[1A[2K[1A[2KCollecting 1 genome record [================================================] 100% 1/1
Downloading: /sciclone/home/tdfelton/SUPERCOMPUTING/assignments/assignment_07/data/dog_reference/dog_reference.zip    604MB 38MB/s
[1A[2K[1A[2KCollecting 1 genome record [================================================] 100% 1/1
Downloading: /sciclone/home/tdfelton/SUPERCOMPUTING/assignments/assignment_07/data/dog_reference/dog_reference.zip    604MB 38MB/s
[1A[2K[1A[2KCollecting 1 genome record [================================================] 100% 1/1
Downloading: /sciclone/home/tdfelton/SUPERCOMPUTING/assignments/assignment_07/data/dog_reference/dog_reference.zip    605MB 38MB/s
[1A[2K[1A[2KCollecting 1 genome record [================================================] 100% 1/1
Downloading: /sciclone/home/tdfelton/SUPERCOMPUTING/assignments/assignment_07/data/dog_reference/dog_reference.zip    605MB 38MB/s
[1A[2K[1A[2KCollecting 1 genome record [================================================] 100% 1/1
Downloading: /sciclone/home/tdfelton/SUPERCOMPUTING/assignments/assignment_07/data/dog_reference/dog_reference.zip    605MB 38MB/s
[1A[2K[1A[2KCollecting 1 genome record [================================================] 100% 1/1
Downloading: /sciclone/home/tdfelton/SUPERCOMPUTING/assignments/assignment_07/data/dog_reference/dog_reference.zip    606MB 38MB/s
[1A[2K[1A[2KCollecting 1 genome record [================================================] 100% 1/1
Downloading: /sciclone/home/tdfelton/SUPERCOMPUTING/assignments/assignment_07/data/dog_reference/dog_reference.zip    606MB 38MB/s
[1A[2K[1A[2KCollecting 1 genome record [================================================] 100% 1/1
Downloading: /sciclone/home/tdfelton/SUPERCOMPUTING/assignments/assignment_07/data/dog_reference/dog_reference.zip    607MB 38MB/s
[1A[2K[1A[2KCollecting 1 genome record [================================================] 100% 1/1
Downloading: /sciclone/home/tdfelton/SUPERCOMPUTING/assignments/assignment_07/data/dog_reference/dog_reference.zip    607MB 38MB/s
[1A[2K[1A[2KCollecting 1 genome record [================================================] 100% 1/1
Downloading: /sciclone/home/tdfelton/SUPERCOMPUTING/assignments/assignment_07/data/dog_reference/dog_reference.zip    607MB 38MB/s
[1A[2K[1A[2KCollecting 1 genome record [================================================] 100% 1/1
Downloading: /sciclone/home/tdfelton/SUPERCOMPUTING/assignments/assignment_07/data/dog_reference/dog_reference.zip    608MB 38MB/s
[1A[2K[1A[2KCollecting 1 genome record [================================================] 100% 1/1
Downloading: /sciclone/home/tdfelton/SUPERCOMPUTING/assignments/assignment_07/data/dog_reference/dog_reference.zip    608MB 38MB/s
[1A[2K[1A[2KCollecting 1 genome record [================================================] 100% 1/1
Downloading: /sciclone/home/tdfelton/SUPERCOMPUTING/assignments/assignment_07/data/dog_reference/dog_reference.zip    608MB 38MB/s
[1A[2K[1A[2KCollecting 1 genome record [================================================] 100% 1/1
Downloading: /sciclone/home/tdfelton/SUPERCOMPUTING/assignments/assignment_07/data/dog_reference/dog_reference.zip    609MB 38MB/s
[1A[2K[1A[2KCollecting 1 genome record [================================================] 100% 1/1
Downloading: /sciclone/home/tdfelton/SUPERCOMPUTING/assignments/assignment_07/data/dog_reference/dog_reference.zip    609MB 38MB/s
[1A[2K[1A[2KCollecting 1 genome record [================================================] 100% 1/1
Downloading: /sciclone/home/tdfelton/SUPERCOMPUTING/assignments/assignment_07/data/dog_reference/dog_reference.zip    610MB 38MB/s
[1A[2K[1A[2KCollecting 1 genome record [================================================] 100% 1/1
Downloading: /sciclone/home/tdfelton/SUPERCOMPUTING/assignments/assignment_07/data/dog_reference/dog_reference.zip    610MB 38MB/s
[1A[2K[1A[2KCollecting 1 genome record [================================================] 100% 1/1
Downloading: /sciclone/home/tdfelton/SUPERCOMPUTING/assignments/assignment_07/data/dog_reference/dog_reference.zip    610MB 38MB/s
[1A[2K[1A[2KCollecting 1 genome record [================================================] 100% 1/1
Downloading: /sciclone/home/tdfelton/SUPERCOMPUTING/assignments/assignment_07/data/dog_reference/dog_reference.zip    611MB 38MB/s
[1A[2K[1A[2KCollecting 1 genome record [================================================] 100% 1/1
Downloading: /sciclone/home/tdfelton/SUPERCOMPUTING/assignments/assignment_07/data/dog_reference/dog_reference.zip    611MB 38MB/s
[1A[2K[1A[2KCollecting 1 genome record [================================================] 100% 1/1
Downloading: /sciclone/home/tdfelton/SUPERCOMPUTING/assignments/assignment_07/data/dog_reference/dog_reference.zip    612MB 38MB/s
[1A[2K[1A[2KCollecting 1 genome record [================================================] 100% 1/1
Downloading: /sciclone/home/tdfelton/SUPERCOMPUTING/assignments/assignment_07/data/dog_reference/dog_reference.zip    612MB 38MB/s
[1A[2K[1A[2KCollecting 1 genome record [================================================] 100% 1/1
Downloading: /sciclone/home/tdfelton/SUPERCOMPUTING/assignments/assignment_07/data/dog_reference/dog_reference.zip    612MB 38MB/s
[1A[2K[1A[2KCollecting 1 genome record [================================================] 100% 1/1
Downloading: /sciclone/home/tdfelton/SUPERCOMPUTING/assignments/assignment_07/data/dog_reference/dog_reference.zip    613MB 38MB/s
[1A[2K[1A[2KCollecting 1 genome record [================================================] 100% 1/1
Downloading: /sciclone/home/tdfelton/SUPERCOMPUTING/assignments/assignment_07/data/dog_reference/dog_reference.zip    613MB 38MB/s
[1A[2K[1A[2KCollecting 1 genome record [================================================] 100% 1/1
Downloading: /sciclone/home/tdfelton/SUPERCOMPUTING/assignments/assignment_07/data/dog_reference/dog_reference.zip    614MB 38MB/s
[1A[2K[1A[2KCollecting 1 genome record [================================================] 100% 1/1
Downloading: /sciclone/home/tdfelton/SUPERCOMPUTING/assignments/assignment_07/data/dog_reference/dog_reference.zip    614MB 38MB/s
[1A[2K[1A[2KCollecting 1 genome record [================================================] 100% 1/1
Downloading: /sciclone/home/tdfelton/SUPERCOMPUTING/assignments/assignment_07/data/dog_reference/dog_reference.zip    614MB 38MB/s
[1A[2K[1A[2KCollecting 1 genome record [================================================] 100% 1/1
Downloading: /sciclone/home/tdfelton/SUPERCOMPUTING/assignments/assignment_07/data/dog_reference/dog_reference.zip    615MB 38MB/s
[1A[2K[1A[2KCollecting 1 genome record [================================================] 100% 1/1
Downloading: /sciclone/home/tdfelton/SUPERCOMPUTING/assignments/assignment_07/data/dog_reference/dog_reference.zip    615MB 38MB/s
[1A[2K[1A[2KCollecting 1 genome record [================================================] 100% 1/1
Downloading: /sciclone/home/tdfelton/SUPERCOMPUTING/assignments/assignment_07/data/dog_reference/dog_reference.zip    616MB 38MB/s
[1A[2K[1A[2KCollecting 1 genome record [================================================] 100% 1/1
Downloading: /sciclone/home/tdfelton/SUPERCOMPUTING/assignments/assignment_07/data/dog_reference/dog_reference.zip    616MB 38MB/s
[1A[2K[1A[2KCollecting 1 genome record [================================================] 100% 1/1
Downloading: /sciclone/home/tdfelton/SUPERCOMPUTING/assignments/assignment_07/data/dog_reference/dog_reference.zip    616MB 38MB/s
[1A[2K[1A[2KCollecting 1 genome record [================================================] 100% 1/1
Downloading: /sciclone/home/tdfelton/SUPERCOMPUTING/assignments/assignment_07/data/dog_reference/dog_reference.zip    617MB 38MB/s
[1A[2K[1A[2KCollecting 1 genome record [================================================] 100% 1/1
Downloading: /sciclone/home/tdfelton/SUPERCOMPUTING/assignments/assignment_07/data/dog_reference/dog_reference.zip    617MB 38MB/s
[1A[2K[1A[2KCollecting 1 genome record [================================================] 100% 1/1
Downloading: /sciclone/home/tdfelton/SUPERCOMPUTING/assignments/assignment_07/data/dog_reference/dog_reference.zip    618MB 38MB/s
[1A[2K[1A[2KCollecting 1 genome record [================================================] 100% 1/1
Downloading: /sciclone/home/tdfelton/SUPERCOMPUTING/assignments/assignment_07/data/dog_reference/dog_reference.zip    618MB 38MB/s
[1A[2K[1A[2KCollecting 1 genome record [================================================] 100% 1/1
Downloading: /sciclone/home/tdfelton/SUPERCOMPUTING/assignments/assignment_07/data/dog_reference/dog_reference.zip    618MB 38MB/s
[1A[2K[1A[2KCollecting 1 genome record [================================================] 100% 1/1
Downloading: /sciclone/home/tdfelton/SUPERCOMPUTING/assignments/assignment_07/data/dog_reference/dog_reference.zip    619MB 38MB/s
[1A[2K[1A[2KCollecting 1 genome record [================================================] 100% 1/1
Downloading: /sciclone/home/tdfelton/SUPERCOMPUTING/assignments/assignment_07/data/dog_reference/dog_reference.zip    619MB 38MB/s
[1A[2K[1A[2KCollecting 1 genome record [================================================] 100% 1/1
Downloading: /sciclone/home/tdfelton/SUPERCOMPUTING/assignments/assignment_07/data/dog_reference/dog_reference.zip    619MB 38MB/s
[1A[2K[1A[2KCollecting 1 genome record [================================================] 100% 1/1
Downloading: /sciclone/home/tdfelton/SUPERCOMPUTING/assignments/assignment_07/data/dog_reference/dog_reference.zip    620MB 38MB/s
[1A[2K[1A[2KCollecting 1 genome record [================================================] 100% 1/1
Downloading: /sciclone/home/tdfelton/SUPERCOMPUTING/assignments/assignment_07/data/dog_reference/dog_reference.zip    620MB 38MB/s
[1A[2K[1A[2KCollecting 1 genome record [================================================] 100% 1/1
Downloading: /sciclone/home/tdfelton/SUPERCOMPUTING/assignments/assignment_07/data/dog_reference/dog_reference.zip    621MB 38MB/s
[1A[2K[1A[2KCollecting 1 genome record [================================================] 100% 1/1
Downloading: /sciclone/home/tdfelton/SUPERCOMPUTING/assignments/assignment_07/data/dog_reference/dog_reference.zip    621MB 38MB/s
[1A[2K[1A[2KCollecting 1 genome record [================================================] 100% 1/1
Downloading: /sciclone/home/tdfelton/SUPERCOMPUTING/assignments/assignment_07/data/dog_reference/dog_reference.zip    621MB 38MB/s
[1A[2K[1A[2KCollecting 1 genome record [================================================] 100% 1/1
Downloading: /sciclone/home/tdfelton/SUPERCOMPUTING/assignments/assignment_07/data/dog_reference/dog_reference.zip    622MB 38MB/s
[1A[2K[1A[2KCollecting 1 genome record [================================================] 100% 1/1
Downloading: /sciclone/home/tdfelton/SUPERCOMPUTING/assignments/assignment_07/data/dog_reference/dog_reference.zip    622MB 38MB/s
[1A[2K[1A[2KCollecting 1 genome record [================================================] 100% 1/1
Downloading: /sciclone/home/tdfelton/SUPERCOMPUTING/assignments/assignment_07/data/dog_reference/dog_reference.zip    623MB 38MB/s
[1A[2K[1A[2KCollecting 1 genome record [================================================] 100% 1/1
Downloading: /sciclone/home/tdfelton/SUPERCOMPUTING/assignments/assignment_07/data/dog_reference/dog_reference.zip    623MB 38MB/s
[1A[2K[1A[2KCollecting 1 genome record [================================================] 100% 1/1
Downloading: /sciclone/home/tdfelton/SUPERCOMPUTING/assignments/assignment_07/data/dog_reference/dog_reference.zip    623MB 38MB/s
[1A[2K[1A[2KCollecting 1 genome record [================================================] 100% 1/1
Downloading: /sciclone/home/tdfelton/SUPERCOMPUTING/assignments/assignment_07/data/dog_reference/dog_reference.zip    624MB 38MB/s
[1A[2K[1A[2KCollecting 1 genome record [================================================] 100% 1/1
Downloading: /sciclone/home/tdfelton/SUPERCOMPUTING/assignments/assignment_07/data/dog_reference/dog_reference.zip    624MB 38MB/s
[1A[2K[1A[2KCollecting 1 genome record [================================================] 100% 1/1
Downloading: /sciclone/home/tdfelton/SUPERCOMPUTING/assignments/assignment_07/data/dog_reference/dog_reference.zip    625MB 38MB/s
[1A[2K[1A[2KCollecting 1 genome record [================================================] 100% 1/1
Downloading: /sciclone/home/tdfelton/SUPERCOMPUTING/assignments/assignment_07/data/dog_reference/dog_reference.zip    625MB 38MB/s
[1A[2K[1A[2KCollecting 1 genome record [================================================] 100% 1/1
Downloading: /sciclone/home/tdfelton/SUPERCOMPUTING/assignments/assignment_07/data/dog_reference/dog_reference.zip    625MB 38MB/s
[1A[2K[1A[2KCollecting 1 genome record [================================================] 100% 1/1
Downloading: /sciclone/home/tdfelton/SUPERCOMPUTING/assignments/assignment_07/data/dog_reference/dog_reference.zip    626MB 38MB/s
[1A[2K[1A[2KCollecting 1 genome record [================================================] 100% 1/1
Downloading: /sciclone/home/tdfelton/SUPERCOMPUTING/assignments/assignment_07/data/dog_reference/dog_reference.zip    626MB 38MB/s
[1A[2K[1A[2KCollecting 1 genome record [================================================] 100% 1/1
Downloading: /sciclone/home/tdfelton/SUPERCOMPUTING/assignments/assignment_07/data/dog_reference/dog_reference.zip    627MB 38MB/s
[1A[2K[1A[2KCollecting 1 genome record [================================================] 100% 1/1
Downloading: /sciclone/home/tdfelton/SUPERCOMPUTING/assignments/assignment_07/data/dog_reference/dog_reference.zip    627MB 38MB/s
[1A[2K[1A[2KCollecting 1 genome record [================================================] 100% 1/1
Downloading: /sciclone/home/tdfelton/SUPERCOMPUTING/assignments/assignment_07/data/dog_reference/dog_reference.zip    627MB 38MB/s
[1A[2K[1A[2KCollecting 1 genome record [================================================] 100% 1/1
Downloading: /sciclone/home/tdfelton/SUPERCOMPUTING/assignments/assignment_07/data/dog_reference/dog_reference.zip    628MB 38MB/s
[1A[2K[1A[2KCollecting 1 genome record [================================================] 100% 1/1
Downloading: /sciclone/home/tdfelton/SUPERCOMPUTING/assignments/assignment_07/data/dog_reference/dog_reference.zip    628MB 38MB/s
[1A[2K[1A[2KCollecting 1 genome record [================================================] 100% 1/1
Downloading: /sciclone/home/tdfelton/SUPERCOMPUTING/assignments/assignment_07/data/dog_reference/dog_reference.zip    628MB 38MB/s
[1A[2K[1A[2KCollecting 1 genome record [================================================] 100% 1/1
Downloading: /sciclone/home/tdfelton/SUPERCOMPUTING/assignments/assignment_07/data/dog_reference/dog_reference.zip    629MB 38MB/s
[1A[2K[1A[2KCollecting 1 genome record [================================================] 100% 1/1
Downloading: /sciclone/home/tdfelton/SUPERCOMPUTING/assignments/assignment_07/data/dog_reference/dog_reference.zip    629MB 38MB/s
[1A[2K[1A[2KCollecting 1 genome record [================================================] 100% 1/1
Downloading: /sciclone/home/tdfelton/SUPERCOMPUTING/assignments/assignment_07/data/dog_reference/dog_reference.zip    630MB 38MB/s
[1A[2K[1A[2KCollecting 1 genome record [================================================] 100% 1/1
Downloading: /sciclone/home/tdfelton/SUPERCOMPUTING/assignments/assignment_07/data/dog_reference/dog_reference.zip    630MB 38MB/s
[1A[2K[1A[2KCollecting 1 genome record [================================================] 100% 1/1
Downloading: /sciclone/home/tdfelton/SUPERCOMPUTING/assignments/assignment_07/data/dog_reference/dog_reference.zip    630MB 38MB/s
[1A[2K[1A[2KCollecting 1 genome record [================================================] 100% 1/1
Downloading: /sciclone/home/tdfelton/SUPERCOMPUTING/assignments/assignment_07/data/dog_reference/dog_reference.zip    631MB 38MB/s
[1A[2K[1A[2KCollecting 1 genome record [================================================] 100% 1/1
Downloading: /sciclone/home/tdfelton/SUPERCOMPUTING/assignments/assignment_07/data/dog_reference/dog_reference.zip    631MB 38MB/s
[1A[2K[1A[2KCollecting 1 genome record [================================================] 100% 1/1
Downloading: /sciclone/home/tdfelton/SUPERCOMPUTING/assignments/assignment_07/data/dog_reference/dog_reference.zip    632MB 38MB/s
[1A[2K[1A[2KCollecting 1 genome record [================================================] 100% 1/1
Downloading: /sciclone/home/tdfelton/SUPERCOMPUTING/assignments/assignment_07/data/dog_reference/dog_reference.zip    632MB 38MB/s
[1A[2K[1A[2KCollecting 1 genome record [================================================] 100% 1/1
Downloading: /sciclone/home/tdfelton/SUPERCOMPUTING/assignments/assignment_07/data/dog_reference/dog_reference.zip    632MB 38MB/s
[1A[2K[1A[2KCollecting 1 genome record [================================================] 100% 1/1
Downloading: /sciclone/home/tdfelton/SUPERCOMPUTING/assignments/assignment_07/data/dog_reference/dog_reference.zip    633MB 38MB/s
[1A[2K[1A[2KCollecting 1 genome record [================================================] 100% 1/1
Downloading: /sciclone/home/tdfelton/SUPERCOMPUTING/assignments/assignment_07/data/dog_reference/dog_reference.zip    633MB 38MB/s
[1A[2K[1A[2KCollecting 1 genome record [================================================] 100% 1/1
Downloading: /sciclone/home/tdfelton/SUPERCOMPUTING/assignments/assignment_07/data/dog_reference/dog_reference.zip    634MB 38MB/s
[1A[2K[1A[2KCollecting 1 genome record [================================================] 100% 1/1
Downloading: /sciclone/home/tdfelton/SUPERCOMPUTING/assignments/assignment_07/data/dog_reference/dog_reference.zip    634MB 38MB/s
[1A[2K[1A[2KCollecting 1 genome record [================================================] 100% 1/1
Downloading: /sciclone/home/tdfelton/SUPERCOMPUTING/assignments/assignment_07/data/dog_reference/dog_reference.zip    634MB 38MB/s
[1A[2K[1A[2KCollecting 1 genome record [================================================] 100% 1/1
Downloading: /sciclone/home/tdfelton/SUPERCOMPUTING/assignments/assignment_07/data/dog_reference/dog_reference.zip    635MB 38MB/s
[1A[2K[1A[2KCollecting 1 genome record [================================================] 100% 1/1
Downloading: /sciclone/home/tdfelton/SUPERCOMPUTING/assignments/assignment_07/data/dog_reference/dog_reference.zip    635MB 38MB/s
[1A[2K[1A[2KCollecting 1 genome record [================================================] 100% 1/1
Downloading: /sciclone/home/tdfelton/SUPERCOMPUTING/assignments/assignment_07/data/dog_reference/dog_reference.zip    636MB 38MB/s
[1A[2K[1A[2KCollecting 1 genome record [================================================] 100% 1/1
Downloading: /sciclone/home/tdfelton/SUPERCOMPUTING/assignments/assignment_07/data/dog_reference/dog_reference.zip    636MB 38MB/s
[1A[2K[1A[2KCollecting 1 genome record [================================================] 100% 1/1
Downloading: /sciclone/home/tdfelton/SUPERCOMPUTING/assignments/assignment_07/data/dog_reference/dog_reference.zip    636MB 38MB/s
[1A[2K[1A[2KCollecting 1 genome record [================================================] 100% 1/1
Downloading: /sciclone/home/tdfelton/SUPERCOMPUTING/assignments/assignment_07/data/dog_reference/dog_reference.zip    637MB 38MB/s
[1A[2K[1A[2KCollecting 1 genome record [================================================] 100% 1/1
Downloading: /sciclone/home/tdfelton/SUPERCOMPUTING/assignments/assignment_07/data/dog_reference/dog_reference.zip    637MB 38MB/s
[1A[2K[1A[2KCollecting 1 genome record [================================================] 100% 1/1
Downloading: /sciclone/home/tdfelton/SUPERCOMPUTING/assignments/assignment_07/data/dog_reference/dog_reference.zip    638MB 38MB/s
[1A[2K[1A[2KCollecting 1 genome record [================================================] 100% 1/1
Downloading: /sciclone/home/tdfelton/SUPERCOMPUTING/assignments/assignment_07/data/dog_reference/dog_reference.zip    638MB 38MB/s
[1A[2K[1A[2KCollecting 1 genome record [================================================] 100% 1/1
Downloading: /sciclone/home/tdfelton/SUPERCOMPUTING/assignments/assignment_07/data/dog_reference/dog_reference.zip    638MB 38MB/s
[1A[2K[1A[2KCollecting 1 genome record [================================================] 100% 1/1
Downloading: /sciclone/home/tdfelton/SUPERCOMPUTING/assignments/assignment_07/data/dog_reference/dog_reference.zip    639MB 38MB/s
[1A[2K[1A[2KCollecting 1 genome record [================================================] 100% 1/1
Downloading: /sciclone/home/tdfelton/SUPERCOMPUTING/assignments/assignment_07/data/dog_reference/dog_reference.zip    639MB 38MB/s
[1A[2K[1A[2KCollecting 1 genome record [================================================] 100% 1/1
Downloading: /sciclone/home/tdfelton/SUPERCOMPUTING/assignments/assignment_07/data/dog_reference/dog_reference.zip    640MB 38MB/s
[1A[2K[1A[2KCollecting 1 genome record [================================================] 100% 1/1
Downloading: /sciclone/home/tdfelton/SUPERCOMPUTING/assignments/assignment_07/data/dog_reference/dog_reference.zip    640MB 38MB/s
[1A[2K[1A[2KCollecting 1 genome record [================================================] 100% 1/1
Downloading: /sciclone/home/tdfelton/SUPERCOMPUTING/assignments/assignment_07/data/dog_reference/dog_reference.zip    640MB 38MB/s
[1A[2K[1A[2KCollecting 1 genome record [================================================] 100% 1/1
Downloading: /sciclone/home/tdfelton/SUPERCOMPUTING/assignments/assignment_07/data/dog_reference/dog_reference.zip    641MB 38MB/s
[1A[2K[1A[2KCollecting 1 genome record [================================================] 100% 1/1
Downloading: /sciclone/home/tdfelton/SUPERCOMPUTING/assignments/assignment_07/data/dog_reference/dog_reference.zip    641MB 38MB/s
[1A[2K[1A[2KCollecting 1 genome record [================================================] 100% 1/1
Downloading: /sciclone/home/tdfelton/SUPERCOMPUTING/assignments/assignment_07/data/dog_reference/dog_reference.zip    641MB 38MB/s
[1A[2K[1A[2KCollecting 1 genome record [================================================] 100% 1/1
Downloading: /sciclone/home/tdfelton/SUPERCOMPUTING/assignments/assignment_07/data/dog_reference/dog_reference.zip    642MB 38MB/s
[1A[2K[1A[2KCollecting 1 genome record [================================================] 100% 1/1
Downloading: /sciclone/home/tdfelton/SUPERCOMPUTING/assignments/assignment_07/data/dog_reference/dog_reference.zip    642MB 38MB/s
[1A[2K[1A[2KCollecting 1 genome record [================================================] 100% 1/1
Downloading: /sciclone/home/tdfelton/SUPERCOMPUTING/assignments/assignment_07/data/dog_reference/dog_reference.zip    643MB 38MB/s
[1A[2K[1A[2KCollecting 1 genome record [================================================] 100% 1/1
Downloading: /sciclone/home/tdfelton/SUPERCOMPUTING/assignments/assignment_07/data/dog_reference/dog_reference.zip    643MB 38MB/s
[1A[2K[1A[2KCollecting 1 genome record [================================================] 100% 1/1
Downloading: /sciclone/home/tdfelton/SUPERCOMPUTING/assignments/assignment_07/data/dog_reference/dog_reference.zip    643MB 38MB/s
[1A[2K[1A[2KCollecting 1 genome record [================================================] 100% 1/1
Downloading: /sciclone/home/tdfelton/SUPERCOMPUTING/assignments/assignment_07/data/dog_reference/dog_reference.zip    644MB 38MB/s
[1A[2K[1A[2KCollecting 1 genome record [================================================] 100% 1/1
Downloading: /sciclone/home/tdfelton/SUPERCOMPUTING/assignments/assignment_07/data/dog_reference/dog_reference.zip    644MB 38MB/s
[1A[2K[1A[2KCollecting 1 genome record [================================================] 100% 1/1
Downloading: /sciclone/home/tdfelton/SUPERCOMPUTING/assignments/assignment_07/data/dog_reference/dog_reference.zip    645MB 38MB/s
[1A[2K[1A[2KCollecting 1 genome record [================================================] 100% 1/1
Downloading: /sciclone/home/tdfelton/SUPERCOMPUTING/assignments/assignment_07/data/dog_reference/dog_reference.zip    645MB 38MB/s
[1A[2K[1A[2KCollecting 1 genome record [================================================] 100% 1/1
Downloading: /sciclone/home/tdfelton/SUPERCOMPUTING/assignments/assignment_07/data/dog_reference/dog_reference.zip    645MB 38MB/s
[1A[2K[1A[2KCollecting 1 genome record [================================================] 100% 1/1
Downloading: /sciclone/home/tdfelton/SUPERCOMPUTING/assignments/assignment_07/data/dog_reference/dog_reference.zip    646MB 38MB/s
[1A[2K[1A[2KCollecting 1 genome record [================================================] 100% 1/1
Downloading: /sciclone/home/tdfelton/SUPERCOMPUTING/assignments/assignment_07/data/dog_reference/dog_reference.zip    646MB 38MB/s
[1A[2K[1A[2KCollecting 1 genome record [================================================] 100% 1/1
Downloading: /sciclone/home/tdfelton/SUPERCOMPUTING/assignments/assignment_07/data/dog_reference/dog_reference.zip    647MB 38MB/s
[1A[2K[1A[2KCollecting 1 genome record [================================================] 100% 1/1
Downloading: /sciclone/home/tdfelton/SUPERCOMPUTING/assignments/assignment_07/data/dog_reference/dog_reference.zip    647MB 38MB/s
[1A[2K[1A[2KCollecting 1 genome record [================================================] 100% 1/1
Downloading: /sciclone/home/tdfelton/SUPERCOMPUTING/assignments/assignment_07/data/dog_reference/dog_reference.zip    647MB 38MB/s
[1A[2K[1A[2KCollecting 1 genome record [================================================] 100% 1/1
Downloading: /sciclone/home/tdfelton/SUPERCOMPUTING/assignments/assignment_07/data/dog_reference/dog_reference.zip    648MB 38MB/s
[1A[2K[1A[2KCollecting 1 genome record [================================================] 100% 1/1
Downloading: /sciclone/home/tdfelton/SUPERCOMPUTING/assignments/assignment_07/data/dog_reference/dog_reference.zip    648MB 38MB/s
[1A[2K[1A[2KCollecting 1 genome record [================================================] 100% 1/1
Downloading: /sciclone/home/tdfelton/SUPERCOMPUTING/assignments/assignment_07/data/dog_reference/dog_reference.zip    649MB 38MB/s
[1A[2K[1A[2KCollecting 1 genome record [================================================] 100% 1/1
Downloading: /sciclone/home/tdfelton/SUPERCOMPUTING/assignments/assignment_07/data/dog_reference/dog_reference.zip    649MB 38MB/s
[1A[2K[1A[2KCollecting 1 genome record [================================================] 100% 1/1
Downloading: /sciclone/home/tdfelton/SUPERCOMPUTING/assignments/assignment_07/data/dog_reference/dog_reference.zip    649MB 38MB/s
[1A[2K[1A[2KCollecting 1 genome record [================================================] 100% 1/1
Downloading: /sciclone/home/tdfelton/SUPERCOMPUTING/assignments/assignment_07/data/dog_reference/dog_reference.zip    650MB 38MB/s
[1A[2K[1A[2KCollecting 1 genome record [================================================] 100% 1/1
Downloading: /sciclone/home/tdfelton/SUPERCOMPUTING/assignments/assignment_07/data/dog_reference/dog_reference.zip    650MB 38MB/s
[1A[2K[1A[2KCollecting 1 genome record [================================================] 100% 1/1
Downloading: /sciclone/home/tdfelton/SUPERCOMPUTING/assignments/assignment_07/data/dog_reference/dog_reference.zip    650MB 38MB/s
[1A[2K[1A[2KCollecting 1 genome record [================================================] 100% 1/1
Downloading: /sciclone/home/tdfelton/SUPERCOMPUTING/assignments/assignment_07/data/dog_reference/dog_reference.zip    651MB 38MB/s
[1A[2K[1A[2KCollecting 1 genome record [================================================] 100% 1/1
Downloading: /sciclone/home/tdfelton/SUPERCOMPUTING/assignments/assignment_07/data/dog_reference/dog_reference.zip    651MB 38MB/s
[1A[2K[1A[2KCollecting 1 genome record [================================================] 100% 1/1
Downloading: /sciclone/home/tdfelton/SUPERCOMPUTING/assignments/assignment_07/data/dog_reference/dog_reference.zip    652MB 38MB/s
[1A[2K[1A[2KCollecting 1 genome record [================================================] 100% 1/1
Downloading: /sciclone/home/tdfelton/SUPERCOMPUTING/assignments/assignment_07/data/dog_reference/dog_reference.zip    652MB 38MB/s
[1A[2K[1A[2KCollecting 1 genome record [================================================] 100% 1/1
Downloading: /sciclone/home/tdfelton/SUPERCOMPUTING/assignments/assignment_07/data/dog_reference/dog_reference.zip    652MB 38MB/s
[1A[2K[1A[2KCollecting 1 genome record [================================================] 100% 1/1
Downloading: /sciclone/home/tdfelton/SUPERCOMPUTING/assignments/assignment_07/data/dog_reference/dog_reference.zip    653MB 38MB/s
[1A[2K[1A[2KCollecting 1 genome record [================================================] 100% 1/1
Downloading: /sciclone/home/tdfelton/SUPERCOMPUTING/assignments/assignment_07/data/dog_reference/dog_reference.zip    653MB 38MB/s
[1A[2K[1A[2KCollecting 1 genome record [================================================] 100% 1/1
Downloading: /sciclone/home/tdfelton/SUPERCOMPUTING/assignments/assignment_07/data/dog_reference/dog_reference.zip    654MB 38MB/s
[1A[2K[1A[2KCollecting 1 genome record [================================================] 100% 1/1
Downloading: /sciclone/home/tdfelton/SUPERCOMPUTING/assignments/assignment_07/data/dog_reference/dog_reference.zip    654MB 38MB/s
[1A[2K[1A[2KCollecting 1 genome record [================================================] 100% 1/1
Downloading: /sciclone/home/tdfelton/SUPERCOMPUTING/assignments/assignment_07/data/dog_reference/dog_reference.zip    654MB 38MB/s
[1A[2K[1A[2KCollecting 1 genome record [================================================] 100% 1/1
Downloading: /sciclone/home/tdfelton/SUPERCOMPUTING/assignments/assignment_07/data/dog_reference/dog_reference.zip    655MB 38MB/s
[1A[2K[1A[2KCollecting 1 genome record [================================================] 100% 1/1
Downloading: /sciclone/home/tdfelton/SUPERCOMPUTING/assignments/assignment_07/data/dog_reference/dog_reference.zip    655MB 38MB/s
[1A[2K[1A[2KCollecting 1 genome record [================================================] 100% 1/1
Downloading: /sciclone/home/tdfelton/SUPERCOMPUTING/assignments/assignment_07/data/dog_reference/dog_reference.zip    656MB 38MB/s
[1A[2K[1A[2KCollecting 1 genome record [================================================] 100% 1/1
Downloading: /sciclone/home/tdfelton/SUPERCOMPUTING/assignments/assignment_07/data/dog_reference/dog_reference.zip    656MB 38MB/s
[1A[2K[1A[2KCollecting 1 genome record [================================================] 100% 1/1
Downloading: /sciclone/home/tdfelton/SUPERCOMPUTING/assignments/assignment_07/data/dog_reference/dog_reference.zip    656MB 38MB/s
[1A[2K[1A[2KCollecting 1 genome record [================================================] 100% 1/1
Downloading: /sciclone/home/tdfelton/SUPERCOMPUTING/assignments/assignment_07/data/dog_reference/dog_reference.zip    657MB 38MB/s
[1A[2K[1A[2KCollecting 1 genome record [================================================] 100% 1/1
Downloading: /sciclone/home/tdfelton/SUPERCOMPUTING/assignments/assignment_07/data/dog_reference/dog_reference.zip    657MB 38MB/s
[1A[2K[1A[2KCollecting 1 genome record [================================================] 100% 1/1
Downloading: /sciclone/home/tdfelton/SUPERCOMPUTING/assignments/assignment_07/data/dog_reference/dog_reference.zip    658MB 38MB/s
[1A[2K[1A[2KCollecting 1 genome record [================================================] 100% 1/1
Downloading: /sciclone/home/tdfelton/SUPERCOMPUTING/assignments/assignment_07/data/dog_reference/dog_reference.zip    658MB 38MB/s
[1A[2K[1A[2KCollecting 1 genome record [================================================] 100% 1/1
Downloading: /sciclone/home/tdfelton/SUPERCOMPUTING/assignments/assignment_07/data/dog_reference/dog_reference.zip    658MB 38MB/s
[1A[2K[1A[2KCollecting 1 genome record [================================================] 100% 1/1
Downloading: /sciclone/home/tdfelton/SUPERCOMPUTING/assignments/assignment_07/data/dog_reference/dog_reference.zip    659MB 38MB/s
[1A[2K[1A[2KCollecting 1 genome record [================================================] 100% 1/1
Downloading: /sciclone/home/tdfelton/SUPERCOMPUTING/assignments/assignment_07/data/dog_reference/dog_reference.zip    659MB 38MB/s
[1A[2K[1A[2KCollecting 1 genome record [================================================] 100% 1/1
Downloading: /sciclone/home/tdfelton/SUPERCOMPUTING/assignments/assignment_07/data/dog_reference/dog_reference.zip    660MB 38MB/s
[1A[2K[1A[2KCollecting 1 genome record [================================================] 100% 1/1
Downloading: /sciclone/home/tdfelton/SUPERCOMPUTING/assignments/assignment_07/data/dog_reference/dog_reference.zip    660MB 38MB/s
[1A[2K[1A[2KCollecting 1 genome record [================================================] 100% 1/1
Downloading: /sciclone/home/tdfelton/SUPERCOMPUTING/assignments/assignment_07/data/dog_reference/dog_reference.zip    660MB 38MB/s
[1A[2K[1A[2KCollecting 1 genome record [================================================] 100% 1/1
Downloading: /sciclone/home/tdfelton/SUPERCOMPUTING/assignments/assignment_07/data/dog_reference/dog_reference.zip    661MB 38MB/s
[1A[2K[1A[2KCollecting 1 genome record [================================================] 100% 1/1
Downloading: /sciclone/home/tdfelton/SUPERCOMPUTING/assignments/assignment_07/data/dog_reference/dog_reference.zip    661MB 38MB/s
[1A[2K[1A[2KCollecting 1 genome record [================================================] 100% 1/1
Downloading: /sciclone/home/tdfelton/SUPERCOMPUTING/assignments/assignment_07/data/dog_reference/dog_reference.zip    662MB 38MB/s
[1A[2K[1A[2KCollecting 1 genome record [================================================] 100% 1/1
Downloading: /sciclone/home/tdfelton/SUPERCOMPUTING/assignments/assignment_07/data/dog_reference/dog_reference.zip    662MB 38MB/s
[1A[2K[1A[2KCollecting 1 genome record [================================================] 100% 1/1
Downloading: /sciclone/home/tdfelton/SUPERCOMPUTING/assignments/assignment_07/data/dog_reference/dog_reference.zip    662MB 38MB/s
[1A[2K[1A[2KCollecting 1 genome record [================================================] 100% 1/1
Downloading: /sciclone/home/tdfelton/SUPERCOMPUTING/assignments/assignment_07/data/dog_reference/dog_reference.zip    663MB 38MB/s
[1A[2K[1A[2KCollecting 1 genome record [================================================] 100% 1/1
Downloading: /sciclone/home/tdfelton/SUPERCOMPUTING/assignments/assignment_07/data/dog_reference/dog_reference.zip    663MB 38MB/s
[1A[2K[1A[2KCollecting 1 genome record [================================================] 100% 1/1
Downloading: /sciclone/home/tdfelton/SUPERCOMPUTING/assignments/assignment_07/data/dog_reference/dog_reference.zip    663MB 38MB/s
[1A[2K[1A[2KCollecting 1 genome record [================================================] 100% 1/1
Downloading: /sciclone/home/tdfelton/SUPERCOMPUTING/assignments/assignment_07/data/dog_reference/dog_reference.zip    664MB 38MB/s
[1A[2K[1A[2KCollecting 1 genome record [================================================] 100% 1/1
Downloading: /sciclone/home/tdfelton/SUPERCOMPUTING/assignments/assignment_07/data/dog_reference/dog_reference.zip    664MB 38MB/s
[1A[2K[1A[2KCollecting 1 genome record [================================================] 100% 1/1
Downloading: /sciclone/home/tdfelton/SUPERCOMPUTING/assignments/assignment_07/data/dog_reference/dog_reference.zip    665MB 38MB/s
[1A[2K[1A[2KCollecting 1 genome record [================================================] 100% 1/1
Downloading: /sciclone/home/tdfelton/SUPERCOMPUTING/assignments/assignment_07/data/dog_reference/dog_reference.zip    665MB 38MB/s
[1A[2K[1A[2KCollecting 1 genome record [================================================] 100% 1/1
Downloading: /sciclone/home/tdfelton/SUPERCOMPUTING/assignments/assignment_07/data/dog_reference/dog_reference.zip    665MB 38MB/s
[1A[2K[1A[2KCollecting 1 genome record [================================================] 100% 1/1
Downloading: /sciclone/home/tdfelton/SUPERCOMPUTING/assignments/assignment_07/data/dog_reference/dog_reference.zip    666MB 38MB/s
[1A[2K[1A[2KCollecting 1 genome record [================================================] 100% 1/1
Downloading: /sciclone/home/tdfelton/SUPERCOMPUTING/assignments/assignment_07/data/dog_reference/dog_reference.zip    666MB 38MB/s
[1A[2K[1A[2KCollecting 1 genome record [================================================] 100% 1/1
Downloading: /sciclone/home/tdfelton/SUPERCOMPUTING/assignments/assignment_07/data/dog_reference/dog_reference.zip    666MB 38MB/s
[1A[2K[1A[2KCollecting 1 genome record [================================================] 100% 1/1
Downloading: /sciclone/home/tdfelton/SUPERCOMPUTING/assignments/assignment_07/data/dog_reference/dog_reference.zip    667MB 38MB/s
[1A[2K[1A[2KCollecting 1 genome record [================================================] 100% 1/1
Downloading: /sciclone/home/tdfelton/SUPERCOMPUTING/assignments/assignment_07/data/dog_reference/dog_reference.zip    667MB 38MB/s
[1A[2K[1A[2KCollecting 1 genome record [================================================] 100% 1/1
Downloading: /sciclone/home/tdfelton/SUPERCOMPUTING/assignments/assignment_07/data/dog_reference/dog_reference.zip    668MB 38MB/s
[1A[2K[1A[2KCollecting 1 genome record [================================================] 100% 1/1
Downloading: /sciclone/home/tdfelton/SUPERCOMPUTING/assignments/assignment_07/data/dog_reference/dog_reference.zip    668MB 38MB/s
[1A[2K[1A[2KCollecting 1 genome record [================================================] 100% 1/1
Downloading: /sciclone/home/tdfelton/SUPERCOMPUTING/assignments/assignment_07/data/dog_reference/dog_reference.zip    668MB 38MB/s
[1A[2K[1A[2KCollecting 1 genome record [================================================] 100% 1/1
Downloading: /sciclone/home/tdfelton/SUPERCOMPUTING/assignments/assignment_07/data/dog_reference/dog_reference.zip    669MB 38MB/s
[1A[2K[1A[2KCollecting 1 genome record [================================================] 100% 1/1
Downloading: /sciclone/home/tdfelton/SUPERCOMPUTING/assignments/assignment_07/data/dog_reference/dog_reference.zip    669MB 38MB/s
[1A[2K[1A[2KCollecting 1 genome record [================================================] 100% 1/1
Downloading: /sciclone/home/tdfelton/SUPERCOMPUTING/assignments/assignment_07/data/dog_reference/dog_reference.zip    670MB 38MB/s
[1A[2K[1A[2KCollecting 1 genome record [================================================] 100% 1/1
Downloading: /sciclone/home/tdfelton/SUPERCOMPUTING/assignments/assignment_07/data/dog_reference/dog_reference.zip    670MB 38MB/s
[1A[2K[1A[2KCollecting 1 genome record [================================================] 100% 1/1
Downloading: /sciclone/home/tdfelton/SUPERCOMPUTING/assignments/assignment_07/data/dog_reference/dog_reference.zip    670MB 38MB/s
[1A[2K[1A[2KCollecting 1 genome record [================================================] 100% 1/1
Downloading: /sciclone/home/tdfelton/SUPERCOMPUTING/assignments/assignment_07/data/dog_reference/dog_reference.zip    671MB 38MB/s
[1A[2K[1A[2KCollecting 1 genome record [================================================] 100% 1/1
Downloading: /sciclone/home/tdfelton/SUPERCOMPUTING/assignments/assignment_07/data/dog_reference/dog_reference.zip    671MB 38MB/s
[1A[2K[1A[2KCollecting 1 genome record [================================================] 100% 1/1
Downloading: /sciclone/home/tdfelton/SUPERCOMPUTING/assignments/assignment_07/data/dog_reference/dog_reference.zip    672MB 38MB/s
[1A[2K[1A[2KCollecting 1 genome record [================================================] 100% 1/1
Downloading: /sciclone/home/tdfelton/SUPERCOMPUTING/assignments/assignment_07/data/dog_reference/dog_reference.zip    672MB 38MB/s
[1A[2K[1A[2KCollecting 1 genome record [================================================] 100% 1/1
Downloading: /sciclone/home/tdfelton/SUPERCOMPUTING/assignments/assignment_07/data/dog_reference/dog_reference.zip    672MB 38MB/s
[1A[2K[1A[2KCollecting 1 genome record [================================================] 100% 1/1
Downloading: /sciclone/home/tdfelton/SUPERCOMPUTING/assignments/assignment_07/data/dog_reference/dog_reference.zip    673MB 38MB/s
[1A[2K[1A[2KCollecting 1 genome record [================================================] 100% 1/1
Downloading: /sciclone/home/tdfelton/SUPERCOMPUTING/assignments/assignment_07/data/dog_reference/dog_reference.zip    673MB 38MB/s
[1A[2K[1A[2KCollecting 1 genome record [================================================] 100% 1/1
Downloading: /sciclone/home/tdfelton/SUPERCOMPUTING/assignments/assignment_07/data/dog_reference/dog_reference.zip    673MB 38MB/s
[1A[2K[1A[2KCollecting 1 genome record [================================================] 100% 1/1
Downloading: /sciclone/home/tdfelton/SUPERCOMPUTING/assignments/assignment_07/data/dog_reference/dog_reference.zip    674MB 38MB/s
[1A[2K[1A[2KCollecting 1 genome record [================================================] 100% 1/1
Downloading: /sciclone/home/tdfelton/SUPERCOMPUTING/assignments/assignment_07/data/dog_reference/dog_reference.zip    674MB 38MB/s
[1A[2K[1A[2KCollecting 1 genome record [================================================] 100% 1/1
Downloading: /sciclone/home/tdfelton/SUPERCOMPUTING/assignments/assignment_07/data/dog_reference/dog_reference.zip    675MB 38MB/s
[1A[2K[1A[2KCollecting 1 genome record [================================================] 100% 1/1
Downloading: /sciclone/home/tdfelton/SUPERCOMPUTING/assignments/assignment_07/data/dog_reference/dog_reference.zip    675MB 38MB/s
[1A[2K[1A[2KCollecting 1 genome record [================================================] 100% 1/1
Downloading: /sciclone/home/tdfelton/SUPERCOMPUTING/assignments/assignment_07/data/dog_reference/dog_reference.zip    675MB 38MB/s
[1A[2K[1A[2KCollecting 1 genome record [================================================] 100% 1/1
Downloading: /sciclone/home/tdfelton/SUPERCOMPUTING/assignments/assignment_07/data/dog_reference/dog_reference.zip    676MB 38MB/s
[1A[2K[1A[2KCollecting 1 genome record [================================================] 100% 1/1
Downloading: /sciclone/home/tdfelton/SUPERCOMPUTING/assignments/assignment_07/data/dog_reference/dog_reference.zip    676MB 38MB/s
[1A[2K[1A[2KCollecting 1 genome record [================================================] 100% 1/1
Downloading: /sciclone/home/tdfelton/SUPERCOMPUTING/assignments/assignment_07/data/dog_reference/dog_reference.zip    677MB 38MB/s
[1A[2K[1A[2KCollecting 1 genome record [================================================] 100% 1/1
Downloading: /sciclone/home/tdfelton/SUPERCOMPUTING/assignments/assignment_07/data/dog_reference/dog_reference.zip    677MB 38MB/s
[1A[2K[1A[2KCollecting 1 genome record [================================================] 100% 1/1
Downloading: /sciclone/home/tdfelton/SUPERCOMPUTING/assignments/assignment_07/data/dog_reference/dog_reference.zip    677MB 38MB/s
[1A[2K[1A[2KCollecting 1 genome record [================================================] 100% 1/1
Downloading: /sciclone/home/tdfelton/SUPERCOMPUTING/assignments/assignment_07/data/dog_reference/dog_reference.zip    678MB 38MB/s
[1A[2K[1A[2KCollecting 1 genome record [================================================] 100% 1/1
Downloading: /sciclone/home/tdfelton/SUPERCOMPUTING/assignments/assignment_07/data/dog_reference/dog_reference.zip    678MB 38MB/s
[1A[2K[1A[2KCollecting 1 genome record [================================================] 100% 1/1
Downloading: /sciclone/home/tdfelton/SUPERCOMPUTING/assignments/assignment_07/data/dog_reference/dog_reference.zip    679MB 38MB/s
[1A[2K[1A[2KCollecting 1 genome record [================================================] 100% 1/1
Downloading: /sciclone/home/tdfelton/SUPERCOMPUTING/assignments/assignment_07/data/dog_reference/dog_reference.zip    679MB 38MB/s
[1A[2K[1A[2KCollecting 1 genome record [================================================] 100% 1/1
Downloading: /sciclone/home/tdfelton/SUPERCOMPUTING/assignments/assignment_07/data/dog_reference/dog_reference.zip    679MB 38MB/s
[1A[2K[1A[2KCollecting 1 genome record [================================================] 100% 1/1
Downloading: /sciclone/home/tdfelton/SUPERCOMPUTING/assignments/assignment_07/data/dog_reference/dog_reference.zip    680MB 38MB/s
[1A[2K[1A[2KCollecting 1 genome record [================================================] 100% 1/1
Downloading: /sciclone/home/tdfelton/SUPERCOMPUTING/assignments/assignment_07/data/dog_reference/dog_reference.zip    680MB 38MB/s
[1A[2K[1A[2KCollecting 1 genome record [================================================] 100% 1/1
Downloading: /sciclone/home/tdfelton/SUPERCOMPUTING/assignments/assignment_07/data/dog_reference/dog_reference.zip    681MB 38MB/s
[1A[2K[1A[2KCollecting 1 genome record [================================================] 100% 1/1
Downloading: /sciclone/home/tdfelton/SUPERCOMPUTING/assignments/assignment_07/data/dog_reference/dog_reference.zip    681MB 38MB/s
[1A[2K[1A[2KCollecting 1 genome record [================================================] 100% 1/1
Downloading: /sciclone/home/tdfelton/SUPERCOMPUTING/assignments/assignment_07/data/dog_reference/dog_reference.zip    681MB 38MB/s
[1A[2K[1A[2KCollecting 1 genome record [================================================] 100% 1/1
Downloading: /sciclone/home/tdfelton/SUPERCOMPUTING/assignments/assignment_07/data/dog_reference/dog_reference.zip    682MB 38MB/s
[1A[2K[1A[2KCollecting 1 genome record [================================================] 100% 1/1
Downloading: /sciclone/home/tdfelton/SUPERCOMPUTING/assignments/assignment_07/data/dog_reference/dog_reference.zip    682MB 38MB/s
[1A[2K[1A[2KCollecting 1 genome record [================================================] 100% 1/1
Downloading: /sciclone/home/tdfelton/SUPERCOMPUTING/assignments/assignment_07/data/dog_reference/dog_reference.zip    683MB 38MB/s
[1A[2K[1A[2KCollecting 1 genome record [================================================] 100% 1/1
Downloading: /sciclone/home/tdfelton/SUPERCOMPUTING/assignments/assignment_07/data/dog_reference/dog_reference.zip    683MB 38MB/s
[1A[2K[1A[2KCollecting 1 genome record [================================================] 100% 1/1
Downloading: /sciclone/home/tdfelton/SUPERCOMPUTING/assignments/assignment_07/data/dog_reference/dog_reference.zip    683MB 38MB/s
[1A[2K[1A[2KCollecting 1 genome record [================================================] 100% 1/1
Downloading: /sciclone/home/tdfelton/SUPERCOMPUTING/assignments/assignment_07/data/dog_reference/dog_reference.zip    684MB 38MB/s
[1A[2K[1A[2KCollecting 1 genome record [================================================] 100% 1/1
Downloading: /sciclone/home/tdfelton/SUPERCOMPUTING/assignments/assignment_07/data/dog_reference/dog_reference.zip    684MB 38MB/s
[1A[2K[1A[2KCollecting 1 genome record [================================================] 100% 1/1
Downloading: /sciclone/home/tdfelton/SUPERCOMPUTING/assignments/assignment_07/data/dog_reference/dog_reference.zip    685MB 38MB/s
[1A[2K[1A[2KCollecting 1 genome record [================================================] 100% 1/1
Downloading: /sciclone/home/tdfelton/SUPERCOMPUTING/assignments/assignment_07/data/dog_reference/dog_reference.zip    685MB 38MB/s
[1A[2K[1A[2KCollecting 1 genome record [================================================] 100% 1/1
Downloading: /sciclone/home/tdfelton/SUPERCOMPUTING/assignments/assignment_07/data/dog_reference/dog_reference.zip    685MB 38MB/s
[1A[2K[1A[2KCollecting 1 genome record [================================================] 100% 1/1
Downloading: /sciclone/home/tdfelton/SUPERCOMPUTING/assignments/assignment_07/data/dog_reference/dog_reference.zip    686MB 38MB/s
[1A[2K[1A[2KCollecting 1 genome record [================================================] 100% 1/1
Downloading: /sciclone/home/tdfelton/SUPERCOMPUTING/assignments/assignment_07/data/dog_reference/dog_reference.zip    686MB 38MB/s
[1A[2K[1A[2KCollecting 1 genome record [================================================] 100% 1/1
Downloading: /sciclone/home/tdfelton/SUPERCOMPUTING/assignments/assignment_07/data/dog_reference/dog_reference.zip    686MB 38MB/s
[1A[2K[1A[2KCollecting 1 genome record [================================================] 100% 1/1
Downloading: /sciclone/home/tdfelton/SUPERCOMPUTING/assignments/assignment_07/data/dog_reference/dog_reference.zip    687MB 38MB/s
[1A[2K[1A[2KCollecting 1 genome record [================================================] 100% 1/1
Downloading: /sciclone/home/tdfelton/SUPERCOMPUTING/assignments/assignment_07/data/dog_reference/dog_reference.zip    687MB 38MB/s
[1A[2K[1A[2KCollecting 1 genome record [================================================] 100% 1/1
Downloading: /sciclone/home/tdfelton/SUPERCOMPUTING/assignments/assignment_07/data/dog_reference/dog_reference.zip    688MB 38MB/s
[1A[2K[1A[2KCollecting 1 genome record [================================================] 100% 1/1
Downloading: /sciclone/home/tdfelton/SUPERCOMPUTING/assignments/assignment_07/data/dog_reference/dog_reference.zip    688MB 38MB/s
[1A[2K[1A[2KCollecting 1 genome record [================================================] 100% 1/1
Downloading: /sciclone/home/tdfelton/SUPERCOMPUTING/assignments/assignment_07/data/dog_reference/dog_reference.zip    688MB 38MB/s
[1A[2K[1A[2KCollecting 1 genome record [================================================] 100% 1/1
Downloading: /sciclone/home/tdfelton/SUPERCOMPUTING/assignments/assignment_07/data/dog_reference/dog_reference.zip    689MB 38MB/s
[1A[2K[1A[2KCollecting 1 genome record [================================================] 100% 1/1
Downloading: /sciclone/home/tdfelton/SUPERCOMPUTING/assignments/assignment_07/data/dog_reference/dog_reference.zip    689MB 38MB/s
[1A[2K[1A[2KCollecting 1 genome record [================================================] 100% 1/1
Downloading: /sciclone/home/tdfelton/SUPERCOMPUTING/assignments/assignment_07/data/dog_reference/dog_reference.zip    690MB 38MB/s
[1A[2K[1A[2KCollecting 1 genome record [================================================] 100% 1/1
Downloading: /sciclone/home/tdfelton/SUPERCOMPUTING/assignments/assignment_07/data/dog_reference/dog_reference.zip    690MB 38MB/s
[1A[2K[1A[2KCollecting 1 genome record [================================================] 100% 1/1
Downloading: /sciclone/home/tdfelton/SUPERCOMPUTING/assignments/assignment_07/data/dog_reference/dog_reference.zip    690MB 38MB/s
[1A[2K[1A[2KCollecting 1 genome record [================================================] 100% 1/1
Downloading: /sciclone/home/tdfelton/SUPERCOMPUTING/assignments/assignment_07/data/dog_reference/dog_reference.zip    691MB 38MB/s
[1A[2K[1A[2KCollecting 1 genome record [================================================] 100% 1/1
Downloading: /sciclone/home/tdfelton/SUPERCOMPUTING/assignments/assignment_07/data/dog_reference/dog_reference.zip    691MB 38MB/s
[1A[2K[1A[2KCollecting 1 genome record [================================================] 100% 1/1
Downloading: /sciclone/home/tdfelton/SUPERCOMPUTING/assignments/assignment_07/data/dog_reference/dog_reference.zip    692MB 38MB/s
[1A[2K[1A[2KCollecting 1 genome record [================================================] 100% 1/1
Downloading: /sciclone/home/tdfelton/SUPERCOMPUTING/assignments/assignment_07/data/dog_reference/dog_reference.zip    692MB 38MB/s
[1A[2K[1A[2KCollecting 1 genome record [================================================] 100% 1/1
Downloading: /sciclone/home/tdfelton/SUPERCOMPUTING/assignments/assignment_07/data/dog_reference/dog_reference.zip    692MB 38MB/s
[1A[2K[1A[2KCollecting 1 genome record [================================================] 100% 1/1
Downloading: /sciclone/home/tdfelton/SUPERCOMPUTING/assignments/assignment_07/data/dog_reference/dog_reference.zip    693MB 38MB/s
[1A[2K[1A[2KCollecting 1 genome record [================================================] 100% 1/1
Downloading: /sciclone/home/tdfelton/SUPERCOMPUTING/assignments/assignment_07/data/dog_reference/dog_reference.zip    693MB 38MB/s
[1A[2K[1A[2KCollecting 1 genome record [================================================] 100% 1/1
Downloading: /sciclone/home/tdfelton/SUPERCOMPUTING/assignments/assignment_07/data/dog_reference/dog_reference.zip    694MB 38MB/s
[1A[2K[1A[2KCollecting 1 genome record [================================================] 100% 1/1
Downloading: /sciclone/home/tdfelton/SUPERCOMPUTING/assignments/assignment_07/data/dog_reference/dog_reference.zip    694MB 38MB/s
[1A[2K[1A[2KCollecting 1 genome record [================================================] 100% 1/1
Downloading: /sciclone/home/tdfelton/SUPERCOMPUTING/assignments/assignment_07/data/dog_reference/dog_reference.zip    694MB 38MB/s
[1A[2K[1A[2KCollecting 1 genome record [================================================] 100% 1/1
Downloading: /sciclone/home/tdfelton/SUPERCOMPUTING/assignments/assignment_07/data/dog_reference/dog_reference.zip    695MB 38MB/s
[1A[2K[1A[2KCollecting 1 genome record [================================================] 100% 1/1
Downloading: /sciclone/home/tdfelton/SUPERCOMPUTING/assignments/assignment_07/data/dog_reference/dog_reference.zip    695MB 38MB/s
[1A[2K[1A[2KCollecting 1 genome record [================================================] 100% 1/1
Downloading: /sciclone/home/tdfelton/SUPERCOMPUTING/assignments/assignment_07/data/dog_reference/dog_reference.zip    696MB 38MB/s
[1A[2K[1A[2KCollecting 1 genome record [================================================] 100% 1/1
Downloading: /sciclone/home/tdfelton/SUPERCOMPUTING/assignments/assignment_07/data/dog_reference/dog_reference.zip    696MB 38MB/s
[1A[2K[1A[2KCollecting 1 genome record [================================================] 100% 1/1
Downloading: /sciclone/home/tdfelton/SUPERCOMPUTING/assignments/assignment_07/data/dog_reference/dog_reference.zip    696MB 38.1MB/s
[1A[2K[1A[2KCollecting 1 genome record [================================================] 100% 1/1
Downloading: /sciclone/home/tdfelton/SUPERCOMPUTING/assignments/assignment_07/data/dog_reference/dog_reference.zip    697MB 38MB/s
[1A[2K[1A[2KCollecting 1 genome record [================================================] 100% 1/1
Downloading: /sciclone/home/tdfelton/SUPERCOMPUTING/assignments/assignment_07/data/dog_reference/dog_reference.zip    697MB 38.1MB/s
[1A[2K[1A[2KCollecting 1 genome record [================================================] 100% 1/1
Downloading: /sciclone/home/tdfelton/SUPERCOMPUTING/assignments/assignment_07/data/dog_reference/dog_reference.zip    697MB 38.1MB/s
[1A[2K[1A[2KCollecting 1 genome record [================================================] 100% 1/1
Downloading: /sciclone/home/tdfelton/SUPERCOMPUTING/assignments/assignment_07/data/dog_reference/dog_reference.zip    698MB 38.1MB/s
[1A[2K[1A[2KCollecting 1 genome record [================================================] 100% 1/1
Downloading: /sciclone/home/tdfelton/SUPERCOMPUTING/assignments/assignment_07/data/dog_reference/dog_reference.zip    698MB 38.1MB/s
[1A[2K[1A[2KCollecting 1 genome record [================================================] 100% 1/1
Downloading: /sciclone/home/tdfelton/SUPERCOMPUTING/assignments/assignment_07/data/dog_reference/dog_reference.zip    699MB 38.1MB/s
[1A[2K[1A[2KCollecting 1 genome record [================================================] 100% 1/1
Downloading: /sciclone/home/tdfelton/SUPERCOMPUTING/assignments/assignment_07/data/dog_reference/dog_reference.zip    699MB 38.1MB/s
[1A[2K[1A[2KCollecting 1 genome record [================================================] 100% 1/1
Downloading: /sciclone/home/tdfelton/SUPERCOMPUTING/assignments/assignment_07/data/dog_reference/dog_reference.zip    699MB 38.1MB/s
[1A[2K[1A[2KCollecting 1 genome record [================================================] 100% 1/1
Downloading: /sciclone/home/tdfelton/SUPERCOMPUTING/assignments/assignment_07/data/dog_reference/dog_reference.zip    700MB 38.1MB/s
[1A[2K[1A[2KCollecting 1 genome record [================================================] 100% 1/1
Downloading: /sciclone/home/tdfelton/SUPERCOMPUTING/assignments/assignment_07/data/dog_reference/dog_reference.zip    700MB 38.1MB/s
[1A[2K[1A[2KCollecting 1 genome record [================================================] 100% 1/1
Downloading: /sciclone/home/tdfelton/SUPERCOMPUTING/assignments/assignment_07/data/dog_reference/dog_reference.zip    701MB 38.1MB/s
[1A[2K[1A[2KCollecting 1 genome record [================================================] 100% 1/1
Downloading: /sciclone/home/tdfelton/SUPERCOMPUTING/assignments/assignment_07/data/dog_reference/dog_reference.zip    701MB 38.1MB/s
[1A[2K[1A[2KCollecting 1 genome record [================================================] 100% 1/1
Downloading: /sciclone/home/tdfelton/SUPERCOMPUTING/assignments/assignment_07/data/dog_reference/dog_reference.zip    701MB 38.1MB/s
[1A[2K[1A[2KCollecting 1 genome record [================================================] 100% 1/1
Downloading: /sciclone/home/tdfelton/SUPERCOMPUTING/assignments/assignment_07/data/dog_reference/dog_reference.zip    702MB 38.1MB/s
[1A[2K[1A[2KCollecting 1 genome record [================================================] 100% 1/1
Downloading: /sciclone/home/tdfelton/SUPERCOMPUTING/assignments/assignment_07/data/dog_reference/dog_reference.zip    702MB 38.1MB/s
[1A[2K[1A[2KCollecting 1 genome record [================================================] 100% 1/1
Downloading: /sciclone/home/tdfelton/SUPERCOMPUTING/assignments/assignment_07/data/dog_reference/dog_reference.zip    703MB 38.1MB/s
[1A[2K[1A[2KCollecting 1 genome record [================================================] 100% 1/1
Downloading: /sciclone/home/tdfelton/SUPERCOMPUTING/assignments/assignment_07/data/dog_reference/dog_reference.zip    703MB 38.1MB/s
[1A[2K[1A[2KCollecting 1 genome record [================================================] 100% 1/1
Downloading: /sciclone/home/tdfelton/SUPERCOMPUTING/assignments/assignment_07/data/dog_reference/dog_reference.zip    703MB 38.1MB/s
[1A[2K[1A[2KCollecting 1 genome record [================================================] 100% 1/1
Downloading: /sciclone/home/tdfelton/SUPERCOMPUTING/assignments/assignment_07/data/dog_reference/dog_reference.zip    704MB 38.1MB/s
[1A[2K[1A[2KCollecting 1 genome record [================================================] 100% 1/1
Downloading: /sciclone/home/tdfelton/SUPERCOMPUTING/assignments/assignment_07/data/dog_reference/dog_reference.zip    704MB 38.1MB/s
[1A[2K[1A[2KCollecting 1 genome record [================================================] 100% 1/1
Downloading: /sciclone/home/tdfelton/SUPERCOMPUTING/assignments/assignment_07/data/dog_reference/dog_reference.zip    705MB 38.1MB/s
[1A[2K[1A[2KCollecting 1 genome record [================================================] 100% 1/1
Downloading: /sciclone/home/tdfelton/SUPERCOMPUTING/assignments/assignment_07/data/dog_reference/dog_reference.zip    705MB 38.1MB/s
[1A[2K[1A[2KCollecting 1 genome record [================================================] 100% 1/1
Downloading: /sciclone/home/tdfelton/SUPERCOMPUTING/assignments/assignment_07/data/dog_reference/dog_reference.zip    705MB 38.1MB/s
[1A[2K[1A[2KCollecting 1 genome record [================================================] 100% 1/1
Downloading: /sciclone/home/tdfelton/SUPERCOMPUTING/assignments/assignment_07/data/dog_reference/dog_reference.zip    706MB 38.1MB/s
[1A[2K[1A[2KCollecting 1 genome record [================================================] 100% 1/1
Downloading: /sciclone/home/tdfelton/SUPERCOMPUTING/assignments/assignment_07/data/dog_reference/dog_reference.zip    706MB 38.1MB/s
[1A[2K[1A[2KCollecting 1 genome record [================================================] 100% 1/1
Downloading: /sciclone/home/tdfelton/SUPERCOMPUTING/assignments/assignment_07/data/dog_reference/dog_reference.zip    706MB 38.1MB/s
[1A[2K[1A[2KCollecting 1 genome record [================================================] 100% 1/1
Downloading: /sciclone/home/tdfelton/SUPERCOMPUTING/assignments/assignment_07/data/dog_reference/dog_reference.zip    707MB 38.1MB/s
[1A[2K[1A[2KCollecting 1 genome record [================================================] 100% 1/1
Downloading: /sciclone/home/tdfelton/SUPERCOMPUTING/assignments/assignment_07/data/dog_reference/dog_reference.zip    707MB 38.1MB/s
[1A[2K[1A[2KCollecting 1 genome record [================================================] 100% 1/1
Downloading: /sciclone/home/tdfelton/SUPERCOMPUTING/assignments/assignment_07/data/dog_reference/dog_reference.zip    708MB 38.1MB/s
[1A[2K[1A[2KCollecting 1 genome record [================================================] 100% 1/1
Downloading: /sciclone/home/tdfelton/SUPERCOMPUTING/assignments/assignment_07/data/dog_reference/dog_reference.zip    708MB 38.1MB/s
[1A[2K[1A[2KCollecting 1 genome record [================================================] 100% 1/1
Downloading: /sciclone/home/tdfelton/SUPERCOMPUTING/assignments/assignment_07/data/dog_reference/dog_reference.zip    708MB 38.1MB/s
[1A[2K[1A[2KCollecting 1 genome record [================================================] 100% 1/1
Downloading: /sciclone/home/tdfelton/SUPERCOMPUTING/assignments/assignment_07/data/dog_reference/dog_reference.zip    709MB 38.1MB/s
[1A[2K[1A[2KCollecting 1 genome record [================================================] 100% 1/1
Downloading: /sciclone/home/tdfelton/SUPERCOMPUTING/assignments/assignment_07/data/dog_reference/dog_reference.zip    709MB 38.1MB/s
[1A[2K[1A[2KCollecting 1 genome record [================================================] 100% 1/1
Downloading: /sciclone/home/tdfelton/SUPERCOMPUTING/assignments/assignment_07/data/dog_reference/dog_reference.zip    710MB 38.1MB/s
[1A[2K[1A[2KCollecting 1 genome record [================================================] 100% 1/1
Downloading: /sciclone/home/tdfelton/SUPERCOMPUTING/assignments/assignment_07/data/dog_reference/dog_reference.zip    710MB 38.1MB/s
[1A[2K[1A[2KCollecting 1 genome record [================================================] 100% 1/1
Downloading: /sciclone/home/tdfelton/SUPERCOMPUTING/assignments/assignment_07/data/dog_reference/dog_reference.zip    710MB 38.1MB/s
[1A[2K[1A[2KCollecting 1 genome record [================================================] 100% 1/1
Downloading: /sciclone/home/tdfelton/SUPERCOMPUTING/assignments/assignment_07/data/dog_reference/dog_reference.zip    711MB 38.1MB/s
[1A[2K[1A[2KCollecting 1 genome record [================================================] 100% 1/1
Downloading: /sciclone/home/tdfelton/SUPERCOMPUTING/assignments/assignment_07/data/dog_reference/dog_reference.zip    711MB 38.1MB/s
[1A[2K[1A[2KCollecting 1 genome record [================================================] 100% 1/1
Downloading: /sciclone/home/tdfelton/SUPERCOMPUTING/assignments/assignment_07/data/dog_reference/dog_reference.zip    712MB 38.1MB/s
[1A[2K[1A[2KCollecting 1 genome record [================================================] 100% 1/1
Downloading: /sciclone/home/tdfelton/SUPERCOMPUTING/assignments/assignment_07/data/dog_reference/dog_reference.zip    712MB 38.1MB/s
[1A[2K[1A[2KCollecting 1 genome record [================================================] 100% 1/1
Downloading: /sciclone/home/tdfelton/SUPERCOMPUTING/assignments/assignment_07/data/dog_reference/dog_reference.zip    712MB 38.1MB/s
[1A[2K[1A[2KCollecting 1 genome record [================================================] 100% 1/1
Downloading: /sciclone/home/tdfelton/SUPERCOMPUTING/assignments/assignment_07/data/dog_reference/dog_reference.zip    713MB 38.1MB/s
[1A[2K[1A[2KCollecting 1 genome record [================================================] 100% 1/1
Downloading: /sciclone/home/tdfelton/SUPERCOMPUTING/assignments/assignment_07/data/dog_reference/dog_reference.zip    713MB 38.1MB/s
[1A[2K[1A[2KCollecting 1 genome record [================================================] 100% 1/1
Downloading: /sciclone/home/tdfelton/SUPERCOMPUTING/assignments/assignment_07/data/dog_reference/dog_reference.zip    714MB 38.1MB/s
[1A[2K[1A[2KCollecting 1 genome record [================================================] 100% 1/1
Downloading: /sciclone/home/tdfelton/SUPERCOMPUTING/assignments/assignment_07/data/dog_reference/dog_reference.zip    714MB 38.1MB/s
[1A[2K[1A[2KCollecting 1 genome record [================================================] 100% 1/1
Downloading: /sciclone/home/tdfelton/SUPERCOMPUTING/assignments/assignment_07/data/dog_reference/dog_reference.zip    714MB 38.1MB/s
[1A[2K[1A[2KCollecting 1 genome record [================================================] 100% 1/1
Downloading: /sciclone/home/tdfelton/SUPERCOMPUTING/assignments/assignment_07/data/dog_reference/dog_reference.zip    715MB 38.1MB/s
[1A[2K[1A[2KCollecting 1 genome record [================================================] 100% 1/1
Downloading: /sciclone/home/tdfelton/SUPERCOMPUTING/assignments/assignment_07/data/dog_reference/dog_reference.zip    715MB 38.1MB/s
[1A[2K[1A[2KCollecting 1 genome record [================================================] 100% 1/1
Downloading: /sciclone/home/tdfelton/SUPERCOMPUTING/assignments/assignment_07/data/dog_reference/dog_reference.zip    715MB 38.1MB/s
[1A[2K[1A[2KCollecting 1 genome record [================================================] 100% 1/1
Downloading: /sciclone/home/tdfelton/SUPERCOMPUTING/assignments/assignment_07/data/dog_reference/dog_reference.zip    716MB 38.1MB/s
[1A[2K[1A[2KCollecting 1 genome record [================================================] 100% 1/1
Downloading: /sciclone/home/tdfelton/SUPERCOMPUTING/assignments/assignment_07/data/dog_reference/dog_reference.zip    716MB 38.1MB/s
[1A[2K[1A[2KCollecting 1 genome record [================================================] 100% 1/1
Downloading: /sciclone/home/tdfelton/SUPERCOMPUTING/assignments/assignment_07/data/dog_reference/dog_reference.zip    717MB 38.1MB/s
[1A[2K[1A[2KCollecting 1 genome record [================================================] 100% 1/1
Downloading: /sciclone/home/tdfelton/SUPERCOMPUTING/assignments/assignment_07/data/dog_reference/dog_reference.zip    717MB 38.1MB/s
[1A[2K[1A[2KCollecting 1 genome record [================================================] 100% 1/1
Downloading: /sciclone/home/tdfelton/SUPERCOMPUTING/assignments/assignment_07/data/dog_reference/dog_reference.zip    717MB 38.1MB/s
[1A[2K[1A[2KCollecting 1 genome record [================================================] 100% 1/1
Downloading: /sciclone/home/tdfelton/SUPERCOMPUTING/assignments/assignment_07/data/dog_reference/dog_reference.zip    718MB 38.1MB/s
[1A[2K[1A[2KCollecting 1 genome record [================================================] 100% 1/1
Downloading: /sciclone/home/tdfelton/SUPERCOMPUTING/assignments/assignment_07/data/dog_reference/dog_reference.zip    718MB 38.1MB/s
[1A[2K[1A[2KCollecting 1 genome record [================================================] 100% 1/1
Downloading: /sciclone/home/tdfelton/SUPERCOMPUTING/assignments/assignment_07/data/dog_reference/dog_reference.zip    719MB 38.1MB/s
[1A[2K[1A[2KCollecting 1 genome record [================================================] 100% 1/1
Downloading: /sciclone/home/tdfelton/SUPERCOMPUTING/assignments/assignment_07/data/dog_reference/dog_reference.zip    719MB 38.1MB/s
[1A[2K[1A[2KCollecting 1 genome record [================================================] 100% 1/1
Downloading: /sciclone/home/tdfelton/SUPERCOMPUTING/assignments/assignment_07/data/dog_reference/dog_reference.zip    719MB 38.1MB/s
[1A[2K[1A[2KCollecting 1 genome record [================================================] 100% 1/1
Downloading: /sciclone/home/tdfelton/SUPERCOMPUTING/assignments/assignment_07/data/dog_reference/dog_reference.zip    720MB 38.1MB/s
[1A[2K[1A[2KCollecting 1 genome record [================================================] 100% 1/1
Downloading: /sciclone/home/tdfelton/SUPERCOMPUTING/assignments/assignment_07/data/dog_reference/dog_reference.zip    720MB 38.1MB/s
[1A[2K[1A[2KCollecting 1 genome record [================================================] 100% 1/1
Downloading: /sciclone/home/tdfelton/SUPERCOMPUTING/assignments/assignment_07/data/dog_reference/dog_reference.zip    721MB 38.1MB/s
[1A[2K[1A[2KCollecting 1 genome record [================================================] 100% 1/1
Downloading: /sciclone/home/tdfelton/SUPERCOMPUTING/assignments/assignment_07/data/dog_reference/dog_reference.zip    721MB 38.1MB/s
[1A[2K[1A[2KCollecting 1 genome record [================================================] 100% 1/1
Downloading: /sciclone/home/tdfelton/SUPERCOMPUTING/assignments/assignment_07/data/dog_reference/dog_reference.zip    721MB 38.1MB/s
[1A[2K[1A[2KCollecting 1 genome record [================================================] 100% 1/1
Downloading: /sciclone/home/tdfelton/SUPERCOMPUTING/assignments/assignment_07/data/dog_reference/dog_reference.zip    722MB 38.1MB/s
[1A[2K[1A[2KCollecting 1 genome record [================================================] 100% 1/1
Downloading: /sciclone/home/tdfelton/SUPERCOMPUTING/assignments/assignment_07/data/dog_reference/dog_reference.zip    722MB 38.1MB/s
[1A[2K[1A[2KCollecting 1 genome record [================================================] 100% 1/1
Downloading: /sciclone/home/tdfelton/SUPERCOMPUTING/assignments/assignment_07/data/dog_reference/dog_reference.zip    722MB 38.1MB/s
[1A[2K[1A[2KCollecting 1 genome record [================================================] 100% 1/1
Downloading: /sciclone/home/tdfelton/SUPERCOMPUTING/assignments/assignment_07/data/dog_reference/dog_reference.zip    723MB 38.1MB/s
[1A[2K[1A[2KCollecting 1 genome record [================================================] 100% 1/1
Downloading: /sciclone/home/tdfelton/SUPERCOMPUTING/assignments/assignment_07/data/dog_reference/dog_reference.zip    723MB 38.1MB/s
[1A[2K[1A[2KCollecting 1 genome record [================================================] 100% 1/1
Downloading: /sciclone/home/tdfelton/SUPERCOMPUTING/assignments/assignment_07/data/dog_reference/dog_reference.zip    724MB 38.1MB/s
[1A[2K[1A[2KCollecting 1 genome record [================================================] 100% 1/1
Downloading: /sciclone/home/tdfelton/SUPERCOMPUTING/assignments/assignment_07/data/dog_reference/dog_reference.zip    724MB 38.1MB/s
[1A[2K[1A[2KCollecting 1 genome record [================================================] 100% 1/1
Downloading: /sciclone/home/tdfelton/SUPERCOMPUTING/assignments/assignment_07/data/dog_reference/dog_reference.zip    724MB 38.1MB/s
[1A[2K[1A[2KCollecting 1 genome record [================================================] 100% 1/1
Downloading: /sciclone/home/tdfelton/SUPERCOMPUTING/assignments/assignment_07/data/dog_reference/dog_reference.zip    725MB 38MB/s
[1A[2K[1A[2KCollecting 1 genome record [================================================] 100% 1/1
Downloading: /sciclone/home/tdfelton/SUPERCOMPUTING/assignments/assignment_07/data/dog_reference/dog_reference.zip    725MB 38MB/s
[1A[2K[1A[2KCollecting 1 genome record [================================================] 100% 1/1
Downloading: /sciclone/home/tdfelton/SUPERCOMPUTING/assignments/assignment_07/data/dog_reference/dog_reference.zip    725MB 38MB/s
[1A[2K[1A[2KCollecting 1 genome record [================================================] 100% 1/1
Downloading: /sciclone/home/tdfelton/SUPERCOMPUTING/assignments/assignment_07/data/dog_reference/dog_reference.zip    726MB 38MB/s
[1A[2K[1A[2KCollecting 1 genome record [================================================] 100% 1/1
Downloading: /sciclone/home/tdfelton/SUPERCOMPUTING/assignments/assignment_07/data/dog_reference/dog_reference.zip    726MB 38MB/s
[1A[2K[1A[2KCollecting 1 genome record [================================================] 100% 1/1
Downloading: /sciclone/home/tdfelton/SUPERCOMPUTING/assignments/assignment_07/data/dog_reference/dog_reference.zip    726MB 38MB/s
[1A[2K[1A[2KCollecting 1 genome record [================================================] 100% 1/1
Downloading: /sciclone/home/tdfelton/SUPERCOMPUTING/assignments/assignment_07/data/dog_reference/dog_reference.zip    727MB 38MB/s
[1A[2K[1A[2KCollecting 1 genome record [================================================] 100% 1/1
Downloading: /sciclone/home/tdfelton/SUPERCOMPUTING/assignments/assignment_07/data/dog_reference/dog_reference.zip    727MB 38MB/s
[1A[2K[1A[2KCollecting 1 genome record [================================================] 100% 1/1
Downloading: /sciclone/home/tdfelton/SUPERCOMPUTING/assignments/assignment_07/data/dog_reference/dog_reference.zip    728MB 38MB/s
[1A[2K[1A[2KCollecting 1 genome record [================================================] 100% 1/1
Downloading: /sciclone/home/tdfelton/SUPERCOMPUTING/assignments/assignment_07/data/dog_reference/dog_reference.zip    728MB 38MB/s
[1A[2K[1A[2KCollecting 1 genome record [================================================] 100% 1/1
Downloading: /sciclone/home/tdfelton/SUPERCOMPUTING/assignments/assignment_07/data/dog_reference/dog_reference.zip    728MB 38MB/s
[1A[2K[1A[2KCollecting 1 genome record [================================================] 100% 1/1
Downloading: /sciclone/home/tdfelton/SUPERCOMPUTING/assignments/assignment_07/data/dog_reference/dog_reference.zip    729MB 38MB/s
[1A[2K[1A[2KCollecting 1 genome record [================================================] 100% 1/1
Downloading: /sciclone/home/tdfelton/SUPERCOMPUTING/assignments/assignment_07/data/dog_reference/dog_reference.zip    729MB 38MB/s
[1A[2K[1A[2KCollecting 1 genome record [================================================] 100% 1/1
Downloading: /sciclone/home/tdfelton/SUPERCOMPUTING/assignments/assignment_07/data/dog_reference/dog_reference.zip    730MB 38MB/s
[1A[2K[1A[2KCollecting 1 genome record [================================================] 100% 1/1
Downloading: /sciclone/home/tdfelton/SUPERCOMPUTING/assignments/assignment_07/data/dog_reference/dog_reference.zip    730MB 38MB/s
[1A[2K[1A[2KCollecting 1 genome record [================================================] 100% 1/1
Downloading: /sciclone/home/tdfelton/SUPERCOMPUTING/assignments/assignment_07/data/dog_reference/dog_reference.zip    730MB 38MB/s
[1A[2K[1A[2KCollecting 1 genome record [================================================] 100% 1/1
Downloading: /sciclone/home/tdfelton/SUPERCOMPUTING/assignments/assignment_07/data/dog_reference/dog_reference.zip    731MB 38MB/s
[1A[2K[1A[2KCollecting 1 genome record [================================================] 100% 1/1
Downloading: /sciclone/home/tdfelton/SUPERCOMPUTING/assignments/assignment_07/data/dog_reference/dog_reference.zip    731MB 38MB/s
[1A[2K[1A[2KCollecting 1 genome record [================================================] 100% 1/1
Downloading: /sciclone/home/tdfelton/SUPERCOMPUTING/assignments/assignment_07/data/dog_reference/dog_reference.zip    731MB 38MB/s
[1A[2K[1A[2KCollecting 1 genome record [================================================] 100% 1/1
Downloading: /sciclone/home/tdfelton/SUPERCOMPUTING/assignments/assignment_07/data/dog_reference/dog_reference.zip    732MB 38MB/s
[1A[2K[1A[2KCollecting 1 genome record [================================================] 100% 1/1
Downloading: /sciclone/home/tdfelton/SUPERCOMPUTING/assignments/assignment_07/data/dog_reference/dog_reference.zip    732MB 38MB/s
[1A[2K[1A[2KCollecting 1 genome record [================================================] 100% 1/1
Downloading: /sciclone/home/tdfelton/SUPERCOMPUTING/assignments/assignment_07/data/dog_reference/dog_reference.zip    733MB 38MB/s
[1A[2K[1A[2KCollecting 1 genome record [================================================] 100% 1/1
Downloading: /sciclone/home/tdfelton/SUPERCOMPUTING/assignments/assignment_07/data/dog_reference/dog_reference.zip    733MB 38MB/s
[1A[2K[1A[2KCollecting 1 genome record [================================================] 100% 1/1
Downloading: /sciclone/home/tdfelton/SUPERCOMPUTING/assignments/assignment_07/data/dog_reference/dog_reference.zip    733MB 38MB/s
[1A[2K[1A[2KCollecting 1 genome record [================================================] 100% 1/1
Downloading: /sciclone/home/tdfelton/SUPERCOMPUTING/assignments/assignment_07/data/dog_reference/dog_reference.zip    734MB 38MB/s
[1A[2K[1A[2KCollecting 1 genome record [================================================] 100% 1/1
Downloading: /sciclone/home/tdfelton/SUPERCOMPUTING/assignments/assignment_07/data/dog_reference/dog_reference.zip    734MB 38MB/s
[1A[2K[1A[2KCollecting 1 genome record [================================================] 100% 1/1
Downloading: /sciclone/home/tdfelton/SUPERCOMPUTING/assignments/assignment_07/data/dog_reference/dog_reference.zip    735MB 38MB/s
[1A[2K[1A[2KCollecting 1 genome record [================================================] 100% 1/1
Downloading: /sciclone/home/tdfelton/SUPERCOMPUTING/assignments/assignment_07/data/dog_reference/dog_reference.zip    735MB 38MB/s
[1A[2K[1A[2KCollecting 1 genome record [================================================] 100% 1/1
Downloading: /sciclone/home/tdfelton/SUPERCOMPUTING/assignments/assignment_07/data/dog_reference/dog_reference.zip    735MB 38MB/s
[1A[2K[1A[2KCollecting 1 genome record [================================================] 100% 1/1
Downloading: /sciclone/home/tdfelton/SUPERCOMPUTING/assignments/assignment_07/data/dog_reference/dog_reference.zip    736MB 38MB/s
[1A[2K[1A[2KCollecting 1 genome record [================================================] 100% 1/1
Downloading: /sciclone/home/tdfelton/SUPERCOMPUTING/assignments/assignment_07/data/dog_reference/dog_reference.zip    736MB 38MB/s
[1A[2K[1A[2KCollecting 1 genome record [================================================] 100% 1/1
Downloading: /sciclone/home/tdfelton/SUPERCOMPUTING/assignments/assignment_07/data/dog_reference/dog_reference.zip    737MB 38MB/s
[1A[2K[1A[2KCollecting 1 genome record [================================================] 100% 1/1
Downloading: /sciclone/home/tdfelton/SUPERCOMPUTING/assignments/assignment_07/data/dog_reference/dog_reference.zip    737MB 38MB/s
[1A[2K[1A[2KCollecting 1 genome record [================================================] 100% 1/1
Downloading: /sciclone/home/tdfelton/SUPERCOMPUTING/assignments/assignment_07/data/dog_reference/dog_reference.zip    737MB 38MB/s
[1A[2K[1A[2KCollecting 1 genome record [================================================] 100% 1/1
Downloading: /sciclone/home/tdfelton/SUPERCOMPUTING/assignments/assignment_07/data/dog_reference/dog_reference.zip    738MB 38MB/s
[1A[2K[1A[2KCollecting 1 genome record [================================================] 100% 1/1
Downloading: /sciclone/home/tdfelton/SUPERCOMPUTING/assignments/assignment_07/data/dog_reference/dog_reference.zip    738MB 38MB/s
[1A[2K[1A[2KCollecting 1 genome record [================================================] 100% 1/1
Downloading: /sciclone/home/tdfelton/SUPERCOMPUTING/assignments/assignment_07/data/dog_reference/dog_reference.zip    739MB 38MB/s
[1A[2K[1A[2KCollecting 1 genome record [================================================] 100% 1/1
Downloading: /sciclone/home/tdfelton/SUPERCOMPUTING/assignments/assignment_07/data/dog_reference/dog_reference.zip    739MB 38MB/s
[1A[2K[1A[2KCollecting 1 genome record [================================================] 100% 1/1
Downloading: /sciclone/home/tdfelton/SUPERCOMPUTING/assignments/assignment_07/data/dog_reference/dog_reference.zip    739MB 38MB/s
[1A[2K[1A[2KCollecting 1 genome record [================================================] 100% 1/1
Downloading: /sciclone/home/tdfelton/SUPERCOMPUTING/assignments/assignment_07/data/dog_reference/dog_reference.zip    740MB 38MB/s
[1A[2K[1A[2KCollecting 1 genome record [================================================] 100% 1/1
Downloading: /sciclone/home/tdfelton/SUPERCOMPUTING/assignments/assignment_07/data/dog_reference/dog_reference.zip    740MB 38MB/s
[1A[2K[1A[2KCollecting 1 genome record [================================================] 100% 1/1
Downloading: /sciclone/home/tdfelton/SUPERCOMPUTING/assignments/assignment_07/data/dog_reference/dog_reference.zip    741MB 38MB/s
[1A[2K[1A[2KCollecting 1 genome record [================================================] 100% 1/1
Downloading: /sciclone/home/tdfelton/SUPERCOMPUTING/assignments/assignment_07/data/dog_reference/dog_reference.zip    741MB 38MB/s
[1A[2K[1A[2KCollecting 1 genome record [================================================] 100% 1/1
Downloading: /sciclone/home/tdfelton/SUPERCOMPUTING/assignments/assignment_07/data/dog_reference/dog_reference.zip    741MB 38MB/s
[1A[2K[1A[2KCollecting 1 genome record [================================================] 100% 1/1
Downloading: /sciclone/home/tdfelton/SUPERCOMPUTING/assignments/assignment_07/data/dog_reference/dog_reference.zip    742MB 38MB/s
[1A[2K[1A[2KCollecting 1 genome record [================================================] 100% 1/1
Downloading: /sciclone/home/tdfelton/SUPERCOMPUTING/assignments/assignment_07/data/dog_reference/dog_reference.zip    742MB 38MB/s
[1A[2K[1A[2KCollecting 1 genome record [================================================] 100% 1/1
Downloading: /sciclone/home/tdfelton/SUPERCOMPUTING/assignments/assignment_07/data/dog_reference/dog_reference.zip    742MB 38MB/s
[1A[2K[1A[2KCollecting 1 genome record [================================================] 100% 1/1
Downloading: /sciclone/home/tdfelton/SUPERCOMPUTING/assignments/assignment_07/data/dog_reference/dog_reference.zip    743MB 38MB/s
[1A[2K[1A[2KCollecting 1 genome record [================================================] 100% 1/1
Downloading: /sciclone/home/tdfelton/SUPERCOMPUTING/assignments/assignment_07/data/dog_reference/dog_reference.zip    743MB 38MB/s
[1A[2K[1A[2KCollecting 1 genome record [================================================] 100% 1/1
Downloading: /sciclone/home/tdfelton/SUPERCOMPUTING/assignments/assignment_07/data/dog_reference/dog_reference.zip    744MB 38MB/s
[1A[2K[1A[2KCollecting 1 genome record [================================================] 100% 1/1
Downloading: /sciclone/home/tdfelton/SUPERCOMPUTING/assignments/assignment_07/data/dog_reference/dog_reference.zip    744MB 38MB/s
[1A[2K[1A[2KCollecting 1 genome record [================================================] 100% 1/1
Downloading: /sciclone/home/tdfelton/SUPERCOMPUTING/assignments/assignment_07/data/dog_reference/dog_reference.zip    744MB 38MB/s
[1A[2K[1A[2KCollecting 1 genome record [================================================] 100% 1/1
Downloading: /sciclone/home/tdfelton/SUPERCOMPUTING/assignments/assignment_07/data/dog_reference/dog_reference.zip    745MB 38MB/s
[1A[2K[1A[2KCollecting 1 genome record [================================================] 100% 1/1
Downloading: /sciclone/home/tdfelton/SUPERCOMPUTING/assignments/assignment_07/data/dog_reference/dog_reference.zip    745MB 38MB/s
[1A[2K[1A[2KCollecting 1 genome record [================================================] 100% 1/1
Downloading: /sciclone/home/tdfelton/SUPERCOMPUTING/assignments/assignment_07/data/dog_reference/dog_reference.zip    746MB 38MB/s
[1A[2K[1A[2KCollecting 1 genome record [================================================] 100% 1/1
Downloading: /sciclone/home/tdfelton/SUPERCOMPUTING/assignments/assignment_07/data/dog_reference/dog_reference.zip    746MB 38MB/s
[1A[2K[1A[2KCollecting 1 genome record [================================================] 100% 1/1
Downloading: /sciclone/home/tdfelton/SUPERCOMPUTING/assignments/assignment_07/data/dog_reference/dog_reference.zip    746MB 38MB/s
[1A[2K[1A[2KCollecting 1 genome record [================================================] 100% 1/1
Downloading: /sciclone/home/tdfelton/SUPERCOMPUTING/assignments/assignment_07/data/dog_reference/dog_reference.zip    747MB 38MB/s
[1A[2K[1A[2KCollecting 1 genome record [================================================] 100% 1/1
Downloading: /sciclone/home/tdfelton/SUPERCOMPUTING/assignments/assignment_07/data/dog_reference/dog_reference.zip    747MB 38MB/s
[1A[2K[1A[2KCollecting 1 genome record [================================================] 100% 1/1
Downloading: /sciclone/home/tdfelton/SUPERCOMPUTING/assignments/assignment_07/data/dog_reference/dog_reference.zip    747MB 38MB/s
[1A[2K[1A[2KCollecting 1 genome record [================================================] 100% 1/1
Downloading: /sciclone/home/tdfelton/SUPERCOMPUTING/assignments/assignment_07/data/dog_reference/dog_reference.zip    748MB 38MB/s
[1A[2K[1A[2KCollecting 1 genome record [================================================] 100% 1/1
Downloading: /sciclone/home/tdfelton/SUPERCOMPUTING/assignments/assignment_07/data/dog_reference/dog_reference.zip    748MB 38MB/s
[1A[2K[1A[2KCollecting 1 genome record [================================================] 100% 1/1
Downloading: /sciclone/home/tdfelton/SUPERCOMPUTING/assignments/assignment_07/data/dog_reference/dog_reference.zip    749MB 38MB/s
[1A[2K[1A[2KCollecting 1 genome record [================================================] 100% 1/1
Downloading: /sciclone/home/tdfelton/SUPERCOMPUTING/assignments/assignment_07/data/dog_reference/dog_reference.zip    749MB 38MB/s
[1A[2K[1A[2KCollecting 1 genome record [================================================] 100% 1/1
Downloading: /sciclone/home/tdfelton/SUPERCOMPUTING/assignments/assignment_07/data/dog_reference/dog_reference.zip    749MB 38MB/s
[1A[2K[1A[2KCollecting 1 genome record [================================================] 100% 1/1
Downloading: /sciclone/home/tdfelton/SUPERCOMPUTING/assignments/assignment_07/data/dog_reference/dog_reference.zip    750MB 38MB/s
[1A[2K[1A[2KCollecting 1 genome record [================================================] 100% 1/1
Downloading: /sciclone/home/tdfelton/SUPERCOMPUTING/assignments/assignment_07/data/dog_reference/dog_reference.zip    750MB 38MB/s
[1A[2K[1A[2KCollecting 1 genome record [================================================] 100% 1/1
Downloading: /sciclone/home/tdfelton/SUPERCOMPUTING/assignments/assignment_07/data/dog_reference/dog_reference.zip    750MB 38MB/s
[1A[2K[1A[2KCollecting 1 genome record [================================================] 100% 1/1
Downloading: /sciclone/home/tdfelton/SUPERCOMPUTING/assignments/assignment_07/data/dog_reference/dog_reference.zip    751MB 38MB/s
[1A[2K[1A[2KCollecting 1 genome record [================================================] 100% 1/1
Downloading: /sciclone/home/tdfelton/SUPERCOMPUTING/assignments/assignment_07/data/dog_reference/dog_reference.zip    751MB 38MB/s
[1A[2K[1A[2KCollecting 1 genome record [================================================] 100% 1/1
Downloading: /sciclone/home/tdfelton/SUPERCOMPUTING/assignments/assignment_07/data/dog_reference/dog_reference.zip    751MB 38MB/s
[1A[2K[1A[2KCollecting 1 genome record [================================================] 100% 1/1
Downloading: /sciclone/home/tdfelton/SUPERCOMPUTING/assignments/assignment_07/data/dog_reference/dog_reference.zip    752MB 38MB/s
[1A[2K[1A[2KCollecting 1 genome record [================================================] 100% 1/1
Downloading: /sciclone/home/tdfelton/SUPERCOMPUTING/assignments/assignment_07/data/dog_reference/dog_reference.zip    752MB 38MB/s
[1A[2K[1A[2KCollecting 1 genome record [================================================] 100% 1/1
Downloading: /sciclone/home/tdfelton/SUPERCOMPUTING/assignments/assignment_07/data/dog_reference/dog_reference.zip    753MB 38MB/s
[1A[2K[1A[2KCollecting 1 genome record [================================================] 100% 1/1
Downloading: /sciclone/home/tdfelton/SUPERCOMPUTING/assignments/assignment_07/data/dog_reference/dog_reference.zip    753MB 38MB/s
[1A[2K[1A[2KCollecting 1 genome record [================================================] 100% 1/1
Downloading: /sciclone/home/tdfelton/SUPERCOMPUTING/assignments/assignment_07/data/dog_reference/dog_reference.zip    753MB 38MB/s
[1A[2K[1A[2KCollecting 1 genome record [================================================] 100% 1/1
Downloading: /sciclone/home/tdfelton/SUPERCOMPUTING/assignments/assignment_07/data/dog_reference/dog_reference.zip    754MB 38MB/s
[1A[2K[1A[2KCollecting 1 genome record [================================================] 100% 1/1
Downloading: /sciclone/home/tdfelton/SUPERCOMPUTING/assignments/assignment_07/data/dog_reference/dog_reference.zip    754MB 38MB/s
[1A[2K[1A[2KCollecting 1 genome record [================================================] 100% 1/1
Downloading: /sciclone/home/tdfelton/SUPERCOMPUTING/assignments/assignment_07/data/dog_reference/dog_reference.zip    754MB 38MB/s
[1A[2K[1A[2KCollecting 1 genome record [================================================] 100% 1/1
Downloading: /sciclone/home/tdfelton/SUPERCOMPUTING/assignments/assignment_07/data/dog_reference/dog_reference.zip    755MB 38MB/s
[1A[2K[1A[2KCollecting 1 genome record [================================================] 100% 1/1
Downloading: /sciclone/home/tdfelton/SUPERCOMPUTING/assignments/assignment_07/data/dog_reference/dog_reference.zip    755MB 38MB/s
[1A[2K[1A[2KCollecting 1 genome record [================================================] 100% 1/1
Downloading: /sciclone/home/tdfelton/SUPERCOMPUTING/assignments/assignment_07/data/dog_reference/dog_reference.zip    755MB 38MB/s
[1A[2K[1A[2KCollecting 1 genome record [================================================] 100% 1/1
Downloading: /sciclone/home/tdfelton/SUPERCOMPUTING/assignments/assignment_07/data/dog_reference/dog_reference.zip    756MB 38MB/s
[1A[2K[1A[2KCollecting 1 genome record [================================================] 100% 1/1
Downloading: /sciclone/home/tdfelton/SUPERCOMPUTING/assignments/assignment_07/data/dog_reference/dog_reference.zip    756MB 38MB/s
[1A[2K[1A[2KCollecting 1 genome record [================================================] 100% 1/1
Downloading: /sciclone/home/tdfelton/SUPERCOMPUTING/assignments/assignment_07/data/dog_reference/dog_reference.zip    757MB 38MB/s
[1A[2K[1A[2KCollecting 1 genome record [================================================] 100% 1/1
Downloading: /sciclone/home/tdfelton/SUPERCOMPUTING/assignments/assignment_07/data/dog_reference/dog_reference.zip    757MB 38MB/s
[1A[2K[1A[2KCollecting 1 genome record [================================================] 100% 1/1
Downloading: /sciclone/home/tdfelton/SUPERCOMPUTING/assignments/assignment_07/data/dog_reference/dog_reference.zip    757MB 38MB/s
[1A[2K[1A[2KCollecting 1 genome record [================================================] 100% 1/1
Downloading: /sciclone/home/tdfelton/SUPERCOMPUTING/assignments/assignment_07/data/dog_reference/dog_reference.zip    758MB 38MB/s
[1A[2K[1A[2KCollecting 1 genome record [================================================] 100% 1/1
Downloading: /sciclone/home/tdfelton/SUPERCOMPUTING/assignments/assignment_07/data/dog_reference/dog_reference.zip    758MB 38MB/s
[1A[2K[1A[2KCollecting 1 genome record [================================================] 100% 1/1
Downloading: /sciclone/home/tdfelton/SUPERCOMPUTING/assignments/assignment_07/data/dog_reference/dog_reference.zip    758MB 38MB/s
[1A[2K[1A[2KCollecting 1 genome record [================================================] 100% 1/1
Downloading: /sciclone/home/tdfelton/SUPERCOMPUTING/assignments/assignment_07/data/dog_reference/dog_reference.zip    759MB 38MB/s
[1A[2K[1A[2KCollecting 1 genome record [================================================] 100% 1/1
Downloading: /sciclone/home/tdfelton/SUPERCOMPUTING/assignments/assignment_07/data/dog_reference/dog_reference.zip    759MB 38MB/s
[1A[2K[1A[2KCollecting 1 genome record [================================================] 100% 1/1
Downloading: /sciclone/home/tdfelton/SUPERCOMPUTING/assignments/assignment_07/data/dog_reference/dog_reference.zip    759MB 38MB/s
[1A[2K[1A[2KCollecting 1 genome record [================================================] 100% 1/1
Downloading: /sciclone/home/tdfelton/SUPERCOMPUTING/assignments/assignment_07/data/dog_reference/dog_reference.zip    760MB 38MB/s
[1A[2K[1A[2KCollecting 1 genome record [================================================] 100% 1/1
Downloading: /sciclone/home/tdfelton/SUPERCOMPUTING/assignments/assignment_07/data/dog_reference/dog_reference.zip    760MB 38MB/s
[1A[2K[1A[2KCollecting 1 genome record [================================================] 100% 1/1
Downloading: /sciclone/home/tdfelton/SUPERCOMPUTING/assignments/assignment_07/data/dog_reference/dog_reference.zip    761MB 38MB/s
[1A[2K[1A[2KCollecting 1 genome record [================================================] 100% 1/1
Downloading: /sciclone/home/tdfelton/SUPERCOMPUTING/assignments/assignment_07/data/dog_reference/dog_reference.zip    761MB 38MB/s
[1A[2K[1A[2KCollecting 1 genome record [================================================] 100% 1/1
Downloading: /sciclone/home/tdfelton/SUPERCOMPUTING/assignments/assignment_07/data/dog_reference/dog_reference.zip    761MB 38MB/s
[1A[2K[1A[2KCollecting 1 genome record [================================================] 100% 1/1
Downloading: /sciclone/home/tdfelton/SUPERCOMPUTING/assignments/assignment_07/data/dog_reference/dog_reference.zip    762MB 38MB/s
[1A[2K[1A[2KCollecting 1 genome record [================================================] 100% 1/1
Downloading: /sciclone/home/tdfelton/SUPERCOMPUTING/assignments/assignment_07/data/dog_reference/dog_reference.zip    762MB 38MB/s
[1A[2K[1A[2KCollecting 1 genome record [================================================] 100% 1/1
Downloading: /sciclone/home/tdfelton/SUPERCOMPUTING/assignments/assignment_07/data/dog_reference/dog_reference.zip    762MB 38MB/s
[1A[2K[1A[2KCollecting 1 genome record [================================================] 100% 1/1
Downloading: /sciclone/home/tdfelton/SUPERCOMPUTING/assignments/assignment_07/data/dog_reference/dog_reference.zip    763MB 38MB/s
[1A[2K[1A[2KCollecting 1 genome record [================================================] 100% 1/1
Downloading: /sciclone/home/tdfelton/SUPERCOMPUTING/assignments/assignment_07/data/dog_reference/dog_reference.zip    763MB 38MB/s
[1A[2K[1A[2KCollecting 1 genome record [================================================] 100% 1/1
Downloading: /sciclone/home/tdfelton/SUPERCOMPUTING/assignments/assignment_07/data/dog_reference/dog_reference.zip    764MB 38MB/s
[1A[2K[1A[2KCollecting 1 genome record [================================================] 100% 1/1
Downloading: /sciclone/home/tdfelton/SUPERCOMPUTING/assignments/assignment_07/data/dog_reference/dog_reference.zip    764MB 38MB/s
[1A[2K[1A[2KCollecting 1 genome record [================================================] 100% 1/1
Downloading: /sciclone/home/tdfelton/SUPERCOMPUTING/assignments/assignment_07/data/dog_reference/dog_reference.zip    764MB 38MB/s
[1A[2K[1A[2KCollecting 1 genome record [================================================] 100% 1/1
Downloading: /sciclone/home/tdfelton/SUPERCOMPUTING/assignments/assignment_07/data/dog_reference/dog_reference.zip    765MB 38MB/s
[1A[2K[1A[2KCollecting 1 genome record [================================================] 100% 1/1
Downloading: /sciclone/home/tdfelton/SUPERCOMPUTING/assignments/assignment_07/data/dog_reference/dog_reference.zip    765MB 38MB/s
[1A[2K[1A[2KCollecting 1 genome record [================================================] 100% 1/1
Downloading: /sciclone/home/tdfelton/SUPERCOMPUTING/assignments/assignment_07/data/dog_reference/dog_reference.zip    765MB 38MB/s
[1A[2K[1A[2KCollecting 1 genome record [================================================] 100% 1/1
Downloading: /sciclone/home/tdfelton/SUPERCOMPUTING/assignments/assignment_07/data/dog_reference/dog_reference.zip    766MB 38MB/s
[1A[2K[1A[2KCollecting 1 genome record [================================================] 100% 1/1
Downloading: /sciclone/home/tdfelton/SUPERCOMPUTING/assignments/assignment_07/data/dog_reference/dog_reference.zip    766MB 38MB/s
[1A[2K[1A[2KCollecting 1 genome record [================================================] 100% 1/1
Downloading: /sciclone/home/tdfelton/SUPERCOMPUTING/assignments/assignment_07/data/dog_reference/dog_reference.zip    766MB 38MB/s
[1A[2K[1A[2KCollecting 1 genome record [================================================] 100% 1/1
Downloading: /sciclone/home/tdfelton/SUPERCOMPUTING/assignments/assignment_07/data/dog_reference/dog_reference.zip    767MB 38MB/s
[1A[2K[1A[2KCollecting 1 genome record [================================================] 100% 1/1
Downloading: /sciclone/home/tdfelton/SUPERCOMPUTING/assignments/assignment_07/data/dog_reference/dog_reference.zip    767MB 38MB/s
[1A[2K[1A[2KCollecting 1 genome record [================================================] 100% 1/1
Downloading: /sciclone/home/tdfelton/SUPERCOMPUTING/assignments/assignment_07/data/dog_reference/dog_reference.zip    768MB 38MB/s
[1A[2K[1A[2KCollecting 1 genome record [================================================] 100% 1/1
Downloading: /sciclone/home/tdfelton/SUPERCOMPUTING/assignments/assignment_07/data/dog_reference/dog_reference.zip    768MB 38MB/s
[1A[2K[1A[2KCollecting 1 genome record [================================================] 100% 1/1
Downloading: /sciclone/home/tdfelton/SUPERCOMPUTING/assignments/assignment_07/data/dog_reference/dog_reference.zip    768MB 38MB/s
[1A[2K[1A[2KCollecting 1 genome record [================================================] 100% 1/1
Downloading: /sciclone/home/tdfelton/SUPERCOMPUTING/assignments/assignment_07/data/dog_reference/dog_reference.zip    769MB 38MB/s
[1A[2K[1A[2KCollecting 1 genome record [================================================] 100% 1/1
Downloading: /sciclone/home/tdfelton/SUPERCOMPUTING/assignments/assignment_07/data/dog_reference/dog_reference.zip    769MB 38MB/s
[1A[2K[1A[2KCollecting 1 genome record [================================================] 100% 1/1
Downloading: /sciclone/home/tdfelton/SUPERCOMPUTING/assignments/assignment_07/data/dog_reference/dog_reference.zip    769MB 38MB/s
[1A[2K[1A[2KCollecting 1 genome record [================================================] 100% 1/1
Downloading: /sciclone/home/tdfelton/SUPERCOMPUTING/assignments/assignment_07/data/dog_reference/dog_reference.zip    770MB 38MB/s
[1A[2K[1A[2KCollecting 1 genome record [================================================] 100% 1/1
Downloading: /sciclone/home/tdfelton/SUPERCOMPUTING/assignments/assignment_07/data/dog_reference/dog_reference.zip    770MB 38MB/s
[1A[2K[1A[2KCollecting 1 genome record [================================================] 100% 1/1
Downloading: /sciclone/home/tdfelton/SUPERCOMPUTING/assignments/assignment_07/data/dog_reference/dog_reference.zip    771MB 38MB/s
[1A[2K[1A[2KCollecting 1 genome record [================================================] 100% 1/1
Downloading: /sciclone/home/tdfelton/SUPERCOMPUTING/assignments/assignment_07/data/dog_reference/dog_reference.zip    771MB 38MB/s
[1A[2K[1A[2KCollecting 1 genome record [================================================] 100% 1/1
Downloading: /sciclone/home/tdfelton/SUPERCOMPUTING/assignments/assignment_07/data/dog_reference/dog_reference.zip    771MB 38MB/s
[1A[2K[1A[2KCollecting 1 genome record [================================================] 100% 1/1
Downloading: /sciclone/home/tdfelton/SUPERCOMPUTING/assignments/assignment_07/data/dog_reference/dog_reference.zip    772MB 38MB/s
[1A[2K[1A[2KCollecting 1 genome record [================================================] 100% 1/1
Downloading: /sciclone/home/tdfelton/SUPERCOMPUTING/assignments/assignment_07/data/dog_reference/dog_reference.zip    772MB 38MB/s
[1A[2K[1A[2KCollecting 1 genome record [================================================] 100% 1/1
Downloading: /sciclone/home/tdfelton/SUPERCOMPUTING/assignments/assignment_07/data/dog_reference/dog_reference.zip    772MB 38MB/s
[1A[2K[1A[2KCollecting 1 genome record [================================================] 100% 1/1
Downloading: /sciclone/home/tdfelton/SUPERCOMPUTING/assignments/assignment_07/data/dog_reference/dog_reference.zip    773MB 38MB/s
[1A[2K[1A[2KCollecting 1 genome record [================================================] 100% 1/1
Downloading: /sciclone/home/tdfelton/SUPERCOMPUTING/assignments/assignment_07/data/dog_reference/dog_reference.zip    773MB 38MB/s
[1A[2K[1A[2KCollecting 1 genome record [================================================] 100% 1/1
Downloading: /sciclone/home/tdfelton/SUPERCOMPUTING/assignments/assignment_07/data/dog_reference/dog_reference.zip    773MB 38MB/s
[1A[2K[1A[2KCollecting 1 genome record [================================================] 100% 1/1
Downloading: /sciclone/home/tdfelton/SUPERCOMPUTING/assignments/assignment_07/data/dog_reference/dog_reference.zip    774MB 37.9MB/s
[1A[2K[1A[2KCollecting 1 genome record [================================================] 100% 1/1
Downloading: /sciclone/home/tdfelton/SUPERCOMPUTING/assignments/assignment_07/data/dog_reference/dog_reference.zip    774MB 37.9MB/s
[1A[2K[1A[2KCollecting 1 genome record [================================================] 100% 1/1
Downloading: /sciclone/home/tdfelton/SUPERCOMPUTING/assignments/assignment_07/data/dog_reference/dog_reference.zip    774MB 37.9MB/s
[1A[2K[1A[2KCollecting 1 genome record [================================================] 100% 1/1
Downloading: /sciclone/home/tdfelton/SUPERCOMPUTING/assignments/assignment_07/data/dog_reference/dog_reference.zip    775MB 37.9MB/s
[1A[2K[1A[2KCollecting 1 genome record [================================================] 100% 1/1
Downloading: /sciclone/home/tdfelton/SUPERCOMPUTING/assignments/assignment_07/data/dog_reference/dog_reference.zip    775MB 37.9MB/s
[1A[2K[1A[2KCollecting 1 genome record [================================================] 100% 1/1
Downloading: /sciclone/home/tdfelton/SUPERCOMPUTING/assignments/assignment_07/data/dog_reference/dog_reference.zip    775MB 37.9MB/s
[1A[2K[1A[2KCollecting 1 genome record [================================================] 100% 1/1
Downloading: /sciclone/home/tdfelton/SUPERCOMPUTING/assignments/assignment_07/data/dog_reference/dog_reference.zip    776MB 37.9MB/s
[1A[2K[1A[2KCollecting 1 genome record [================================================] 100% 1/1
Downloading: /sciclone/home/tdfelton/SUPERCOMPUTING/assignments/assignment_07/data/dog_reference/dog_reference.zip    776MB 37.9MB/s
[1A[2K[1A[2KCollecting 1 genome record [================================================] 100% 1/1
Downloading: /sciclone/home/tdfelton/SUPERCOMPUTING/assignments/assignment_07/data/dog_reference/dog_reference.zip    776MB 37.9MB/s
[1A[2K[1A[2KCollecting 1 genome record [================================================] 100% 1/1
Downloading: /sciclone/home/tdfelton/SUPERCOMPUTING/assignments/assignment_07/data/dog_reference/dog_reference.zip    777MB 37.9MB/s
[1A[2K[1A[2KCollecting 1 genome record [================================================] 100% 1/1
Downloading: /sciclone/home/tdfelton/SUPERCOMPUTING/assignments/assignment_07/data/dog_reference/dog_reference.zip    777MB 37.9MB/s
[1A[2K[1A[2KCollecting 1 genome record [================================================] 100% 1/1
Downloading: /sciclone/home/tdfelton/SUPERCOMPUTING/assignments/assignment_07/data/dog_reference/dog_reference.zip    777MB 37.9MB/s
[1A[2K[1A[2KCollecting 1 genome record [================================================] 100% 1/1
Downloading: /sciclone/home/tdfelton/SUPERCOMPUTING/assignments/assignment_07/data/dog_reference/dog_reference.zip    778MB 37.9MB/s
[1A[2K[1A[2KCollecting 1 genome record [================================================] 100% 1/1
Downloading: /sciclone/home/tdfelton/SUPERCOMPUTING/assignments/assignment_07/data/dog_reference/dog_reference.zip    778MB done
Validating package []
[1A[2K[1A[2K[1A[2KCollecting 1 genome record [================================================] 100% 1/1
Downloading: /sciclone/home/tdfelton/SUPERCOMPUTING/assignments/assignment_07/data/dog_reference/dog_reference.zip    778MB done
Validating package []
[1A[2K[1A[2K[1A[2KCollecting 1 genome record [================================================] 100% 1/1
Downloading: /sciclone/home/tdfelton/SUPERCOMPUTING/assignments/assignment_07/data/dog_reference/dog_reference.zip    778MB done
Validating package []
[1A[2K[1A[2K[1A[2KCollecting 1 genome record [================================================] 100% 1/1
Downloading: /sciclone/home/tdfelton/SUPERCOMPUTING/assignments/assignment_07/data/dog_reference/dog_reference.zip    778MB done
Validating package []
[1A[2K[1A[2K[1A[2KCollecting 1 genome record [================================================] 100% 1/1
Downloading: /sciclone/home/tdfelton/SUPERCOMPUTING/assignments/assignment_07/data/dog_reference/dog_reference.zip    778MB done
Validating package []
[1A[2K[1A[2K[1A[2KCollecting 1 genome record [================================================] 100% 1/1
Downloading: /sciclone/home/tdfelton/SUPERCOMPUTING/assignments/assignment_07/data/dog_reference/dog_reference.zip    778MB done
Validating package []
[1A[2K[1A[2K[1A[2KCollecting 1 genome record [================================================] 100% 1/1
Downloading: /sciclone/home/tdfelton/SUPERCOMPUTING/assignments/assignment_07/data/dog_reference/dog_reference.zip    778MB done
Validating package []
[1A[2K[1A[2K[1A[2KCollecting 1 genome record [================================================] 100% 1/1
Downloading: /sciclone/home/tdfelton/SUPERCOMPUTING/assignments/assignment_07/data/dog_reference/dog_reference.zip    778MB done
Validating package []
[1A[2K[1A[2K[1A[2KCollecting 1 genome record [================================================] 100% 1/1
Downloading: /sciclone/home/tdfelton/SUPERCOMPUTING/assignments/assignment_07/data/dog_reference/dog_reference.zip    778MB done
Validating package []
[1A[2K[1A[2K[1A[2KCollecting 1 genome record [================================================] 100% 1/1
Downloading: /sciclone/home/tdfelton/SUPERCOMPUTING/assignments/assignment_07/data/dog_reference/dog_reference.zip    778MB done
Validating package []
[1A[2K[1A[2K[1A[2KCollecting 1 genome record [================================================] 100% 1/1
Downloading: /sciclone/home/tdfelton/SUPERCOMPUTING/assignments/assignment_07/data/dog_reference/dog_reference.zip    778MB done
Validating package []
[1A[2K[1A[2K[1A[2KCollecting 1 genome record [================================================] 100% 1/1
Downloading: /sciclone/home/tdfelton/SUPERCOMPUTING/assignments/assignment_07/data/dog_reference/dog_reference.zip    778MB done
Validating package []
[1A[2K[1A[2K[1A[2KCollecting 1 genome record [================================================] 100% 1/1
Downloading: /sciclone/home/tdfelton/SUPERCOMPUTING/assignments/assignment_07/data/dog_reference/dog_reference.zip    778MB done
Validating package []
[1A[2K[1A[2K[1A[2KCollecting 1 genome record [================================================] 100% 1/1
Downloading: /sciclone/home/tdfelton/SUPERCOMPUTING/assignments/assignment_07/data/dog_reference/dog_reference.zip    778MB done
Validating package []
[1A[2K[1A[2K[1A[2KCollecting 1 genome record [================================================] 100% 1/1
Downloading: /sciclone/home/tdfelton/SUPERCOMPUTING/assignments/assignment_07/data/dog_reference/dog_reference.zip    778MB done
Validating package []
[1A[2K[1A[2K[1A[2KCollecting 1 genome record [================================================] 100% 1/1
Downloading: /sciclone/home/tdfelton/SUPERCOMPUTING/assignments/assignment_07/data/dog_reference/dog_reference.zip    778MB done
Validating package []
[1A[2K[1A[2K[1A[2KCollecting 1 genome record [================================================] 100% 1/1
Downloading: /sciclone/home/tdfelton/SUPERCOMPUTING/assignments/assignment_07/data/dog_reference/dog_reference.zip    778MB done
Validating package []
[1A[2K[1A[2K[1A[2KCollecting 1 genome record [================================================] 100% 1/1
Downloading: /sciclone/home/tdfelton/SUPERCOMPUTING/assignments/assignment_07/data/dog_reference/dog_reference.zip    778MB done
Validating package []
[1A[2K[1A[2K[1A[2KCollecting 1 genome record [================================================] 100% 1/1
Downloading: /sciclone/home/tdfelton/SUPERCOMPUTING/assignments/assignment_07/data/dog_reference/dog_reference.zip    778MB done
Validating package []
[1A[2K[1A[2K[1A[2KCollecting 1 genome record [================================================] 100% 1/1
Downloading: /sciclone/home/tdfelton/SUPERCOMPUTING/assignments/assignment_07/data/dog_reference/dog_reference.zip    778MB done
Validating package []
[1A[2K[1A[2K[1A[2KCollecting 1 genome record [================================================] 100% 1/1
Downloading: /sciclone/home/tdfelton/SUPERCOMPUTING/assignments/assignment_07/data/dog_reference/dog_reference.zip    778MB done
Validating package []
[1A[2K[1A[2K[1A[2KCollecting 1 genome record [================================================] 100% 1/1
Downloading: /sciclone/home/tdfelton/SUPERCOMPUTING/assignments/assignment_07/data/dog_reference/dog_reference.zip    778MB done
Validating package []
[1A[2K[1A[2K[1A[2KCollecting 1 genome record [================================================] 100% 1/1
Downloading: /sciclone/home/tdfelton/SUPERCOMPUTING/assignments/assignment_07/data/dog_reference/dog_reference.zip    778MB done
Validating package []
[1A[2K[1A[2K[1A[2KCollecting 1 genome record [================================================] 100% 1/1
Downloading: /sciclone/home/tdfelton/SUPERCOMPUTING/assignments/assignment_07/data/dog_reference/dog_reference.zip    778MB done
Validating package []
[1A[2K[1A[2K[1A[2KCollecting 1 genome record [================================================] 100% 1/1
Downloading: /sciclone/home/tdfelton/SUPERCOMPUTING/assignments/assignment_07/data/dog_reference/dog_reference.zip    778MB done
Validating package []
[1A[2K[1A[2K[1A[2KCollecting 1 genome record [================================================] 100% 1/1
Downloading: /sciclone/home/tdfelton/SUPERCOMPUTING/assignments/assignment_07/data/dog_reference/dog_reference.zip    778MB done
Validating package []
[1A[2K[1A[2K[1A[2KCollecting 1 genome record [================================================] 100% 1/1
Downloading: /sciclone/home/tdfelton/SUPERCOMPUTING/assignments/assignment_07/data/dog_reference/dog_reference.zip    778MB done
Validating package []
[1A[2K[1A[2K[1A[2KCollecting 1 genome record [================================================] 100% 1/1
Downloading: /sciclone/home/tdfelton/SUPERCOMPUTING/assignments/assignment_07/data/dog_reference/dog_reference.zip    778MB done
Validating package []
[1A[2K[1A[2K[1A[2KCollecting 1 genome record [================================================] 100% 1/1
Downloading: /sciclone/home/tdfelton/SUPERCOMPUTING/assignments/assignment_07/data/dog_reference/dog_reference.zip    778MB done
Validating package []
[1A[2K[1A[2K[1A[2KCollecting 1 genome record [================================================] 100% 1/1
Downloading: /sciclone/home/tdfelton/SUPERCOMPUTING/assignments/assignment_07/data/dog_reference/dog_reference.zip    778MB done
Validating package []
[1A[2K[1A[2K[1A[2KCollecting 1 genome record [================================================] 100% 1/1
Downloading: /sciclone/home/tdfelton/SUPERCOMPUTING/assignments/assignment_07/data/dog_reference/dog_reference.zip    778MB done
Validating package []
[1A[2K[1A[2K[1A[2KCollecting 1 genome record [================================================] 100% 1/1
Downloading: /sciclone/home/tdfelton/SUPERCOMPUTING/assignments/assignment_07/data/dog_reference/dog_reference.zip    778MB done
Validating package []
[1A[2K[1A[2K[1A[2KCollecting 1 genome record [================================================] 100% 1/1
Downloading: /sciclone/home/tdfelton/SUPERCOMPUTING/assignments/assignment_07/data/dog_reference/dog_reference.zip    778MB done
Validating package []
[1A[2K[1A[2K[1A[2KCollecting 1 genome record [================================================] 100% 1/1
Downloading: /sciclone/home/tdfelton/SUPERCOMPUTING/assignments/assignment_07/data/dog_reference/dog_reference.zip    778MB done
Validating package []
[1A[2K[1A[2K[1A[2KCollecting 1 genome record [================================================] 100% 1/1
Downloading: /sciclone/home/tdfelton/SUPERCOMPUTING/assignments/assignment_07/data/dog_reference/dog_reference.zip    778MB done
Validating package []
[1A[2K[1A[2K[1A[2KCollecting 1 genome record [================================================] 100% 1/1
Downloading: /sciclone/home/tdfelton/SUPERCOMPUTING/assignments/assignment_07/data/dog_reference/dog_reference.zip    778MB done
Validating package []
[1A[2K[1A[2K[1A[2KCollecting 1 genome record [================================================] 100% 1/1
Downloading: /sciclone/home/tdfelton/SUPERCOMPUTING/assignments/assignment_07/data/dog_reference/dog_reference.zip    778MB done
Validating package []
[1A[2K[1A[2K[1A[2KCollecting 1 genome record [================================================] 100% 1/1
Downloading: /sciclone/home/tdfelton/SUPERCOMPUTING/assignments/assignment_07/data/dog_reference/dog_reference.zip    778MB done
Validating package []
[1A[2K[1A[2K[1A[2KCollecting 1 genome record [================================================] 100% 1/1
Downloading: /sciclone/home/tdfelton/SUPERCOMPUTING/assignments/assignment_07/data/dog_reference/dog_reference.zip    778MB done
Validating package []
[1A[2K[1A[2K[1A[2KCollecting 1 genome record [================================================] 100% 1/1
Downloading: /sciclone/home/tdfelton/SUPERCOMPUTING/assignments/assignment_07/data/dog_reference/dog_reference.zip    778MB done
Validating package []
[1A[2K[1A[2K[1A[2KCollecting 1 genome record [================================================] 100% 1/1
Downloading: /sciclone/home/tdfelton/SUPERCOMPUTING/assignments/assignment_07/data/dog_reference/dog_reference.zip    778MB done
Validating package []
[1A[2K[1A[2K[1A[2KCollecting 1 genome record [================================================] 100% 1/1
Downloading: /sciclone/home/tdfelton/SUPERCOMPUTING/assignments/assignment_07/data/dog_reference/dog_reference.zip    778MB done
Validating package []
[1A[2K[1A[2K[1A[2KCollecting 1 genome record [================================================] 100% 1/1
Downloading: /sciclone/home/tdfelton/SUPERCOMPUTING/assignments/assignment_07/data/dog_reference/dog_reference.zip    778MB done
Validating package []
[1A[2K[1A[2K[1A[2KCollecting 1 genome record [================================================] 100% 1/1
Downloading: /sciclone/home/tdfelton/SUPERCOMPUTING/assignments/assignment_07/data/dog_reference/dog_reference.zip    778MB done
Validating package []
[1A[2K[1A[2K[1A[2KCollecting 1 genome record [================================================] 100% 1/1
Downloading: /sciclone/home/tdfelton/SUPERCOMPUTING/assignments/assignment_07/data/dog_reference/dog_reference.zip    778MB done
Validating package []
[1A[2K[1A[2K[1A[2KCollecting 1 genome record [================================================] 100% 1/1
Downloading: /sciclone/home/tdfelton/SUPERCOMPUTING/assignments/assignment_07/data/dog_reference/dog_reference.zip    778MB done
Validating package []
[1A[2K[1A[2K[1A[2KCollecting 1 genome record [================================================] 100% 1/1
Downloading: /sciclone/home/tdfelton/SUPERCOMPUTING/assignments/assignment_07/data/dog_reference/dog_reference.zip    778MB done
Validating package []
[1A[2K[1A[2K[1A[2KCollecting 1 genome record [================================================] 100% 1/1
Downloading: /sciclone/home/tdfelton/SUPERCOMPUTING/assignments/assignment_07/data/dog_reference/dog_reference.zip    778MB done
Validating package []
[1A[2K[1A[2K[1A[2KCollecting 1 genome record [================================================] 100% 1/1
Downloading: /sciclone/home/tdfelton/SUPERCOMPUTING/assignments/assignment_07/data/dog_reference/dog_reference.zip    778MB done
Validating package []
[1A[2K[1A[2K[1A[2KCollecting 1 genome record [================================================] 100% 1/1
Downloading: /sciclone/home/tdfelton/SUPERCOMPUTING/assignments/assignment_07/data/dog_reference/dog_reference.zip    778MB done
Validating package []
[1A[2K[1A[2K[1A[2KCollecting 1 genome record [================================================] 100% 1/1
Downloading: /sciclone/home/tdfelton/SUPERCOMPUTING/assignments/assignment_07/data/dog_reference/dog_reference.zip    778MB done
Validating package []
[1A[2K[1A[2K[1A[2KCollecting 1 genome record [================================================] 100% 1/1
Downloading: /sciclone/home/tdfelton/SUPERCOMPUTING/assignments/assignment_07/data/dog_reference/dog_reference.zip    778MB done
Validating package []
[1A[2K[1A[2K[1A[2KCollecting 1 genome record [================================================] 100% 1/1
Downloading: /sciclone/home/tdfelton/SUPERCOMPUTING/assignments/assignment_07/data/dog_reference/dog_reference.zip    778MB done
Validating package []
[1A[2K[1A[2K[1A[2KCollecting 1 genome record [================================================] 100% 1/1
Downloading: /sciclone/home/tdfelton/SUPERCOMPUTING/assignments/assignment_07/data/dog_reference/dog_reference.zip    778MB done
Validating package []
[1A[2K[1A[2K[1A[2KCollecting 1 genome record [================================================] 100% 1/1
Downloading: /sciclone/home/tdfelton/SUPERCOMPUTING/assignments/assignment_07/data/dog_reference/dog_reference.zip    778MB done
Validating package []
[1A[2K[1A[2K[1A[2KCollecting 1 genome record [================================================] 100% 1/1
Downloading: /sciclone/home/tdfelton/SUPERCOMPUTING/assignments/assignment_07/data/dog_reference/dog_reference.zip    778MB done
Validating package []
[1A[2K[1A[2K[1A[2KCollecting 1 genome record [================================================] 100% 1/1
Downloading: /sciclone/home/tdfelton/SUPERCOMPUTING/assignments/assignment_07/data/dog_reference/dog_reference.zip    778MB done
Validating package []
[1A[2K[1A[2K[1A[2KCollecting 1 genome record [================================================] 100% 1/1
Downloading: /sciclone/home/tdfelton/SUPERCOMPUTING/assignments/assignment_07/data/dog_reference/dog_reference.zip    778MB done
Validating package []
[1A[2K[1A[2K[1A[2KCollecting 1 genome record [================================================] 100% 1/1
Downloading: /sciclone/home/tdfelton/SUPERCOMPUTING/assignments/assignment_07/data/dog_reference/dog_reference.zip    778MB done
Validating package []
[1A[2K[1A[2K[1A[2KCollecting 1 genome record [================================================] 100% 1/1
Downloading: /sciclone/home/tdfelton/SUPERCOMPUTING/assignments/assignment_07/data/dog_reference/dog_reference.zip    778MB done
Validating package []
[1A[2K[1A[2K[1A[2KCollecting 1 genome record [================================================] 100% 1/1
Downloading: /sciclone/home/tdfelton/SUPERCOMPUTING/assignments/assignment_07/data/dog_reference/dog_reference.zip    778MB done
Validating package []
[1A[2K[1A[2K[1A[2KCollecting 1 genome record [================================================] 100% 1/1
Downloading: /sciclone/home/tdfelton/SUPERCOMPUTING/assignments/assignment_07/data/dog_reference/dog_reference.zip    778MB done
Validating package []
[1A[2K[1A[2K[1A[2KCollecting 1 genome record [================================================] 100% 1/1
Downloading: /sciclone/home/tdfelton/SUPERCOMPUTING/assignments/assignment_07/data/dog_reference/dog_reference.zip    778MB done
Validating package []
[1A[2K[1A[2K[1A[2KCollecting 1 genome record [================================================] 100% 1/1
Downloading: /sciclone/home/tdfelton/SUPERCOMPUTING/assignments/assignment_07/data/dog_reference/dog_reference.zip    778MB done
Validating package []
[1A[2K[1A[2K[1A[2KCollecting 1 genome record [================================================] 100% 1/1
Downloading: /sciclone/home/tdfelton/SUPERCOMPUTING/assignments/assignment_07/data/dog_reference/dog_reference.zip    778MB done
Validating package []
[1A[2K[1A[2K[1A[2KCollecting 1 genome record [================================================] 100% 1/1
Downloading: /sciclone/home/tdfelton/SUPERCOMPUTING/assignments/assignment_07/data/dog_reference/dog_reference.zip    778MB done
Validating package []
[1A[2K[1A[2K[1A[2KCollecting 1 genome record [================================================] 100% 1/1
Downloading: /sciclone/home/tdfelton/SUPERCOMPUTING/assignments/assignment_07/data/dog_reference/dog_reference.zip    778MB done
Validating package []
[1A[2K[1A[2K[1A[2KCollecting 1 genome record [================================================] 100% 1/1
Downloading: /sciclone/home/tdfelton/SUPERCOMPUTING/assignments/assignment_07/data/dog_reference/dog_reference.zip    778MB done
Validating package []
[1A[2K[1A[2K[1A[2KCollecting 1 genome record [================================================] 100% 1/1
Downloading: /sciclone/home/tdfelton/SUPERCOMPUTING/assignments/assignment_07/data/dog_reference/dog_reference.zip    778MB done
Validating package []
[1A[2K[1A[2K[1A[2KCollecting 1 genome record [================================================] 100% 1/1
Downloading: /sciclone/home/tdfelton/SUPERCOMPUTING/assignments/assignment_07/data/dog_reference/dog_reference.zip    778MB done
Validating package []
[1A[2K[1A[2K[1A[2KCollecting 1 genome record [================================================] 100% 1/1
Downloading: /sciclone/home/tdfelton/SUPERCOMPUTING/assignments/assignment_07/data/dog_reference/dog_reference.zip    778MB done
Validating package []
[1A[2K[1A[2K[1A[2KCollecting 1 genome record [================================================] 100% 1/1
Downloading: /sciclone/home/tdfelton/SUPERCOMPUTING/assignments/assignment_07/data/dog_reference/dog_reference.zip    778MB done
Validating package []
[1A[2K[1A[2K[1A[2KCollecting 1 genome record [================================================] 100% 1/1
Downloading: /sciclone/home/tdfelton/SUPERCOMPUTING/assignments/assignment_07/data/dog_reference/dog_reference.zip    778MB done
Validating package []
[1A[2K[1A[2K[1A[2KCollecting 1 genome record [================================================] 100% 1/1
Downloading: /sciclone/home/tdfelton/SUPERCOMPUTING/assignments/assignment_07/data/dog_reference/dog_reference.zip    778MB done
Validating package []
[1A[2K[1A[2K[1A[2KCollecting 1 genome record [================================================] 100% 1/1
Downloading: /sciclone/home/tdfelton/SUPERCOMPUTING/assignments/assignment_07/data/dog_reference/dog_reference.zip    778MB done
Validating package []
[1A[2K[1A[2K[1A[2KCollecting 1 genome record [================================================] 100% 1/1
Downloading: /sciclone/home/tdfelton/SUPERCOMPUTING/assignments/assignment_07/data/dog_reference/dog_reference.zip    778MB done
Validating package []
[1A[2K[1A[2K[1A[2KCollecting 1 genome record [================================================] 100% 1/1
Downloading: /sciclone/home/tdfelton/SUPERCOMPUTING/assignments/assignment_07/data/dog_reference/dog_reference.zip    778MB done
Validating package []
[1A[2K[1A[2K[1A[2KCollecting 1 genome record [================================================] 100% 1/1
Downloading: /sciclone/home/tdfelton/SUPERCOMPUTING/assignments/assignment_07/data/dog_reference/dog_reference.zip    778MB done
Validating package []
[1A[2K[1A[2K[1A[2KCollecting 1 genome record [================================================] 100% 1/1
Downloading: /sciclone/home/tdfelton/SUPERCOMPUTING/assignments/assignment_07/data/dog_reference/dog_reference.zip    778MB done
Validating package []
[1A[2K[1A[2K[1A[2KCollecting 1 genome record [================================================] 100% 1/1
Downloading: /sciclone/home/tdfelton/SUPERCOMPUTING/assignments/assignment_07/data/dog_reference/dog_reference.zip    778MB done
Validating package []
[1A[2K[1A[2K[1A[2KCollecting 1 genome record [================================================] 100% 1/1
Downloading: /sciclone/home/tdfelton/SUPERCOMPUTING/assignments/assignment_07/data/dog_reference/dog_reference.zip    778MB done
Validating package []
[1A[2K[1A[2K[1A[2KCollecting 1 genome record [================================================] 100% 1/1
Downloading: /sciclone/home/tdfelton/SUPERCOMPUTING/assignments/assignment_07/data/dog_reference/dog_reference.zip    778MB done
Validating package []
[1A[2K[1A[2K[1A[2KCollecting 1 genome record [================================================] 100% 1/1
Downloading: /sciclone/home/tdfelton/SUPERCOMPUTING/assignments/assignment_07/data/dog_reference/dog_reference.zip    778MB done
Validating package []
[1A[2K[1A[2K[1A[2KCollecting 1 genome record [================================================] 100% 1/1
Downloading: /sciclone/home/tdfelton/SUPERCOMPUTING/assignments/assignment_07/data/dog_reference/dog_reference.zip    778MB done
Validating package []
[1A[2K[1A[2K[1A[2KCollecting 1 genome record [================================================] 100% 1/1
Downloading: /sciclone/home/tdfelton/SUPERCOMPUTING/assignments/assignment_07/data/dog_reference/dog_reference.zip    778MB done
Validating package []
[1A[2K[1A[2K[1A[2KCollecting 1 genome record [================================================] 100% 1/1
Downloading: /sciclone/home/tdfelton/SUPERCOMPUTING/assignments/assignment_07/data/dog_reference/dog_reference.zip    778MB done
Validating package []
[1A[2K[1A[2K[1A[2KCollecting 1 genome record [================================================] 100% 1/1
Downloading: /sciclone/home/tdfelton/SUPERCOMPUTING/assignments/assignment_07/data/dog_reference/dog_reference.zip    778MB done
Validating package []
[1A[2K[1A[2K[1A[2KCollecting 1 genome record [================================================] 100% 1/1
Downloading: /sciclone/home/tdfelton/SUPERCOMPUTING/assignments/assignment_07/data/dog_reference/dog_reference.zip    778MB done
Validating package []
[1A[2K[1A[2K[1A[2KCollecting 1 genome record [================================================] 100% 1/1
Downloading: /sciclone/home/tdfelton/SUPERCOMPUTING/assignments/assignment_07/data/dog_reference/dog_reference.zip    778MB done
Validating package []
[1A[2K[1A[2K[1A[2KCollecting 1 genome record [================================================] 100% 1/1
Downloading: /sciclone/home/tdfelton/SUPERCOMPUTING/assignments/assignment_07/data/dog_reference/dog_reference.zip    778MB done
Validating package []
[1A[2K[1A[2K[1A[2KCollecting 1 genome record [================================================] 100% 1/1
Downloading: /sciclone/home/tdfelton/SUPERCOMPUTING/assignments/assignment_07/data/dog_reference/dog_reference.zip    778MB done
Validating package []
[1A[2K[1A[2K[1A[2KCollecting 1 genome record [================================================] 100% 1/1
Downloading: /sciclone/home/tdfelton/SUPERCOMPUTING/assignments/assignment_07/data/dog_reference/dog_reference.zip    778MB done
Validating package []
[1A[2K[1A[2K[1A[2KCollecting 1 genome record [================================================] 100% 1/1
Downloading: /sciclone/home/tdfelton/SUPERCOMPUTING/assignments/assignment_07/data/dog_reference/dog_reference.zip    778MB done
Validating package []
[1A[2K[1A[2K[1A[2KCollecting 1 genome record [================================================] 100% 1/1
Downloading: /sciclone/home/tdfelton/SUPERCOMPUTING/assignments/assignment_07/data/dog_reference/dog_reference.zip    778MB done
Validating package []
[1A[2K[1A[2K[1A[2KCollecting 1 genome record [================================================] 100% 1/1
Downloading: /sciclone/home/tdfelton/SUPERCOMPUTING/assignments/assignment_07/data/dog_reference/dog_reference.zip    778MB done
Validating package []
[1A[2K[1A[2K[1A[2KCollecting 1 genome record [================================================] 100% 1/1
Downloading: /sciclone/home/tdfelton/SUPERCOMPUTING/assignments/assignment_07/data/dog_reference/dog_reference.zip    778MB done
Validating package []
[1A[2K[1A[2K[1A[2KCollecting 1 genome record [================================================] 100% 1/1
Downloading: /sciclone/home/tdfelton/SUPERCOMPUTING/assignments/assignment_07/data/dog_reference/dog_reference.zip    778MB done
Validating package []
[1A[2K[1A[2K[1A[2KCollecting 1 genome record [================================================] 100% 1/1
Downloading: /sciclone/home/tdfelton/SUPERCOMPUTING/assignments/assignment_07/data/dog_reference/dog_reference.zip    778MB done
Validating package []
[1A[2K[1A[2K[1A[2KCollecting 1 genome record [================================================] 100% 1/1
Downloading: /sciclone/home/tdfelton/SUPERCOMPUTING/assignments/assignment_07/data/dog_reference/dog_reference.zip    778MB done
Validating package []
[1A[2K[1A[2K[1A[2KCollecting 1 genome record [================================================] 100% 1/1
Downloading: /sciclone/home/tdfelton/SUPERCOMPUTING/assignments/assignment_07/data/dog_reference/dog_reference.zip    778MB done
Validating package []
[1A[2K[1A[2K[1A[2KCollecting 1 genome record [================================================] 100% 1/1
Downloading: /sciclone/home/tdfelton/SUPERCOMPUTING/assignments/assignment_07/data/dog_reference/dog_reference.zip    778MB done
Validating package []
[1A[2K[1A[2K[1A[2KCollecting 1 genome record [================================================] 100% 1/1
Downloading: /sciclone/home/tdfelton/SUPERCOMPUTING/assignments/assignment_07/data/dog_reference/dog_reference.zip    778MB done
Validating package []
[1A[2K[1A[2K[1A[2KCollecting 1 genome record [================================================] 100% 1/1
Downloading: /sciclone/home/tdfelton/SUPERCOMPUTING/assignments/assignment_07/data/dog_reference/dog_reference.zip    778MB done
Validating package []
[1A[2K[1A[2K[1A[2KCollecting 1 genome record [================================================] 100% 1/1
Downloading: /sciclone/home/tdfelton/SUPERCOMPUTING/assignments/assignment_07/data/dog_reference/dog_reference.zip    778MB done
Validating package []
[1A[2K[1A[2K[1A[2KCollecting 1 genome record [================================================] 100% 1/1
Downloading: /sciclone/home/tdfelton/SUPERCOMPUTING/assignments/assignment_07/data/dog_reference/dog_reference.zip    778MB done
Validating package []
[1A[2K[1A[2K[1A[2KCollecting 1 genome record [================================================] 100% 1/1
Downloading: /sciclone/home/tdfelton/SUPERCOMPUTING/assignments/assignment_07/data/dog_reference/dog_reference.zip    778MB done
Validating package []
[1A[2K[1A[2K[1A[2KCollecting 1 genome record [================================================] 100% 1/1
Downloading: /sciclone/home/tdfelton/SUPERCOMPUTING/assignments/assignment_07/data/dog_reference/dog_reference.zip    778MB done
Validating package []
[1A[2K[1A[2K[1A[2KCollecting 1 genome record [================================================] 100% 1/1
Downloading: /sciclone/home/tdfelton/SUPERCOMPUTING/assignments/assignment_07/data/dog_reference/dog_reference.zip    778MB done
Validating package []
[1A[2K[1A[2K[1A[2KCollecting 1 genome record [================================================] 100% 1/1
Downloading: /sciclone/home/tdfelton/SUPERCOMPUTING/assignments/assignment_07/data/dog_reference/dog_reference.zip    778MB done
Validating package []
[1A[2K[1A[2K[1A[2KCollecting 1 genome record [================================================] 100% 1/1
Downloading: /sciclone/home/tdfelton/SUPERCOMPUTING/assignments/assignment_07/data/dog_reference/dog_reference.zip    778MB done
Validating package []
[1A[2K[1A[2K[1A[2KCollecting 1 genome record [================================================] 100% 1/1
Downloading: /sciclone/home/tdfelton/SUPERCOMPUTING/assignments/assignment_07/data/dog_reference/dog_reference.zip    778MB done
Validating package []
[1A[2K[1A[2K[1A[2KCollecting 1 genome record [================================================] 100% 1/1
Downloading: /sciclone/home/tdfelton/SUPERCOMPUTING/assignments/assignment_07/data/dog_reference/dog_reference.zip    778MB done
Validating package []
[1A[2K[1A[2K[1A[2KCollecting 1 genome record [================================================] 100% 1/1
Downloading: /sciclone/home/tdfelton/SUPERCOMPUTING/assignments/assignment_07/data/dog_reference/dog_reference.zip    778MB done
Validating package []
[1A[2K[1A[2K[1A[2KCollecting 1 genome record [================================================] 100% 1/1
Downloading: /sciclone/home/tdfelton/SUPERCOMPUTING/assignments/assignment_07/data/dog_reference/dog_reference.zip    778MB done
Validating package []
[1A[2K[1A[2K[1A[2KCollecting 1 genome record [================================================] 100% 1/1
Downloading: /sciclone/home/tdfelton/SUPERCOMPUTING/assignments/assignment_07/data/dog_reference/dog_reference.zip    778MB done
Validating package []
[1A[2K[1A[2K[1A[2KCollecting 1 genome record [================================================] 100% 1/1
Downloading: /sciclone/home/tdfelton/SUPERCOMPUTING/assignments/assignment_07/data/dog_reference/dog_reference.zip    778MB done
Validating package []
[1A[2K[1A[2K[1A[2KCollecting 1 genome record [================================================] 100% 1/1
Downloading: /sciclone/home/tdfelton/SUPERCOMPUTING/assignments/assignment_07/data/dog_reference/dog_reference.zip    778MB done
Validating package []
[1A[2K[1A[2K[1A[2KCollecting 1 genome record [================================================] 100% 1/1
Downloading: /sciclone/home/tdfelton/SUPERCOMPUTING/assignments/assignment_07/data/dog_reference/dog_reference.zip    778MB done
Validating package []
[1A[2K[1A[2K[1A[2KCollecting 1 genome record [================================================] 100% 1/1
Downloading: /sciclone/home/tdfelton/SUPERCOMPUTING/assignments/assignment_07/data/dog_reference/dog_reference.zip    778MB done
Validating package []
[1A[2K[1A[2K[1A[2KCollecting 1 genome record [================================================] 100% 1/1
Downloading: /sciclone/home/tdfelton/SUPERCOMPUTING/assignments/assignment_07/data/dog_reference/dog_reference.zip    778MB done
Validating package []
[1A[2K[1A[2K[1A[2KCollecting 1 genome record [================================================] 100% 1/1
Downloading: /sciclone/home/tdfelton/SUPERCOMPUTING/assignments/assignment_07/data/dog_reference/dog_reference.zip    778MB done
Validating package []
[1A[2K[1A[2K[1A[2KCollecting 1 genome record [================================================] 100% 1/1
Downloading: /sciclone/home/tdfelton/SUPERCOMPUTING/assignments/assignment_07/data/dog_reference/dog_reference.zip    778MB done
Validating package []
[1A[2K[1A[2K[1A[2KCollecting 1 genome record [================================================] 100% 1/1
Downloading: /sciclone/home/tdfelton/SUPERCOMPUTING/assignments/assignment_07/data/dog_reference/dog_reference.zip    778MB done
Validating package []
[1A[2K[1A[2K[1A[2KCollecting 1 genome record [================================================] 100% 1/1
Downloading: /sciclone/home/tdfelton/SUPERCOMPUTING/assignments/assignment_07/data/dog_reference/dog_reference.zip    778MB done
Validating package []
[1A[2K[1A[2K[1A[2KCollecting 1 genome record [================================================] 100% 1/1
Downloading: /sciclone/home/tdfelton/SUPERCOMPUTING/assignments/assignment_07/data/dog_reference/dog_reference.zip    778MB done
Validating package []
[1A[2K[1A[2K[1A[2KCollecting 1 genome record [================================================] 100% 1/1
Downloading: /sciclone/home/tdfelton/SUPERCOMPUTING/assignments/assignment_07/data/dog_reference/dog_reference.zip    778MB done
Validating package []
[1A[2K[1A[2K[1A[2KCollecting 1 genome record [================================================] 100% 1/1
Downloading: /sciclone/home/tdfelton/SUPERCOMPUTING/assignments/assignment_07/data/dog_reference/dog_reference.zip    778MB done
Validating package []
[1A[2K[1A[2K[1A[2KCollecting 1 genome record [================================================] 100% 1/1
Downloading: /sciclone/home/tdfelton/SUPERCOMPUTING/assignments/assignment_07/data/dog_reference/dog_reference.zip    778MB done
Validating package []
[1A[2K[1A[2K[1A[2KCollecting 1 genome record [================================================] 100% 1/1
Downloading: /sciclone/home/tdfelton/SUPERCOMPUTING/assignments/assignment_07/data/dog_reference/dog_reference.zip    778MB done
Validating package []
[1A[2K[1A[2K[1A[2KCollecting 1 genome record [================================================] 100% 1/1
Downloading: /sciclone/home/tdfelton/SUPERCOMPUTING/assignments/assignment_07/data/dog_reference/dog_reference.zip    778MB done
Validating package []
[1A[2K[1A[2K[1A[2KCollecting 1 genome record [================================================] 100% 1/1
Downloading: /sciclone/home/tdfelton/SUPERCOMPUTING/assignments/assignment_07/data/dog_reference/dog_reference.zip    778MB done
Validating package []
[1A[2K[1A[2K[1A[2KCollecting 1 genome record [================================================] 100% 1/1
Downloading: /sciclone/home/tdfelton/SUPERCOMPUTING/assignments/assignment_07/data/dog_reference/dog_reference.zip    778MB done
Validating package []
[1A[2K[1A[2K[1A[2KCollecting 1 genome record [================================================] 100% 1/1
Downloading: /sciclone/home/tdfelton/SUPERCOMPUTING/assignments/assignment_07/data/dog_reference/dog_reference.zip    778MB done
Validating package []
[1A[2K[1A[2K[1A[2KCollecting 1 genome record [================================================] 100% 1/1
Downloading: /sciclone/home/tdfelton/SUPERCOMPUTING/assignments/assignment_07/data/dog_reference/dog_reference.zip    778MB done
Validating package []
[1A[2K[1A[2K[1A[2KCollecting 1 genome record [================================================] 100% 1/1
Downloading: /sciclone/home/tdfelton/SUPERCOMPUTING/assignments/assignment_07/data/dog_reference/dog_reference.zip    778MB done
Validating package []
[1A[2K[1A[2K[1A[2KCollecting 1 genome record [================================================] 100% 1/1
Downloading: /sciclone/home/tdfelton/SUPERCOMPUTING/assignments/assignment_07/data/dog_reference/dog_reference.zip    778MB done
Validating package []
[1A[2K[1A[2K[1A[2KCollecting 1 genome record [================================================] 100% 1/1
Downloading: /sciclone/home/tdfelton/SUPERCOMPUTING/assignments/assignment_07/data/dog_reference/dog_reference.zip    778MB done
Validating package []
[1A[2K[1A[2K[1A[2KCollecting 1 genome record [================================================] 100% 1/1
Downloading: /sciclone/home/tdfelton/SUPERCOMPUTING/assignments/assignment_07/data/dog_reference/dog_reference.zip    778MB done
Validating package []
[1A[2K[1A[2K[1A[2KCollecting 1 genome record [================================================] 100% 1/1
Downloading: /sciclone/home/tdfelton/SUPERCOMPUTING/assignments/assignment_07/data/dog_reference/dog_reference.zip    778MB done
Validating package []
[1A[2K[1A[2K[1A[2KCollecting 1 genome record [================================================] 100% 1/1
Downloading: /sciclone/home/tdfelton/SUPERCOMPUTING/assignments/assignment_07/data/dog_reference/dog_reference.zip    778MB done
Validating package []
[1A[2K[1A[2K[1A[2KCollecting 1 genome record [================================================] 100% 1/1
Downloading: /sciclone/home/tdfelton/SUPERCOMPUTING/assignments/assignment_07/data/dog_reference/dog_reference.zip    778MB done
Validating package []
[1A[2K[1A[2K[1A[2KCollecting 1 genome record [================================================] 100% 1/1
Downloading: /sciclone/home/tdfelton/SUPERCOMPUTING/assignments/assignment_07/data/dog_reference/dog_reference.zip    778MB done
Validating package []
[1A[2K[1A[2K[1A[2KCollecting 1 genome record [================================================] 100% 1/1
Downloading: /sciclone/home/tdfelton/SUPERCOMPUTING/assignments/assignment_07/data/dog_reference/dog_reference.zip    778MB done
Validating package []
[1A[2K[1A[2K[1A[2KCollecting 1 genome record [================================================] 100% 1/1
Downloading: /sciclone/home/tdfelton/SUPERCOMPUTING/assignments/assignment_07/data/dog_reference/dog_reference.zip    778MB done
Validating package []
[1A[2K[1A[2K[1A[2KCollecting 1 genome record [================================================] 100% 1/1
Downloading: /sciclone/home/tdfelton/SUPERCOMPUTING/assignments/assignment_07/data/dog_reference/dog_reference.zip    778MB done
Validating package []
[1A[2K[1A[2K[1A[2KCollecting 1 genome record [================================================] 100% 1/1
Downloading: /sciclone/home/tdfelton/SUPERCOMPUTING/assignments/assignment_07/data/dog_reference/dog_reference.zip    778MB done
Validating package []
[1A[2K[1A[2K[1A[2KCollecting 1 genome record [================================================] 100% 1/1
Downloading: /sciclone/home/tdfelton/SUPERCOMPUTING/assignments/assignment_07/data/dog_reference/dog_reference.zip    778MB done
Validating package []
[1A[2K[1A[2K[1A[2KCollecting 1 genome record [================================================] 100% 1/1
Downloading: /sciclone/home/tdfelton/SUPERCOMPUTING/assignments/assignment_07/data/dog_reference/dog_reference.zip    778MB done
Validating package []
[1A[2K[1A[2K[1A[2KCollecting 1 genome record [================================================] 100% 1/1
Downloading: /sciclone/home/tdfelton/SUPERCOMPUTING/assignments/assignment_07/data/dog_reference/dog_reference.zip    778MB done
Validating package []
[1A[2K[1A[2K[1A[2KCollecting 1 genome record [================================================] 100% 1/1
Downloading: /sciclone/home/tdfelton/SUPERCOMPUTING/assignments/assignment_07/data/dog_reference/dog_reference.zip    778MB done
Validating package []
[1A[2K[1A[2K[1A[2KCollecting 1 genome record [================================================] 100% 1/1
Downloading: /sciclone/home/tdfelton/SUPERCOMPUTING/assignments/assignment_07/data/dog_reference/dog_reference.zip    778MB done
Validating package []
[1A[2K[1A[2K[1A[2KCollecting 1 genome record [================================================] 100% 1/1
Downloading: /sciclone/home/tdfelton/SUPERCOMPUTING/assignments/assignment_07/data/dog_reference/dog_reference.zip    778MB done
Validating package []
[1A[2K[1A[2K[1A[2KCollecting 1 genome record [================================================] 100% 1/1
Downloading: /sciclone/home/tdfelton/SUPERCOMPUTING/assignments/assignment_07/data/dog_reference/dog_reference.zip    778MB done
Validating package []
[1A[2K[1A[2K[1A[2KCollecting 1 genome record [================================================] 100% 1/1
Downloading: /sciclone/home/tdfelton/SUPERCOMPUTING/assignments/assignment_07/data/dog_reference/dog_reference.zip    778MB done
Validating package []
[1A[2K[1A[2K[1A[2KCollecting 1 genome record [================================================] 100% 1/1
Downloading: /sciclone/home/tdfelton/SUPERCOMPUTING/assignments/assignment_07/data/dog_reference/dog_reference.zip    778MB done
Validating package []
[1A[2K[1A[2K[1A[2KCollecting 1 genome record [================================================] 100% 1/1
Downloading: /sciclone/home/tdfelton/SUPERCOMPUTING/assignments/assignment_07/data/dog_reference/dog_reference.zip    778MB done
Validating package []
[1A[2K[1A[2K[1A[2KCollecting 1 genome record [================================================] 100% 1/1
Downloading: /sciclone/home/tdfelton/SUPERCOMPUTING/assignments/assignment_07/data/dog_reference/dog_reference.zip    778MB done
Validating package []
[1A[2K[1A[2K[1A[2KCollecting 1 genome record [================================================] 100% 1/1
Downloading: /sciclone/home/tdfelton/SUPERCOMPUTING/assignments/assignment_07/data/dog_reference/dog_reference.zip    778MB done
Validating package []
[1A[2K[1A[2K[1A[2KCollecting 1 genome record [================================================] 100% 1/1
Downloading: /sciclone/home/tdfelton/SUPERCOMPUTING/assignments/assignment_07/data/dog_reference/dog_reference.zip    778MB done
Validating package []
[1A[2K[1A[2K[1A[2KCollecting 1 genome record [================================================] 100% 1/1
Downloading: /sciclone/home/tdfelton/SUPERCOMPUTING/assignments/assignment_07/data/dog_reference/dog_reference.zip    778MB done
Validating package []
[1A[2K[1A[2K[1A[2KCollecting 1 genome record [================================================] 100% 1/1
Downloading: /sciclone/home/tdfelton/SUPERCOMPUTING/assignments/assignment_07/data/dog_reference/dog_reference.zip    778MB done
Validating package []
[1A[2K[1A[2K[1A[2KCollecting 1 genome record [================================================] 100% 1/1
Downloading: /sciclone/home/tdfelton/SUPERCOMPUTING/assignments/assignment_07/data/dog_reference/dog_reference.zip    778MB done
Validating package []
[1A[2K[1A[2K[1A[2KCollecting 1 genome record [================================================] 100% 1/1
Downloading: /sciclone/home/tdfelton/SUPERCOMPUTING/assignments/assignment_07/data/dog_reference/dog_reference.zip    778MB done
Validating package []
[1A[2K[1A[2K[1A[2KCollecting 1 genome record [================================================] 100% 1/1
Downloading: /sciclone/home/tdfelton/SUPERCOMPUTING/assignments/assignment_07/data/dog_reference/dog_reference.zip    778MB done
Validating package []
[1A[2K[1A[2K[1A[2KCollecting 1 genome record [================================================] 100% 1/1
Downloading: /sciclone/home/tdfelton/SUPERCOMPUTING/assignments/assignment_07/data/dog_reference/dog_reference.zip    778MB done
Validating package []
[1A[2K[1A[2K[1A[2KCollecting 1 genome record [================================================] 100% 1/1
Downloading: /sciclone/home/tdfelton/SUPERCOMPUTING/assignments/assignment_07/data/dog_reference/dog_reference.zip    778MB done
Validating package []
[1A[2K[1A[2K[1A[2KCollecting 1 genome record [================================================] 100% 1/1
Downloading: /sciclone/home/tdfelton/SUPERCOMPUTING/assignments/assignment_07/data/dog_reference/dog_reference.zip    778MB done
Validating package []
[1A[2K[1A[2K[1A[2KCollecting 1 genome record [================================================] 100% 1/1
Downloading: /sciclone/home/tdfelton/SUPERCOMPUTING/assignments/assignment_07/data/dog_reference/dog_reference.zip    778MB done
Validating package []
[1A[2K[1A[2K[1A[2KCollecting 1 genome record [================================================] 100% 1/1
Downloading: /sciclone/home/tdfelton/SUPERCOMPUTING/assignments/assignment_07/data/dog_reference/dog_reference.zip    778MB done
Validating package []
[1A[2K[1A[2K[1A[2KCollecting 1 genome record [================================================] 100% 1/1
Downloading: /sciclone/home/tdfelton/SUPERCOMPUTING/assignments/assignment_07/data/dog_reference/dog_reference.zip    778MB done
Validating package []
[1A[2K[1A[2K[1A[2KCollecting 1 genome record [================================================] 100% 1/1
Downloading: /sciclone/home/tdfelton/SUPERCOMPUTING/assignments/assignment_07/data/dog_reference/dog_reference.zip    778MB done
Validating package []
[1A[2K[1A[2K[1A[2KCollecting 1 genome record [================================================] 100% 1/1
Downloading: /sciclone/home/tdfelton/SUPERCOMPUTING/assignments/assignment_07/data/dog_reference/dog_reference.zip    778MB done
Validating package []
[1A[2K[1A[2K[1A[2KCollecting 1 genome record [================================================] 100% 1/1
Downloading: /sciclone/home/tdfelton/SUPERCOMPUTING/assignments/assignment_07/data/dog_reference/dog_reference.zip    778MB done
Validating package []
[1A[2K[1A[2K[1A[2KCollecting 1 genome record [================================================] 100% 1/1
Downloading: /sciclone/home/tdfelton/SUPERCOMPUTING/assignments/assignment_07/data/dog_reference/dog_reference.zip    778MB done
Validating package []
[1A[2K[1A[2K[1A[2KCollecting 1 genome record [================================================] 100% 1/1
Downloading: /sciclone/home/tdfelton/SUPERCOMPUTING/assignments/assignment_07/data/dog_reference/dog_reference.zip    778MB done
Validating package []
[1A[2K[1A[2K[1A[2KCollecting 1 genome record [================================================] 100% 1/1
Downloading: /sciclone/home/tdfelton/SUPERCOMPUTING/assignments/assignment_07/data/dog_reference/dog_reference.zip    778MB done
Validating package []
[1A[2K[1A[2K[1A[2KCollecting 1 genome record [================================================] 100% 1/1
Downloading: /sciclone/home/tdfelton/SUPERCOMPUTING/assignments/assignment_07/data/dog_reference/dog_reference.zip    778MB done
Validating package []
[1A[2K[1A[2K[1A[2KCollecting 1 genome record [================================================] 100% 1/1
Downloading: /sciclone/home/tdfelton/SUPERCOMPUTING/assignments/assignment_07/data/dog_reference/dog_reference.zip    778MB done
Validating package []
[1A[2K[1A[2K[1A[2KCollecting 1 genome record [================================================] 100% 1/1
Downloading: /sciclone/home/tdfelton/SUPERCOMPUTING/assignments/assignment_07/data/dog_reference/dog_reference.zip    778MB done
Validating package []
[1A[2K[1A[2K[1A[2KCollecting 1 genome record [================================================] 100% 1/1
Downloading: /sciclone/home/tdfelton/SUPERCOMPUTING/assignments/assignment_07/data/dog_reference/dog_reference.zip    778MB done
Validating package []
[1A[2K[1A[2K[1A[2KCollecting 1 genome record [================================================] 100% 1/1
Downloading: /sciclone/home/tdfelton/SUPERCOMPUTING/assignments/assignment_07/data/dog_reference/dog_reference.zip    778MB done
Validating package []
[1A[2K[1A[2K[1A[2KCollecting 1 genome record [================================================] 100% 1/1
Downloading: /sciclone/home/tdfelton/SUPERCOMPUTING/assignments/assignment_07/data/dog_reference/dog_reference.zip    778MB done
Validating package []
[1A[2K[1A[2K[1A[2KCollecting 1 genome record [================================================] 100% 1/1
Downloading: /sciclone/home/tdfelton/SUPERCOMPUTING/assignments/assignment_07/data/dog_reference/dog_reference.zip    778MB done
Validating package []
[1A[2K[1A[2K[1A[2KCollecting 1 genome record [================================================] 100% 1/1
Downloading: /sciclone/home/tdfelton/SUPERCOMPUTING/assignments/assignment_07/data/dog_reference/dog_reference.zip    778MB done
Validating package []
[1A[2K[1A[2K[1A[2KCollecting 1 genome record [================================================] 100% 1/1
Downloading: /sciclone/home/tdfelton/SUPERCOMPUTING/assignments/assignment_07/data/dog_reference/dog_reference.zip    778MB done
Validating package []
[1A[2K[1A[2K[1A[2KCollecting 1 genome record [================================================] 100% 1/1
Downloading: /sciclone/home/tdfelton/SUPERCOMPUTING/assignments/assignment_07/data/dog_reference/dog_reference.zip    778MB done
Validating package []
[1A[2K[1A[2K[1A[2KCollecting 1 genome record [================================================] 100% 1/1
Downloading: /sciclone/home/tdfelton/SUPERCOMPUTING/assignments/assignment_07/data/dog_reference/dog_reference.zip    778MB done
Validating package []
[1A[2K[1A[2K[1A[2KCollecting 1 genome record [================================================] 100% 1/1
Downloading: /sciclone/home/tdfelton/SUPERCOMPUTING/assignments/assignment_07/data/dog_reference/dog_reference.zip    778MB done
Validating package []
[1A[2K[1A[2K[1A[2KCollecting 1 genome record [================================================] 100% 1/1
Downloading: /sciclone/home/tdfelton/SUPERCOMPUTING/assignments/assignment_07/data/dog_reference/dog_reference.zip    778MB done
Validating package []
[1A[2K[1A[2K[1A[2KCollecting 1 genome record [================================================] 100% 1/1
Downloading: /sciclone/home/tdfelton/SUPERCOMPUTING/assignments/assignment_07/data/dog_reference/dog_reference.zip    778MB done
Validating package []
[1A[2K[1A[2K[1A[2KCollecting 1 genome record [================================================] 100% 1/1
Downloading: /sciclone/home/tdfelton/SUPERCOMPUTING/assignments/assignment_07/data/dog_reference/dog_reference.zip    778MB done
Validating package []
[1A[2K[1A[2K[1A[2KCollecting 1 genome record [================================================] 100% 1/1
Downloading: /sciclone/home/tdfelton/SUPERCOMPUTING/assignments/assignment_07/data/dog_reference/dog_reference.zip    778MB done
Validating package []
[1A[2K[1A[2K[1A[2KCollecting 1 genome record [================================================] 100% 1/1
Downloading: /sciclone/home/tdfelton/SUPERCOMPUTING/assignments/assignment_07/data/dog_reference/dog_reference.zip    778MB done
Validating package []
[1A[2K[1A[2K[1A[2KCollecting 1 genome record [================================================] 100% 1/1
Downloading: /sciclone/home/tdfelton/SUPERCOMPUTING/assignments/assignment_07/data/dog_reference/dog_reference.zip    778MB done
Validating package []
[1A[2K[1A[2K[1A[2KCollecting 1 genome record [================================================] 100% 1/1
Downloading: /sciclone/home/tdfelton/SUPERCOMPUTING/assignments/assignment_07/data/dog_reference/dog_reference.zip    778MB done
Validating package []
[1A[2K[1A[2K[1A[2KCollecting 1 genome record [================================================] 100% 1/1
Downloading: /sciclone/home/tdfelton/SUPERCOMPUTING/assignments/assignment_07/data/dog_reference/dog_reference.zip    778MB done
Validating package []
[1A[2K[1A[2K[1A[2KCollecting 1 genome record [================================================] 100% 1/1
Downloading: /sciclone/home/tdfelton/SUPERCOMPUTING/assignments/assignment_07/data/dog_reference/dog_reference.zip    778MB done
Validating package []
[1A[2K[1A[2K[1A[2KCollecting 1 genome record [================================================] 100% 1/1
Downloading: /sciclone/home/tdfelton/SUPERCOMPUTING/assignments/assignment_07/data/dog_reference/dog_reference.zip    778MB done
Validating package []
[1A[2K[1A[2K[1A[2KCollecting 1 genome record [================================================] 100% 1/1
Downloading: /sciclone/home/tdfelton/SUPERCOMPUTING/assignments/assignment_07/data/dog_reference/dog_reference.zip    778MB done
Validating package []
[1A[2K[1A[2K[1A[2KCollecting 1 genome record [================================================] 100% 1/1
Downloading: /sciclone/home/tdfelton/SUPERCOMPUTING/assignments/assignment_07/data/dog_reference/dog_reference.zip    778MB done
Validating package []
[1A[2K[1A[2K[1A[2KCollecting 1 genome record [================================================] 100% 1/1
Downloading: /sciclone/home/tdfelton/SUPERCOMPUTING/assignments/assignment_07/data/dog_reference/dog_reference.zip    778MB done
Validating package []
[1A[2K[1A[2K[1A[2KCollecting 1 genome record [================================================] 100% 1/1
Downloading: /sciclone/home/tdfelton/SUPERCOMPUTING/assignments/assignment_07/data/dog_reference/dog_reference.zip    778MB done
Validating package []
[1A[2K[1A[2K[1A[2KCollecting 1 genome record [================================================] 100% 1/1
Downloading: /sciclone/home/tdfelton/SUPERCOMPUTING/assignments/assignment_07/data/dog_reference/dog_reference.zip    778MB done
Validating package []
[1A[2K[1A[2K[1A[2KCollecting 1 genome record [================================================] 100% 1/1
Downloading: /sciclone/home/tdfelton/SUPERCOMPUTING/assignments/assignment_07/data/dog_reference/dog_reference.zip    778MB done
Validating package []
[1A[2K[1A[2K[1A[2KCollecting 1 genome record [================================================] 100% 1/1
Downloading: /sciclone/home/tdfelton/SUPERCOMPUTING/assignments/assignment_07/data/dog_reference/dog_reference.zip    778MB done
Validating package []
[1A[2K[1A[2K[1A[2KCollecting 1 genome record [================================================] 100% 1/1
Downloading: /sciclone/home/tdfelton/SUPERCOMPUTING/assignments/assignment_07/data/dog_reference/dog_reference.zip    778MB done
Validating package []
[1A[2K[1A[2K[1A[2KCollecting 1 genome record [================================================] 100% 1/1
Downloading: /sciclone/home/tdfelton/SUPERCOMPUTING/assignments/assignment_07/data/dog_reference/dog_reference.zip    778MB done
Validating package []
[1A[2K[1A[2K[1A[2KCollecting 1 genome record [================================================] 100% 1/1
Downloading: /sciclone/home/tdfelton/SUPERCOMPUTING/assignments/assignment_07/data/dog_reference/dog_reference.zip    778MB done
Validating package []
[1A[2K[1A[2K[1A[2KCollecting 1 genome record [================================================] 100% 1/1
Downloading: /sciclone/home/tdfelton/SUPERCOMPUTING/assignments/assignment_07/data/dog_reference/dog_reference.zip    778MB done
Validating package []
[1A[2K[1A[2K[1A[2KCollecting 1 genome record [================================================] 100% 1/1
Downloading: /sciclone/home/tdfelton/SUPERCOMPUTING/assignments/assignment_07/data/dog_reference/dog_reference.zip    778MB done
Validating package []
[1A[2K[1A[2K[1A[2KCollecting 1 genome record [================================================] 100% 1/1
Downloading: /sciclone/home/tdfelton/SUPERCOMPUTING/assignments/assignment_07/data/dog_reference/dog_reference.zip    778MB done
Validating package []
[1A[2K[1A[2K[1A[2KCollecting 1 genome record [================================================] 100% 1/1
Downloading: /sciclone/home/tdfelton/SUPERCOMPUTING/assignments/assignment_07/data/dog_reference/dog_reference.zip    778MB done
Validating package []
[1A[2K[1A[2K[1A[2KCollecting 1 genome record [================================================] 100% 1/1
Downloading: /sciclone/home/tdfelton/SUPERCOMPUTING/assignments/assignment_07/data/dog_reference/dog_reference.zip    778MB done
Validating package []
[1A[2K[1A[2K[1A[2KCollecting 1 genome record [================================================] 100% 1/1
Downloading: /sciclone/home/tdfelton/SUPERCOMPUTING/assignments/assignment_07/data/dog_reference/dog_reference.zip    778MB done
Validating package []
[1A[2K[1A[2K[1A[2KCollecting 1 genome record [================================================] 100% 1/1
Downloading: /sciclone/home/tdfelton/SUPERCOMPUTING/assignments/assignment_07/data/dog_reference/dog_reference.zip    778MB done
Validating package []
[1A[2K[1A[2K[1A[2KCollecting 1 genome record [================================================] 100% 1/1
Downloading: /sciclone/home/tdfelton/SUPERCOMPUTING/assignments/assignment_07/data/dog_reference/dog_reference.zip    778MB done
Validating package []
[1A[2K[1A[2K[1A[2KCollecting 1 genome record [================================================] 100% 1/1
Downloading: /sciclone/home/tdfelton/SUPERCOMPUTING/assignments/assignment_07/data/dog_reference/dog_reference.zip    778MB done
Validating package []
[1A[2K[1A[2K[1A[2KCollecting 1 genome record [================================================] 100% 1/1
Downloading: /sciclone/home/tdfelton/SUPERCOMPUTING/assignments/assignment_07/data/dog_reference/dog_reference.zip    778MB done
Validating package []
[1A[2K[1A[2K[1A[2KCollecting 1 genome record [================================================] 100% 1/1
Downloading: /sciclone/home/tdfelton/SUPERCOMPUTING/assignments/assignment_07/data/dog_reference/dog_reference.zip    778MB done
Validating package []
[1A[2K[1A[2K[1A[2KCollecting 1 genome record [================================================] 100% 1/1
Downloading: /sciclone/home/tdfelton/SUPERCOMPUTING/assignments/assignment_07/data/dog_reference/dog_reference.zip    778MB done
Validating package []
[1A[2K[1A[2K[1A[2KCollecting 1 genome record [================================================] 100% 1/1
Downloading: /sciclone/home/tdfelton/SUPERCOMPUTING/assignments/assignment_07/data/dog_reference/dog_reference.zip    778MB done
Validating package []
[1A[2K[1A[2K[1A[2KCollecting 1 genome record [================================================] 100% 1/1
Downloading: /sciclone/home/tdfelton/SUPERCOMPUTING/assignments/assignment_07/data/dog_reference/dog_reference.zip    778MB done
Validating package []
[1A[2K[1A[2K[1A[2KCollecting 1 genome record [================================================] 100% 1/1
Downloading: /sciclone/home/tdfelton/SUPERCOMPUTING/assignments/assignment_07/data/dog_reference/dog_reference.zip    778MB done
Validating package []
[1A[2K[1A[2K[1A[2KCollecting 1 genome record [================================================] 100% 1/1
Downloading: /sciclone/home/tdfelton/SUPERCOMPUTING/assignments/assignment_07/data/dog_reference/dog_reference.zip    778MB done
Validating package []
[1A[2K[1A[2K[1A[2KCollecting 1 genome record [================================================] 100% 1/1
Downloading: /sciclone/home/tdfelton/SUPERCOMPUTING/assignments/assignment_07/data/dog_reference/dog_reference.zip    778MB done
Validating package []
[1A[2K[1A[2K[1A[2KCollecting 1 genome record [================================================] 100% 1/1
Downloading: /sciclone/home/tdfelton/SUPERCOMPUTING/assignments/assignment_07/data/dog_reference/dog_reference.zip    778MB done
Validating package []
[1A[2K[1A[2K[1A[2KCollecting 1 genome record [================================================] 100% 1/1
Downloading: /sciclone/home/tdfelton/SUPERCOMPUTING/assignments/assignment_07/data/dog_reference/dog_reference.zip    778MB done
Validating package []
[1A[2K[1A[2K[1A[2KCollecting 1 genome record [================================================] 100% 1/1
Downloading: /sciclone/home/tdfelton/SUPERCOMPUTING/assignments/assignment_07/data/dog_reference/dog_reference.zip    778MB done
Validating package []
[1A[2K[1A[2K[1A[2KCollecting 1 genome record [================================================] 100% 1/1
Downloading: /sciclone/home/tdfelton/SUPERCOMPUTING/assignments/assignment_07/data/dog_reference/dog_reference.zip    778MB done
Validating package []
[1A[2K[1A[2K[1A[2KCollecting 1 genome record [================================================] 100% 1/1
Downloading: /sciclone/home/tdfelton/SUPERCOMPUTING/assignments/assignment_07/data/dog_reference/dog_reference.zip    778MB done
Validating package []
[1A[2K[1A[2K[1A[2KCollecting 1 genome record [================================================] 100% 1/1
Downloading: /sciclone/home/tdfelton/SUPERCOMPUTING/assignments/assignment_07/data/dog_reference/dog_reference.zip    778MB done
Validating package []
[1A[2K[1A[2K[1A[2KCollecting 1 genome record [================================================] 100% 1/1
Downloading: /sciclone/home/tdfelton/SUPERCOMPUTING/assignments/assignment_07/data/dog_reference/dog_reference.zip    778MB done
Validating package []
[1A[2K[1A[2K[1A[2KCollecting 1 genome record [================================================] 100% 1/1
Downloading: /sciclone/home/tdfelton/SUPERCOMPUTING/assignments/assignment_07/data/dog_reference/dog_reference.zip    778MB done
Validating package []
[1A[2K[1A[2K[1A[2KCollecting 1 genome record [================================================] 100% 1/1
Downloading: /sciclone/home/tdfelton/SUPERCOMPUTING/assignments/assignment_07/data/dog_reference/dog_reference.zip    778MB done
Validating package []
[1A[2K[1A[2K[1A[2KCollecting 1 genome record [================================================] 100% 1/1
Downloading: /sciclone/home/tdfelton/SUPERCOMPUTING/assignments/assignment_07/data/dog_reference/dog_reference.zip    778MB done
Validating package []
[1A[2K[1A[2K[1A[2KCollecting 1 genome record [================================================] 100% 1/1
Downloading: /sciclone/home/tdfelton/SUPERCOMPUTING/assignments/assignment_07/data/dog_reference/dog_reference.zip    778MB done
Validating package []
[1A[2K[1A[2K[1A[2KCollecting 1 genome record [================================================] 100% 1/1
Downloading: /sciclone/home/tdfelton/SUPERCOMPUTING/assignments/assignment_07/data/dog_reference/dog_reference.zip    778MB done
Validating package []
[1A[2K[1A[2K[1A[2KCollecting 1 genome record [================================================] 100% 1/1
Downloading: /sciclone/home/tdfelton/SUPERCOMPUTING/assignments/assignment_07/data/dog_reference/dog_reference.zip    778MB done
Validating package []
[1A[2K[1A[2K[1A[2KCollecting 1 genome record [================================================] 100% 1/1
Downloading: /sciclone/home/tdfelton/SUPERCOMPUTING/assignments/assignment_07/data/dog_reference/dog_reference.zip    778MB done
Validating package []
[1A[2K[1A[2K[1A[2KCollecting 1 genome record [================================================] 100% 1/1
Downloading: /sciclone/home/tdfelton/SUPERCOMPUTING/assignments/assignment_07/data/dog_reference/dog_reference.zip    778MB done
Validating package []
[1A[2K[1A[2K[1A[2KCollecting 1 genome record [================================================] 100% 1/1
Downloading: /sciclone/home/tdfelton/SUPERCOMPUTING/assignments/assignment_07/data/dog_reference/dog_reference.zip    778MB done
Validating package []
[1A[2K[1A[2K[1A[2KCollecting 1 genome record [================================================] 100% 1/1
Downloading: /sciclone/home/tdfelton/SUPERCOMPUTING/assignments/assignment_07/data/dog_reference/dog_reference.zip    778MB done
Validating package []
[1A[2K[1A[2K[1A[2KCollecting 1 genome record [================================================] 100% 1/1
Downloading: /sciclone/home/tdfelton/SUPERCOMPUTING/assignments/assignment_07/data/dog_reference/dog_reference.zip    778MB done
Validating package []
[1A[2K[1A[2K[1A[2KCollecting 1 genome record [================================================] 100% 1/1
Downloading: /sciclone/home/tdfelton/SUPERCOMPUTING/assignments/assignment_07/data/dog_reference/dog_reference.zip    778MB done
Validating package []
[1A[2K[1A[2K[1A[2KCollecting 1 genome record [================================================] 100% 1/1
Downloading: /sciclone/home/tdfelton/SUPERCOMPUTING/assignments/assignment_07/data/dog_reference/dog_reference.zip    778MB done
Validating package []
[1A[2K[1A[2K[1A[2KCollecting 1 genome record [================================================] 100% 1/1
Downloading: /sciclone/home/tdfelton/SUPERCOMPUTING/assignments/assignment_07/data/dog_reference/dog_reference.zip    778MB done
Validating package []
[1A[2K[1A[2K[1A[2KCollecting 1 genome record [================================================] 100% 1/1
Downloading: /sciclone/home/tdfelton/SUPERCOMPUTING/assignments/assignment_07/data/dog_reference/dog_reference.zip    778MB done
Validating package []
[1A[2K[1A[2K[1A[2KCollecting 1 genome record [================================================] 100% 1/1
Downloading: /sciclone/home/tdfelton/SUPERCOMPUTING/assignments/assignment_07/data/dog_reference/dog_reference.zip    778MB done
Validating package []
[1A[2K[1A[2K[1A[2KCollecting 1 genome record [================================================] 100% 1/1
Downloading: /sciclone/home/tdfelton/SUPERCOMPUTING/assignments/assignment_07/data/dog_reference/dog_reference.zip    778MB done
Validating package []
[1A[2K[1A[2K[1A[2KCollecting 1 genome record [================================================] 100% 1/1
Downloading: /sciclone/home/tdfelton/SUPERCOMPUTING/assignments/assignment_07/data/dog_reference/dog_reference.zip    778MB done
Validating package []
[1A[2K[1A[2K[1A[2KCollecting 1 genome record [================================================] 100% 1/1
Downloading: /sciclone/home/tdfelton/SUPERCOMPUTING/assignments/assignment_07/data/dog_reference/dog_reference.zip    778MB done
Validating package []
[1A[2K[1A[2K[1A[2KCollecting 1 genome record [================================================] 100% 1/1
Downloading: /sciclone/home/tdfelton/SUPERCOMPUTING/assignments/assignment_07/data/dog_reference/dog_reference.zip    778MB done
Validating package []
[1A[2K[1A[2K[1A[2KCollecting 1 genome record [================================================] 100% 1/1
Downloading: /sciclone/home/tdfelton/SUPERCOMPUTING/assignments/assignment_07/data/dog_reference/dog_reference.zip    778MB done
Validating package []
[1A[2K[1A[2K[1A[2KCollecting 1 genome record [================================================] 100% 1/1
Downloading: /sciclone/home/tdfelton/SUPERCOMPUTING/assignments/assignment_07/data/dog_reference/dog_reference.zip    778MB done
Validating package []
[1A[2K[1A[2K[1A[2KCollecting 1 genome record [================================================] 100% 1/1
Downloading: /sciclone/home/tdfelton/SUPERCOMPUTING/assignments/assignment_07/data/dog_reference/dog_reference.zip    778MB done
Validating package []
[1A[2K[1A[2K[1A[2KCollecting 1 genome record [================================================] 100% 1/1
Downloading: /sciclone/home/tdfelton/SUPERCOMPUTING/assignments/assignment_07/data/dog_reference/dog_reference.zip    778MB done
Validating package []
[1A[2K[1A[2K[1A[2KCollecting 1 genome record [================================================] 100% 1/1
Downloading: /sciclone/home/tdfelton/SUPERCOMPUTING/assignments/assignment_07/data/dog_reference/dog_reference.zip    778MB done
Validating package []
[1A[2K[1A[2K[1A[2KCollecting 1 genome record [================================================] 100% 1/1
Downloading: /sciclone/home/tdfelton/SUPERCOMPUTING/assignments/assignment_07/data/dog_reference/dog_reference.zip    778MB done
Validating package []
[1A[2K[1A[2K[1A[2KCollecting 1 genome record [================================================] 100% 1/1
Downloading: /sciclone/home/tdfelton/SUPERCOMPUTING/assignments/assignment_07/data/dog_reference/dog_reference.zip    778MB done
Validating package []
[1A[2K[1A[2K[1A[2KCollecting 1 genome record [================================================] 100% 1/1
Downloading: /sciclone/home/tdfelton/SUPERCOMPUTING/assignments/assignment_07/data/dog_reference/dog_reference.zip    778MB done
Validating package []
[1A[2K[1A[2K[1A[2KCollecting 1 genome record [================================================] 100% 1/1
Downloading: /sciclone/home/tdfelton/SUPERCOMPUTING/assignments/assignment_07/data/dog_reference/dog_reference.zip    778MB done
Validating package []
[1A[2K[1A[2K[1A[2KCollecting 1 genome record [================================================] 100% 1/1
Downloading: /sciclone/home/tdfelton/SUPERCOMPUTING/assignments/assignment_07/data/dog_reference/dog_reference.zip    778MB done
Validating package []
[1A[2K[1A[2K[1A[2KCollecting 1 genome record [================================================] 100% 1/1
Downloading: /sciclone/home/tdfelton/SUPERCOMPUTING/assignments/assignment_07/data/dog_reference/dog_reference.zip    778MB done
Validating package []
[1A[2K[1A[2K[1A[2KCollecting 1 genome record [================================================] 100% 1/1
Downloading: /sciclone/home/tdfelton/SUPERCOMPUTING/assignments/assignment_07/data/dog_reference/dog_reference.zip    778MB done
Validating package []
[1A[2K[1A[2K[1A[2KCollecting 1 genome record [================================================] 100% 1/1
Downloading: /sciclone/home/tdfelton/SUPERCOMPUTING/assignments/assignment_07/data/dog_reference/dog_reference.zip    778MB done
Validating package []
[1A[2K[1A[2K[1A[2KCollecting 1 genome record [================================================] 100% 1/1
Downloading: /sciclone/home/tdfelton/SUPERCOMPUTING/assignments/assignment_07/data/dog_reference/dog_reference.zip    778MB done
Validating package []
[1A[2K[1A[2K[1A[2KCollecting 1 genome record [================================================] 100% 1/1
Downloading: /sciclone/home/tdfelton/SUPERCOMPUTING/assignments/assignment_07/data/dog_reference/dog_reference.zip    778MB done
Validating package []
[1A[2K[1A[2K[1A[2KCollecting 1 genome record [================================================] 100% 1/1
Downloading: /sciclone/home/tdfelton/SUPERCOMPUTING/assignments/assignment_07/data/dog_reference/dog_reference.zip    778MB done
Validating package []
[1A[2K[1A[2K[1A[2KCollecting 1 genome record [================================================] 100% 1/1
Downloading: /sciclone/home/tdfelton/SUPERCOMPUTING/assignments/assignment_07/data/dog_reference/dog_reference.zip    778MB done
Validating package []
[1A[2K[1A[2K[1A[2KCollecting 1 genome record [================================================] 100% 1/1
Downloading: /sciclone/home/tdfelton/SUPERCOMPUTING/assignments/assignment_07/data/dog_reference/dog_reference.zip    778MB done
Validating package []
[1A[2K[1A[2K[1A[2KCollecting 1 genome record [================================================] 100% 1/1
Downloading: /sciclone/home/tdfelton/SUPERCOMPUTING/assignments/assignment_07/data/dog_reference/dog_reference.zip    778MB done
Validating package []
[1A[2K[1A[2K[1A[2KCollecting 1 genome record [================================================] 100% 1/1
Downloading: /sciclone/home/tdfelton/SUPERCOMPUTING/assignments/assignment_07/data/dog_reference/dog_reference.zip    778MB done
Validating package []
[1A[2K[1A[2K[1A[2KCollecting 1 genome record [================================================] 100% 1/1
Downloading: /sciclone/home/tdfelton/SUPERCOMPUTING/assignments/assignment_07/data/dog_reference/dog_reference.zip    778MB done
Validating package []
[1A[2K[1A[2K[1A[2KCollecting 1 genome record [================================================] 100% 1/1
Downloading: /sciclone/home/tdfelton/SUPERCOMPUTING/assignments/assignment_07/data/dog_reference/dog_reference.zip    778MB done
Validating package []
[1A[2K[1A[2K[1A[2KCollecting 1 genome record [================================================] 100% 1/1
Downloading: /sciclone/home/tdfelton/SUPERCOMPUTING/assignments/assignment_07/data/dog_reference/dog_reference.zip    778MB done
Validating package []
[1A[2K[1A[2K[1A[2KCollecting 1 genome record [================================================] 100% 1/1
Downloading: /sciclone/home/tdfelton/SUPERCOMPUTING/assignments/assignment_07/data/dog_reference/dog_reference.zip    778MB done
Validating package []
[1A[2K[1A[2K[1A[2KCollecting 1 genome record [================================================] 100% 1/1
Downloading: /sciclone/home/tdfelton/SUPERCOMPUTING/assignments/assignment_07/data/dog_reference/dog_reference.zip    778MB done
Validating package []
[1A[2K[1A[2K[1A[2KCollecting 1 genome record [================================================] 100% 1/1
Downloading: /sciclone/home/tdfelton/SUPERCOMPUTING/assignments/assignment_07/data/dog_reference/dog_reference.zip    778MB done
Validating package []
[1A[2K[1A[2K[1A[2KCollecting 1 genome record [================================================] 100% 1/1
Downloading: /sciclone/home/tdfelton/SUPERCOMPUTING/assignments/assignment_07/data/dog_reference/dog_reference.zip    778MB done
Validating package []
[1A[2K[1A[2K[1A[2KCollecting 1 genome record [================================================] 100% 1/1
Downloading: /sciclone/home/tdfelton/SUPERCOMPUTING/assignments/assignment_07/data/dog_reference/dog_reference.zip    778MB done
Validating package []
[1A[2K[1A[2K[1A[2KCollecting 1 genome record [================================================] 100% 1/1
Downloading: /sciclone/home/tdfelton/SUPERCOMPUTING/assignments/assignment_07/data/dog_reference/dog_reference.zip    778MB done
Validating package []
[1A[2K[1A[2K[1A[2KCollecting 1 genome record [================================================] 100% 1/1
Downloading: /sciclone/home/tdfelton/SUPERCOMPUTING/assignments/assignment_07/data/dog_reference/dog_reference.zip    778MB done
Validating package []
[1A[2K[1A[2K[1A[2KCollecting 1 genome record [================================================] 100% 1/1
Downloading: /sciclone/home/tdfelton/SUPERCOMPUTING/assignments/assignment_07/data/dog_reference/dog_reference.zip    778MB done
Validating package []
[1A[2K[1A[2K[1A[2KCollecting 1 genome record [================================================] 100% 1/1
Downloading: /sciclone/home/tdfelton/SUPERCOMPUTING/assignments/assignment_07/data/dog_reference/dog_reference.zip    778MB done
Validating package []
[1A[2K[1A[2K[1A[2KCollecting 1 genome record [================================================] 100% 1/1
Downloading: /sciclone/home/tdfelton/SUPERCOMPUTING/assignments/assignment_07/data/dog_reference/dog_reference.zip    778MB done
Validating package []
[1A[2K[1A[2K[1A[2KCollecting 1 genome record [================================================] 100% 1/1
Downloading: /sciclone/home/tdfelton/SUPERCOMPUTING/assignments/assignment_07/data/dog_reference/dog_reference.zip    778MB done
Validating package []
[1A[2K[1A[2K[1A[2KCollecting 1 genome record [================================================] 100% 1/1
Downloading: /sciclone/home/tdfelton/SUPERCOMPUTING/assignments/assignment_07/data/dog_reference/dog_reference.zip    778MB done
Validating package []
[1A[2K[1A[2K[1A[2KCollecting 1 genome record [================================================] 100% 1/1
Downloading: /sciclone/home/tdfelton/SUPERCOMPUTING/assignments/assignment_07/data/dog_reference/dog_reference.zip    778MB done
Validating package []
[1A[2K[1A[2K[1A[2KCollecting 1 genome record [================================================] 100% 1/1
Downloading: /sciclone/home/tdfelton/SUPERCOMPUTING/assignments/assignment_07/data/dog_reference/dog_reference.zip    778MB done
Validating package []
[1A[2K[1A[2K[1A[2KCollecting 1 genome record [================================================] 100% 1/1
Downloading: /sciclone/home/tdfelton/SUPERCOMPUTING/assignments/assignment_07/data/dog_reference/dog_reference.zip    778MB done
Validating package []
[1A[2K[1A[2K[1A[2KCollecting 1 genome record [================================================] 100% 1/1
Downloading: /sciclone/home/tdfelton/SUPERCOMPUTING/assignments/assignment_07/data/dog_reference/dog_reference.zip    778MB done
Validating package []
[1A[2K[1A[2K[1A[2KCollecting 1 genome record [================================================] 100% 1/1
Downloading: /sciclone/home/tdfelton/SUPERCOMPUTING/assignments/assignment_07/data/dog_reference/dog_reference.zip    778MB done
Validating package []
[1A[2K[1A[2K[1A[2KCollecting 1 genome record [================================================] 100% 1/1
Downloading: /sciclone/home/tdfelton/SUPERCOMPUTING/assignments/assignment_07/data/dog_reference/dog_reference.zip    778MB done
Validating package []
[1A[2K[1A[2K[1A[2KCollecting 1 genome record [================================================] 100% 1/1
Downloading: /sciclone/home/tdfelton/SUPERCOMPUTING/assignments/assignment_07/data/dog_reference/dog_reference.zip    778MB done
Validating package files [==================>-----------------------------]  40% 2/5
[1A[2K[1A[2K[1A[2KCollecting 1 genome record [================================================] 100% 1/1
Downloading: /sciclone/home/tdfelton/SUPERCOMPUTING/assignments/assignment_07/data/dog_reference/dog_reference.zip    778MB done
Validating package files [==================>-----------------------------]  40% 2/5
[1A[2K[1A[2K[1A[2KCollecting 1 genome record [================================================] 100% 1/1
Downloading: /sciclone/home/tdfelton/SUPERCOMPUTING/assignments/assignment_07/data/dog_reference/dog_reference.zip    778MB done
Validating package files [==================>-----------------------------]  40% 2/5
[1A[2K[1A[2K[1A[2KCollecting 1 genome record [================================================] 100% 1/1
Downloading: /sciclone/home/tdfelton/SUPERCOMPUTING/assignments/assignment_07/data/dog_reference/dog_reference.zip    778MB done
Validating package files [==================>-----------------------------]  40% 2/5
[1A[2K[1A[2K[1A[2KCollecting 1 genome record [================================================] 100% 1/1
Downloading: /sciclone/home/tdfelton/SUPERCOMPUTING/assignments/assignment_07/data/dog_reference/dog_reference.zip    778MB done
Validating package files [==================>-----------------------------]  40% 2/5
[1A[2K[1A[2K[1A[2KCollecting 1 genome record [================================================] 100% 1/1
Downloading: /sciclone/home/tdfelton/SUPERCOMPUTING/assignments/assignment_07/data/dog_reference/dog_reference.zip    778MB done
Validating package files [==================>-----------------------------]  40% 2/5
[1A[2K[1A[2K[1A[2KCollecting 1 genome record [================================================] 100% 1/1
Downloading: /sciclone/home/tdfelton/SUPERCOMPUTING/assignments/assignment_07/data/dog_reference/dog_reference.zip    778MB done
Validating package files [==================>-----------------------------]  40% 2/5
[1A[2K[1A[2K[1A[2KCollecting 1 genome record [================================================] 100% 1/1
Downloading: /sciclone/home/tdfelton/SUPERCOMPUTING/assignments/assignment_07/data/dog_reference/dog_reference.zip    778MB done
Validating package files [==================>-----------------------------]  40% 2/5
[1A[2K[1A[2K[1A[2KCollecting 1 genome record [================================================] 100% 1/1
Downloading: /sciclone/home/tdfelton/SUPERCOMPUTING/assignments/assignment_07/data/dog_reference/dog_reference.zip    778MB done
Validating package files [==================>-----------------------------]  40% 2/5
[1A[2K[1A[2K[1A[2KCollecting 1 genome record [================================================] 100% 1/1
Downloading: /sciclone/home/tdfelton/SUPERCOMPUTING/assignments/assignment_07/data/dog_reference/dog_reference.zip    778MB done
Validating package files [==================>-----------------------------]  40% 2/5
[1A[2K[1A[2K[1A[2KCollecting 1 genome record [================================================] 100% 1/1
Downloading: /sciclone/home/tdfelton/SUPERCOMPUTING/assignments/assignment_07/data/dog_reference/dog_reference.zip    778MB done
Validating package files [==================>-----------------------------]  40% 2/5
[1A[2K[1A[2K[1A[2KCollecting 1 genome record [================================================] 100% 1/1
Downloading: /sciclone/home/tdfelton/SUPERCOMPUTING/assignments/assignment_07/data/dog_reference/dog_reference.zip    778MB done
Validating package files [==================>-----------------------------]  40% 2/5
[1A[2K[1A[2K[1A[2KCollecting 1 genome record [================================================] 100% 1/1
Downloading: /sciclone/home/tdfelton/SUPERCOMPUTING/assignments/assignment_07/data/dog_reference/dog_reference.zip    778MB done
Validating package files [==================>-----------------------------]  40% 2/5
[1A[2K[1A[2K[1A[2KCollecting 1 genome record [================================================] 100% 1/1
Downloading: /sciclone/home/tdfelton/SUPERCOMPUTING/assignments/assignment_07/data/dog_reference/dog_reference.zip    778MB done
Validating package files [==================>-----------------------------]  40% 2/5
[1A[2K[1A[2K[1A[2KCollecting 1 genome record [================================================] 100% 1/1
Downloading: /sciclone/home/tdfelton/SUPERCOMPUTING/assignments/assignment_07/data/dog_reference/dog_reference.zip    778MB done
Validating package files [==================>-----------------------------]  40% 2/5
[1A[2K[1A[2K[1A[2KCollecting 1 genome record [================================================] 100% 1/1
Downloading: /sciclone/home/tdfelton/SUPERCOMPUTING/assignments/assignment_07/data/dog_reference/dog_reference.zip    778MB done
Validating package files [==================>-----------------------------]  40% 2/5
[1A[2K[1A[2K[1A[2KCollecting 1 genome record [================================================] 100% 1/1
Downloading: /sciclone/home/tdfelton/SUPERCOMPUTING/assignments/assignment_07/data/dog_reference/dog_reference.zip    778MB done
Validating package files [==================>-----------------------------]  40% 2/5
[1A[2K[1A[2K[1A[2KCollecting 1 genome record [================================================] 100% 1/1
Downloading: /sciclone/home/tdfelton/SUPERCOMPUTING/assignments/assignment_07/data/dog_reference/dog_reference.zip    778MB done
Validating package files [==================>-----------------------------]  40% 2/5
[1A[2K[1A[2K[1A[2KCollecting 1 genome record [================================================] 100% 1/1
Downloading: /sciclone/home/tdfelton/SUPERCOMPUTING/assignments/assignment_07/data/dog_reference/dog_reference.zip    778MB done
Validating package files [==================>-----------------------------]  40% 2/5
[1A[2K[1A[2K[1A[2KCollecting 1 genome record [================================================] 100% 1/1
Downloading: /sciclone/home/tdfelton/SUPERCOMPUTING/assignments/assignment_07/data/dog_reference/dog_reference.zip    778MB done
Validating package files [==================>-----------------------------]  40% 2/5
[1A[2K[1A[2K[1A[2KCollecting 1 genome record [================================================] 100% 1/1
Downloading: /sciclone/home/tdfelton/SUPERCOMPUTING/assignments/assignment_07/data/dog_reference/dog_reference.zip    778MB done
Validating package files [==================>-----------------------------]  40% 2/5
[1A[2K[1A[2K[1A[2KCollecting 1 genome record [================================================] 100% 1/1
Downloading: /sciclone/home/tdfelton/SUPERCOMPUTING/assignments/assignment_07/data/dog_reference/dog_reference.zip    778MB done
Validating package files [==================>-----------------------------]  40% 2/5
[1A[2K[1A[2K[1A[2KCollecting 1 genome record [================================================] 100% 1/1
Downloading: /sciclone/home/tdfelton/SUPERCOMPUTING/assignments/assignment_07/data/dog_reference/dog_reference.zip    778MB done
Validating package files [==================>-----------------------------]  40% 2/5
[1A[2K[1A[2K[1A[2KCollecting 1 genome record [================================================] 100% 1/1
Downloading: /sciclone/home/tdfelton/SUPERCOMPUTING/assignments/assignment_07/data/dog_reference/dog_reference.zip    778MB done
Validating package files [==================>-----------------------------]  40% 2/5
[1A[2K[1A[2K[1A[2KCollecting 1 genome record [================================================] 100% 1/1
Downloading: /sciclone/home/tdfelton/SUPERCOMPUTING/assignments/assignment_07/data/dog_reference/dog_reference.zip    778MB done
Validating package files [==================>-----------------------------]  40% 2/5
[1A[2K[1A[2K[1A[2KCollecting 1 genome record [================================================] 100% 1/1
Downloading: /sciclone/home/tdfelton/SUPERCOMPUTING/assignments/assignment_07/data/dog_reference/dog_reference.zip    778MB done
Validating package files [==================>-----------------------------]  40% 2/5
[1A[2K[1A[2K[1A[2KCollecting 1 genome record [================================================] 100% 1/1
Downloading: /sciclone/home/tdfelton/SUPERCOMPUTING/assignments/assignment_07/data/dog_reference/dog_reference.zip    778MB done
Validating package files [==================>-----------------------------]  40% 2/5
[1A[2K[1A[2K[1A[2KCollecting 1 genome record [================================================] 100% 1/1
Downloading: /sciclone/home/tdfelton/SUPERCOMPUTING/assignments/assignment_07/data/dog_reference/dog_reference.zip    778MB done
Validating package files [==================>-----------------------------]  40% 2/5
[1A[2K[1A[2K[1A[2KCollecting 1 genome record [================================================] 100% 1/1
Downloading: /sciclone/home/tdfelton/SUPERCOMPUTING/assignments/assignment_07/data/dog_reference/dog_reference.zip    778MB done
Validating package files [==================>-----------------------------]  40% 2/5
[1A[2K[1A[2K[1A[2KCollecting 1 genome record [================================================] 100% 1/1
Downloading: /sciclone/home/tdfelton/SUPERCOMPUTING/assignments/assignment_07/data/dog_reference/dog_reference.zip    778MB done
Validating package files [==================>-----------------------------]  40% 2/5
[1A[2K[1A[2K[1A[2KCollecting 1 genome record [================================================] 100% 1/1
Downloading: /sciclone/home/tdfelton/SUPERCOMPUTING/assignments/assignment_07/data/dog_reference/dog_reference.zip    778MB done
Validating package files [==================>-----------------------------]  40% 2/5
[1A[2K[1A[2K[1A[2KCollecting 1 genome record [================================================] 100% 1/1
Downloading: /sciclone/home/tdfelton/SUPERCOMPUTING/assignments/assignment_07/data/dog_reference/dog_reference.zip    778MB done
Validating package files [==================>-----------------------------]  40% 2/5
[1A[2K[1A[2K[1A[2KCollecting 1 genome record [================================================] 100% 1/1
Downloading: /sciclone/home/tdfelton/SUPERCOMPUTING/assignments/assignment_07/data/dog_reference/dog_reference.zip    778MB done
Validating package files [==================>-----------------------------]  40% 2/5
[1A[2K[1A[2K[1A[2KCollecting 1 genome record [================================================] 100% 1/1
Downloading: /sciclone/home/tdfelton/SUPERCOMPUTING/assignments/assignment_07/data/dog_reference/dog_reference.zip    778MB done
Validating package files [==================>-----------------------------]  40% 2/5
[1A[2K[1A[2K[1A[2KCollecting 1 genome record [================================================] 100% 1/1
Downloading: /sciclone/home/tdfelton/SUPERCOMPUTING/assignments/assignment_07/data/dog_reference/dog_reference.zip    778MB done
Validating package files [==================>-----------------------------]  40% 2/5
[1A[2K[1A[2K[1A[2KCollecting 1 genome record [================================================] 100% 1/1
Downloading: /sciclone/home/tdfelton/SUPERCOMPUTING/assignments/assignment_07/data/dog_reference/dog_reference.zip    778MB done
Validating package files [==================>-----------------------------]  40% 2/5
[1A[2K[1A[2K[1A[2KCollecting 1 genome record [================================================] 100% 1/1
Downloading: /sciclone/home/tdfelton/SUPERCOMPUTING/assignments/assignment_07/data/dog_reference/dog_reference.zip    778MB done
Validating package files [==================>-----------------------------]  40% 2/5
[1A[2K[1A[2K[1A[2KCollecting 1 genome record [================================================] 100% 1/1
Downloading: /sciclone/home/tdfelton/SUPERCOMPUTING/assignments/assignment_07/data/dog_reference/dog_reference.zip    778MB done
Validating package files [==================>-----------------------------]  40% 2/5
[1A[2K[1A[2K[1A[2KCollecting 1 genome record [================================================] 100% 1/1
Downloading: /sciclone/home/tdfelton/SUPERCOMPUTING/assignments/assignment_07/data/dog_reference/dog_reference.zip    778MB done
Validating package files [==================>-----------------------------]  40% 2/5
[1A[2K[1A[2K[1A[2KCollecting 1 genome record [================================================] 100% 1/1
Downloading: /sciclone/home/tdfelton/SUPERCOMPUTING/assignments/assignment_07/data/dog_reference/dog_reference.zip    778MB done
Validating package files [==================>-----------------------------]  40% 2/5
[1A[2K[1A[2K[1A[2KCollecting 1 genome record [================================================] 100% 1/1
Downloading: /sciclone/home/tdfelton/SUPERCOMPUTING/assignments/assignment_07/data/dog_reference/dog_reference.zip    778MB done
Validating package files [==================>-----------------------------]  40% 2/5
[1A[2K[1A[2K[1A[2KCollecting 1 genome record [================================================] 100% 1/1
Downloading: /sciclone/home/tdfelton/SUPERCOMPUTING/assignments/assignment_07/data/dog_reference/dog_reference.zip    778MB done
Validating package files [==================>-----------------------------]  40% 2/5
[1A[2K[1A[2K[1A[2KCollecting 1 genome record [================================================] 100% 1/1
Downloading: /sciclone/home/tdfelton/SUPERCOMPUTING/assignments/assignment_07/data/dog_reference/dog_reference.zip    778MB done
Validating package files [==================>-----------------------------]  40% 2/5
[1A[2K[1A[2K[1A[2KCollecting 1 genome record [================================================] 100% 1/1
Downloading: /sciclone/home/tdfelton/SUPERCOMPUTING/assignments/assignment_07/data/dog_reference/dog_reference.zip    778MB done
Validating package files [==================>-----------------------------]  40% 2/5
[1A[2K[1A[2K[1A[2KCollecting 1 genome record [================================================] 100% 1/1
Downloading: /sciclone/home/tdfelton/SUPERCOMPUTING/assignments/assignment_07/data/dog_reference/dog_reference.zip    778MB done
Validating package files [==================>-----------------------------]  40% 2/5
[1A[2K[1A[2K[1A[2KCollecting 1 genome record [================================================] 100% 1/1
Downloading: /sciclone/home/tdfelton/SUPERCOMPUTING/assignments/assignment_07/data/dog_reference/dog_reference.zip    778MB done
Validating package files [==================>-----------------------------]  40% 2/5
[1A[2K[1A[2K[1A[2KCollecting 1 genome record [================================================] 100% 1/1
Downloading: /sciclone/home/tdfelton/SUPERCOMPUTING/assignments/assignment_07/data/dog_reference/dog_reference.zip    778MB done
Validating package files [==================>-----------------------------]  40% 2/5
[1A[2K[1A[2K[1A[2KCollecting 1 genome record [================================================] 100% 1/1
Downloading: /sciclone/home/tdfelton/SUPERCOMPUTING/assignments/assignment_07/data/dog_reference/dog_reference.zip    778MB done
Validating package files [==================>-----------------------------]  40% 2/5
[1A[2K[1A[2K[1A[2KCollecting 1 genome record [================================================] 100% 1/1
Downloading: /sciclone/home/tdfelton/SUPERCOMPUTING/assignments/assignment_07/data/dog_reference/dog_reference.zip    778MB done
Validating package files [==================>-----------------------------]  40% 2/5
[1A[2K[1A[2K[1A[2KCollecting 1 genome record [================================================] 100% 1/1
Downloading: /sciclone/home/tdfelton/SUPERCOMPUTING/assignments/assignment_07/data/dog_reference/dog_reference.zip    778MB done
Validating package files [==================>-----------------------------]  40% 2/5
[1A[2K[1A[2K[1A[2KCollecting 1 genome record [================================================] 100% 1/1
Downloading: /sciclone/home/tdfelton/SUPERCOMPUTING/assignments/assignment_07/data/dog_reference/dog_reference.zip    778MB done
Validating package files [==================>-----------------------------]  40% 2/5
[1A[2K[1A[2K[1A[2KCollecting 1 genome record [================================================] 100% 1/1
Downloading: /sciclone/home/tdfelton/SUPERCOMPUTING/assignments/assignment_07/data/dog_reference/dog_reference.zip    778MB done
Validating package files [==================>-----------------------------]  40% 2/5
[1A[2K[1A[2K[1A[2KCollecting 1 genome record [================================================] 100% 1/1
Downloading: /sciclone/home/tdfelton/SUPERCOMPUTING/assignments/assignment_07/data/dog_reference/dog_reference.zip    778MB done
Validating package files [==================>-----------------------------]  40% 2/5
[1A[2K[1A[2K[1A[2KCollecting 1 genome record [================================================] 100% 1/1
Downloading: /sciclone/home/tdfelton/SUPERCOMPUTING/assignments/assignment_07/data/dog_reference/dog_reference.zip    778MB done
Validating package files [==================>-----------------------------]  40% 2/5
[1A[2K[1A[2K[1A[2KCollecting 1 genome record [================================================] 100% 1/1
Downloading: /sciclone/home/tdfelton/SUPERCOMPUTING/assignments/assignment_07/data/dog_reference/dog_reference.zip    778MB done
Validating package files [==================>-----------------------------]  40% 2/5
[1A[2K[1A[2K[1A[2KCollecting 1 genome record [================================================] 100% 1/1
Downloading: /sciclone/home/tdfelton/SUPERCOMPUTING/assignments/assignment_07/data/dog_reference/dog_reference.zip    778MB done
Validating package files [==================>-----------------------------]  40% 2/5
[1A[2K[1A[2K[1A[2KCollecting 1 genome record [================================================] 100% 1/1
Downloading: /sciclone/home/tdfelton/SUPERCOMPUTING/assignments/assignment_07/data/dog_reference/dog_reference.zip    778MB done
Validating package files [==================>-----------------------------]  40% 2/5
[1A[2K[1A[2K[1A[2KCollecting 1 genome record [================================================] 100% 1/1
Downloading: /sciclone/home/tdfelton/SUPERCOMPUTING/assignments/assignment_07/data/dog_reference/dog_reference.zip    778MB done
Validating package files [==================>-----------------------------]  40% 2/5
[1A[2K[1A[2K[1A[2KCollecting 1 genome record [================================================] 100% 1/1
Downloading: /sciclone/home/tdfelton/SUPERCOMPUTING/assignments/assignment_07/data/dog_reference/dog_reference.zip    778MB done
Validating package files [==================>-----------------------------]  40% 2/5
[1A[2K[1A[2K[1A[2KCollecting 1 genome record [================================================] 100% 1/1
Downloading: /sciclone/home/tdfelton/SUPERCOMPUTING/assignments/assignment_07/data/dog_reference/dog_reference.zip    778MB done
Validating package files [==================>-----------------------------]  40% 2/5
[1A[2K[1A[2K[1A[2KCollecting 1 genome record [================================================] 100% 1/1
Downloading: /sciclone/home/tdfelton/SUPERCOMPUTING/assignments/assignment_07/data/dog_reference/dog_reference.zip    778MB done
Validating package files [==================>-----------------------------]  40% 2/5
[1A[2K[1A[2K[1A[2KCollecting 1 genome record [================================================] 100% 1/1
Downloading: /sciclone/home/tdfelton/SUPERCOMPUTING/assignments/assignment_07/data/dog_reference/dog_reference.zip    778MB done
Validating package files [==================>-----------------------------]  40% 2/5
[1A[2K[1A[2K[1A[2KCollecting 1 genome record [================================================] 100% 1/1
Downloading: /sciclone/home/tdfelton/SUPERCOMPUTING/assignments/assignment_07/data/dog_reference/dog_reference.zip    778MB done
Validating package files [==================>-----------------------------]  40% 2/5
[1A[2K[1A[2K[1A[2KCollecting 1 genome record [================================================] 100% 1/1
Downloading: /sciclone/home/tdfelton/SUPERCOMPUTING/assignments/assignment_07/data/dog_reference/dog_reference.zip    778MB done
Validating package files [==================>-----------------------------]  40% 2/5
[1A[2K[1A[2K[1A[2KCollecting 1 genome record [================================================] 100% 1/1
Downloading: /sciclone/home/tdfelton/SUPERCOMPUTING/assignments/assignment_07/data/dog_reference/dog_reference.zip    778MB done
Validating package files [==================>-----------------------------]  40% 2/5
[1A[2K[1A[2K[1A[2KCollecting 1 genome record [================================================] 100% 1/1
Downloading: /sciclone/home/tdfelton/SUPERCOMPUTING/assignments/assignment_07/data/dog_reference/dog_reference.zip    778MB done
Validating package files [==================>-----------------------------]  40% 2/5
[1A[2K[1A[2K[1A[2KCollecting 1 genome record [================================================] 100% 1/1
Downloading: /sciclone/home/tdfelton/SUPERCOMPUTING/assignments/assignment_07/data/dog_reference/dog_reference.zip    778MB done
Validating package files [==================>-----------------------------]  40% 2/5
[1A[2K[1A[2K[1A[2KCollecting 1 genome record [================================================] 100% 1/1
Downloading: /sciclone/home/tdfelton/SUPERCOMPUTING/assignments/assignment_07/data/dog_reference/dog_reference.zip    778MB done
Validating package files [==================>-----------------------------]  40% 2/5
[1A[2K[1A[2K[1A[2KCollecting 1 genome record [================================================] 100% 1/1
Downloading: /sciclone/home/tdfelton/SUPERCOMPUTING/assignments/assignment_07/data/dog_reference/dog_reference.zip    778MB done
Validating package files [==================>-----------------------------]  40% 2/5
[1A[2K[1A[2K[1A[2KCollecting 1 genome record [================================================] 100% 1/1
Downloading: /sciclone/home/tdfelton/SUPERCOMPUTING/assignments/assignment_07/data/dog_reference/dog_reference.zip    778MB done
Validating package files [==================>-----------------------------]  40% 2/5
[1A[2K[1A[2K[1A[2KCollecting 1 genome record [================================================] 100% 1/1
Downloading: /sciclone/home/tdfelton/SUPERCOMPUTING/assignments/assignment_07/data/dog_reference/dog_reference.zip    778MB done
Validating package files [==================>-----------------------------]  40% 2/5
[1A[2K[1A[2K[1A[2KCollecting 1 genome record [================================================] 100% 1/1
Downloading: /sciclone/home/tdfelton/SUPERCOMPUTING/assignments/assignment_07/data/dog_reference/dog_reference.zip    778MB done
Validating package files [==================>-----------------------------]  40% 2/5
[1A[2K[1A[2K[1A[2KCollecting 1 genome record [================================================] 100% 1/1
Downloading: /sciclone/home/tdfelton/SUPERCOMPUTING/assignments/assignment_07/data/dog_reference/dog_reference.zip    778MB done
Validating package files [==================>-----------------------------]  40% 2/5
[1A[2K[1A[2K[1A[2KCollecting 1 genome record [================================================] 100% 1/1
Downloading: /sciclone/home/tdfelton/SUPERCOMPUTING/assignments/assignment_07/data/dog_reference/dog_reference.zip    778MB done
Validating package files [==================>-----------------------------]  40% 2/5
[1A[2K[1A[2K[1A[2KCollecting 1 genome record [================================================] 100% 1/1
Downloading: /sciclone/home/tdfelton/SUPERCOMPUTING/assignments/assignment_07/data/dog_reference/dog_reference.zip    778MB done
Validating package files [==================>-----------------------------]  40% 2/5
[1A[2K[1A[2K[1A[2KCollecting 1 genome record [================================================] 100% 1/1
Downloading: /sciclone/home/tdfelton/SUPERCOMPUTING/assignments/assignment_07/data/dog_reference/dog_reference.zip    778MB done
Validating package files [==================>-----------------------------]  40% 2/5
[1A[2K[1A[2K[1A[2KCollecting 1 genome record [================================================] 100% 1/1
Downloading: /sciclone/home/tdfelton/SUPERCOMPUTING/assignments/assignment_07/data/dog_reference/dog_reference.zip    778MB done
Validating package files [==================>-----------------------------]  40% 2/5
[1A[2K[1A[2K[1A[2KCollecting 1 genome record [================================================] 100% 1/1
Downloading: /sciclone/home/tdfelton/SUPERCOMPUTING/assignments/assignment_07/data/dog_reference/dog_reference.zip    778MB done
Validating package files [==================>-----------------------------]  40% 2/5
[1A[2K[1A[2K[1A[2KCollecting 1 genome record [================================================] 100% 1/1
Downloading: /sciclone/home/tdfelton/SUPERCOMPUTING/assignments/assignment_07/data/dog_reference/dog_reference.zip    778MB done
Validating package files [==================>-----------------------------]  40% 2/5
[1A[2K[1A[2K[1A[2KCollecting 1 genome record [================================================] 100% 1/1
Downloading: /sciclone/home/tdfelton/SUPERCOMPUTING/assignments/assignment_07/data/dog_reference/dog_reference.zip    778MB done
Validating package files [==================>-----------------------------]  40% 2/5
[1A[2K[1A[2K[1A[2KCollecting 1 genome record [================================================] 100% 1/1
Downloading: /sciclone/home/tdfelton/SUPERCOMPUTING/assignments/assignment_07/data/dog_reference/dog_reference.zip    778MB done
Validating package files [==================>-----------------------------]  40% 2/5
[1A[2K[1A[2K[1A[2KCollecting 1 genome record [================================================] 100% 1/1
Downloading: /sciclone/home/tdfelton/SUPERCOMPUTING/assignments/assignment_07/data/dog_reference/dog_reference.zip    778MB done
Validating package files [==================>-----------------------------]  40% 2/5
[1A[2K[1A[2K[1A[2KCollecting 1 genome record [================================================] 100% 1/1
Downloading: /sciclone/home/tdfelton/SUPERCOMPUTING/assignments/assignment_07/data/dog_reference/dog_reference.zip    778MB done
Validating package files [==================>-----------------------------]  40% 2/5
[1A[2K[1A[2K[1A[2KCollecting 1 genome record [================================================] 100% 1/1
Downloading: /sciclone/home/tdfelton/SUPERCOMPUTING/assignments/assignment_07/data/dog_reference/dog_reference.zip    778MB done
Validating package files [==================>-----------------------------]  40% 2/5
[1A[2K[1A[2K[1A[2KCollecting 1 genome record [================================================] 100% 1/1
Downloading: /sciclone/home/tdfelton/SUPERCOMPUTING/assignments/assignment_07/data/dog_reference/dog_reference.zip    778MB done
Validating package files [==================>-----------------------------]  40% 2/5
[1A[2K[1A[2K[1A[2KCollecting 1 genome record [================================================] 100% 1/1
Downloading: /sciclone/home/tdfelton/SUPERCOMPUTING/assignments/assignment_07/data/dog_reference/dog_reference.zip    778MB done
Validating package files [==================>-----------------------------]  40% 2/5
[1A[2K[1A[2K[1A[2KCollecting 1 genome record [================================================] 100% 1/1
Downloading: /sciclone/home/tdfelton/SUPERCOMPUTING/assignments/assignment_07/data/dog_reference/dog_reference.zip    778MB done
Validating package files [==================>-----------------------------]  40% 2/5
[1A[2K[1A[2K[1A[2KCollecting 1 genome record [================================================] 100% 1/1
Downloading: /sciclone/home/tdfelton/SUPERCOMPUTING/assignments/assignment_07/data/dog_reference/dog_reference.zip    778MB done
Validating package files [==================>-----------------------------]  40% 2/5
[1A[2K[1A[2K[1A[2KCollecting 1 genome record [================================================] 100% 1/1
Downloading: /sciclone/home/tdfelton/SUPERCOMPUTING/assignments/assignment_07/data/dog_reference/dog_reference.zip    778MB done
Validating package files [==================>-----------------------------]  40% 2/5
[1A[2K[1A[2K[1A[2KCollecting 1 genome record [================================================] 100% 1/1
Downloading: /sciclone/home/tdfelton/SUPERCOMPUTING/assignments/assignment_07/data/dog_reference/dog_reference.zip    778MB done
Validating package files [==================>-----------------------------]  40% 2/5
[1A[2K[1A[2K[1A[2KCollecting 1 genome record [================================================] 100% 1/1
Downloading: /sciclone/home/tdfelton/SUPERCOMPUTING/assignments/assignment_07/data/dog_reference/dog_reference.zip    778MB done
Validating package files [==================>-----------------------------]  40% 2/5
[1A[2K[1A[2K[1A[2KCollecting 1 genome record [================================================] 100% 1/1
Downloading: /sciclone/home/tdfelton/SUPERCOMPUTING/assignments/assignment_07/data/dog_reference/dog_reference.zip    778MB done
Validating package files [==================>-----------------------------]  40% 2/5
[1A[2K[1A[2K[1A[2KCollecting 1 genome record [================================================] 100% 1/1
Downloading: /sciclone/home/tdfelton/SUPERCOMPUTING/assignments/assignment_07/data/dog_reference/dog_reference.zip    778MB done
Validating package files [==================>-----------------------------]  40% 2/5
[1A[2K[1A[2K[1A[2KCollecting 1 genome record [================================================] 100% 1/1
Downloading: /sciclone/home/tdfelton/SUPERCOMPUTING/assignments/assignment_07/data/dog_reference/dog_reference.zip    778MB done
Validating package files [==================>-----------------------------]  40% 2/5
[1A[2K[1A[2K[1A[2KCollecting 1 genome record [================================================] 100% 1/1
Downloading: /sciclone/home/tdfelton/SUPERCOMPUTING/assignments/assignment_07/data/dog_reference/dog_reference.zip    778MB done
Validating package files [==================>-----------------------------]  40% 2/5
[1A[2K[1A[2K[1A[2KCollecting 1 genome record [================================================] 100% 1/1
Downloading: /sciclone/home/tdfelton/SUPERCOMPUTING/assignments/assignment_07/data/dog_reference/dog_reference.zip    778MB done
Validating package files [==================>-----------------------------]  40% 2/5
[1A[2K[1A[2K[1A[2KCollecting 1 genome record [================================================] 100% 1/1
Downloading: /sciclone/home/tdfelton/SUPERCOMPUTING/assignments/assignment_07/data/dog_reference/dog_reference.zip    778MB done
Validating package files [==================>-----------------------------]  40% 2/5
[1A[2K[1A[2K[1A[2KCollecting 1 genome record [================================================] 100% 1/1
Downloading: /sciclone/home/tdfelton/SUPERCOMPUTING/assignments/assignment_07/data/dog_reference/dog_reference.zip    778MB done
Validating package files [==================>-----------------------------]  40% 2/5
[1A[2K[1A[2K[1A[2KCollecting 1 genome record [================================================] 100% 1/1
Downloading: /sciclone/home/tdfelton/SUPERCOMPUTING/assignments/assignment_07/data/dog_reference/dog_reference.zip    778MB done
Validating package files [==================>-----------------------------]  40% 2/5
[1A[2K[1A[2K[1A[2KCollecting 1 genome record [================================================] 100% 1/1
Downloading: /sciclone/home/tdfelton/SUPERCOMPUTING/assignments/assignment_07/data/dog_reference/dog_reference.zip    778MB done
Validating package files [==================>-----------------------------]  40% 2/5
[1A[2K[1A[2K[1A[2KCollecting 1 genome record [================================================] 100% 1/1
Downloading: /sciclone/home/tdfelton/SUPERCOMPUTING/assignments/assignment_07/data/dog_reference/dog_reference.zip    778MB done
Validating package files [==================>-----------------------------]  40% 2/5
[1A[2K[1A[2K[1A[2KCollecting 1 genome record [================================================] 100% 1/1
Downloading: /sciclone/home/tdfelton/SUPERCOMPUTING/assignments/assignment_07/data/dog_reference/dog_reference.zip    778MB done
Validating package files [==================>-----------------------------]  40% 2/5
[1A[2K[1A[2K[1A[2KCollecting 1 genome record [================================================] 100% 1/1
Downloading: /sciclone/home/tdfelton/SUPERCOMPUTING/assignments/assignment_07/data/dog_reference/dog_reference.zip    778MB done
Validating package files [==================>-----------------------------]  40% 2/5
[1A[2K[1A[2K[1A[2KCollecting 1 genome record [================================================] 100% 1/1
Downloading: /sciclone/home/tdfelton/SUPERCOMPUTING/assignments/assignment_07/data/dog_reference/dog_reference.zip    778MB done
Validating package files [==================>-----------------------------]  40% 2/5
[1A[2K[1A[2K[1A[2KCollecting 1 genome record [================================================] 100% 1/1
Downloading: /sciclone/home/tdfelton/SUPERCOMPUTING/assignments/assignment_07/data/dog_reference/dog_reference.zip    778MB done
Validating package files [==================>-----------------------------]  40% 2/5
[1A[2K[1A[2K[1A[2KCollecting 1 genome record [================================================] 100% 1/1
Downloading: /sciclone/home/tdfelton/SUPERCOMPUTING/assignments/assignment_07/data/dog_reference/dog_reference.zip    778MB done
Validating package files [==================>-----------------------------]  40% 2/5
[1A[2K[1A[2K[1A[2KCollecting 1 genome record [================================================] 100% 1/1
Downloading: /sciclone/home/tdfelton/SUPERCOMPUTING/assignments/assignment_07/data/dog_reference/dog_reference.zip    778MB done
Validating package files [==================>-----------------------------]  40% 2/5
[1A[2K[1A[2K[1A[2KCollecting 1 genome record [================================================] 100% 1/1
Downloading: /sciclone/home/tdfelton/SUPERCOMPUTING/assignments/assignment_07/data/dog_reference/dog_reference.zip    778MB done
Validating package files [==================>-----------------------------]  40% 2/5
[1A[2K[1A[2K[1A[2KCollecting 1 genome record [================================================] 100% 1/1
Downloading: /sciclone/home/tdfelton/SUPERCOMPUTING/assignments/assignment_07/data/dog_reference/dog_reference.zip    778MB done
Validating package files [==================>-----------------------------]  40% 2/5
[1A[2K[1A[2K[1A[2KCollecting 1 genome record [================================================] 100% 1/1
Downloading: /sciclone/home/tdfelton/SUPERCOMPUTING/assignments/assignment_07/data/dog_reference/dog_reference.zip    778MB done
Validating package files [==================>-----------------------------]  40% 2/5
[1A[2K[1A[2K[1A[2KCollecting 1 genome record [================================================] 100% 1/1
Downloading: /sciclone/home/tdfelton/SUPERCOMPUTING/assignments/assignment_07/data/dog_reference/dog_reference.zip    778MB done
Validating package files [==================>-----------------------------]  40% 2/5
[1A[2K[1A[2K[1A[2KCollecting 1 genome record [================================================] 100% 1/1
Downloading: /sciclone/home/tdfelton/SUPERCOMPUTING/assignments/assignment_07/data/dog_reference/dog_reference.zip    778MB done
Validating package files [==================>-----------------------------]  40% 2/5
[1A[2K[1A[2K[1A[2KCollecting 1 genome record [================================================] 100% 1/1
Downloading: /sciclone/home/tdfelton/SUPERCOMPUTING/assignments/assignment_07/data/dog_reference/dog_reference.zip    778MB done
Validating package files [==================>-----------------------------]  40% 2/5
[1A[2K[1A[2K[1A[2KCollecting 1 genome record [================================================] 100% 1/1
Downloading: /sciclone/home/tdfelton/SUPERCOMPUTING/assignments/assignment_07/data/dog_reference/dog_reference.zip    778MB done
Validating package files [==================>-----------------------------]  40% 2/5
[1A[2K[1A[2K[1A[2KCollecting 1 genome record [================================================] 100% 1/1
Downloading: /sciclone/home/tdfelton/SUPERCOMPUTING/assignments/assignment_07/data/dog_reference/dog_reference.zip    778MB done
Validating package files [==================>-----------------------------]  40% 2/5
[1A[2K[1A[2K[1A[2KCollecting 1 genome record [================================================] 100% 1/1
Downloading: /sciclone/home/tdfelton/SUPERCOMPUTING/assignments/assignment_07/data/dog_reference/dog_reference.zip    778MB done
Validating package files [==================>-----------------------------]  40% 2/5
[1A[2K[1A[2K[1A[2KCollecting 1 genome record [================================================] 100% 1/1
Downloading: /sciclone/home/tdfelton/SUPERCOMPUTING/assignments/assignment_07/data/dog_reference/dog_reference.zip    778MB done
Validating package files [==================>-----------------------------]  40% 2/5
[1A[2K[1A[2K[1A[2KCollecting 1 genome record [================================================] 100% 1/1
Downloading: /sciclone/home/tdfelton/SUPERCOMPUTING/assignments/assignment_07/data/dog_reference/dog_reference.zip    778MB done
Validating package files [==================>-----------------------------]  40% 2/5
[1A[2K[1A[2K[1A[2KCollecting 1 genome record [================================================] 100% 1/1
Downloading: /sciclone/home/tdfelton/SUPERCOMPUTING/assignments/assignment_07/data/dog_reference/dog_reference.zip    778MB done
Validating package files [==================>-----------------------------]  40% 2/5
[1A[2K[1A[2K[1A[2KCollecting 1 genome record [================================================] 100% 1/1
Downloading: /sciclone/home/tdfelton/SUPERCOMPUTING/assignments/assignment_07/data/dog_reference/dog_reference.zip    778MB done
Validating package files [==================>-----------------------------]  40% 2/5
[1A[2K[1A[2K[1A[2KCollecting 1 genome record [================================================] 100% 1/1
Downloading: /sciclone/home/tdfelton/SUPERCOMPUTING/assignments/assignment_07/data/dog_reference/dog_reference.zip    778MB done
Validating package files [==================>-----------------------------]  40% 2/5
[1A[2K[1A[2K[1A[2KCollecting 1 genome record [================================================] 100% 1/1
Downloading: /sciclone/home/tdfelton/SUPERCOMPUTING/assignments/assignment_07/data/dog_reference/dog_reference.zip    778MB done
Validating package files [==================>-----------------------------]  40% 2/5
[1A[2K[1A[2K[1A[2KCollecting 1 genome record [================================================] 100% 1/1
Downloading: /sciclone/home/tdfelton/SUPERCOMPUTING/assignments/assignment_07/data/dog_reference/dog_reference.zip    778MB done
Validating package files [==================>-----------------------------]  40% 2/5
[1A[2K[1A[2K[1A[2KCollecting 1 genome record [================================================] 100% 1/1
Downloading: /sciclone/home/tdfelton/SUPERCOMPUTING/assignments/assignment_07/data/dog_reference/dog_reference.zip    778MB done
Validating package files [==================>-----------------------------]  40% 2/5
[1A[2K[1A[2K[1A[2KCollecting 1 genome record [================================================] 100% 1/1
Downloading: /sciclone/home/tdfelton/SUPERCOMPUTING/assignments/assignment_07/data/dog_reference/dog_reference.zip    778MB done
Validating package files [==================>-----------------------------]  40% 2/5
[1A[2K[1A[2K[1A[2KCollecting 1 genome record [================================================] 100% 1/1
Downloading: /sciclone/home/tdfelton/SUPERCOMPUTING/assignments/assignment_07/data/dog_reference/dog_reference.zip    778MB done
Validating package files [==================>-----------------------------]  40% 2/5
[1A[2K[1A[2K[1A[2KCollecting 1 genome record [================================================] 100% 1/1
Downloading: /sciclone/home/tdfelton/SUPERCOMPUTING/assignments/assignment_07/data/dog_reference/dog_reference.zip    778MB done
Validating package files [==================>-----------------------------]  40% 2/5
[1A[2K[1A[2K[1A[2KCollecting 1 genome record [================================================] 100% 1/1
Downloading: /sciclone/home/tdfelton/SUPERCOMPUTING/assignments/assignment_07/data/dog_reference/dog_reference.zip    778MB done
Validating package files [==================>-----------------------------]  40% 2/5
[1A[2K[1A[2K[1A[2KCollecting 1 genome record [================================================] 100% 1/1
Downloading: /sciclone/home/tdfelton/SUPERCOMPUTING/assignments/assignment_07/data/dog_reference/dog_reference.zip    778MB done
Validating package files [==================>-----------------------------]  40% 2/5
[1A[2K[1A[2K[1A[2KCollecting 1 genome record [================================================] 100% 1/1
Downloading: /sciclone/home/tdfelton/SUPERCOMPUTING/assignments/assignment_07/data/dog_reference/dog_reference.zip    778MB done
Validating package files [==================>-----------------------------]  40% 2/5
[1A[2K[1A[2K[1A[2KCollecting 1 genome record [================================================] 100% 1/1
Downloading: /sciclone/home/tdfelton/SUPERCOMPUTING/assignments/assignment_07/data/dog_reference/dog_reference.zip    778MB done
Validating package files [==================>-----------------------------]  40% 2/5
[1A[2K[1A[2K[1A[2KCollecting 1 genome record [================================================] 100% 1/1
Downloading: /sciclone/home/tdfelton/SUPERCOMPUTING/assignments/assignment_07/data/dog_reference/dog_reference.zip    778MB done
Validating package files [==================>-----------------------------]  40% 2/5
[1A[2K[1A[2K[1A[2KCollecting 1 genome record [================================================] 100% 1/1
Downloading: /sciclone/home/tdfelton/SUPERCOMPUTING/assignments/assignment_07/data/dog_reference/dog_reference.zip    778MB done
Validating package files [==================>-----------------------------]  40% 2/5
[1A[2K[1A[2K[1A[2KCollecting 1 genome record [================================================] 100% 1/1
Downloading: /sciclone/home/tdfelton/SUPERCOMPUTING/assignments/assignment_07/data/dog_reference/dog_reference.zip    778MB done
Validating package files [==================>-----------------------------]  40% 2/5
[1A[2K[1A[2K[1A[2KCollecting 1 genome record [================================================] 100% 1/1
Downloading: /sciclone/home/tdfelton/SUPERCOMPUTING/assignments/assignment_07/data/dog_reference/dog_reference.zip    778MB done
Validating package files [==================>-----------------------------]  40% 2/5
[1A[2K[1A[2K[1A[2KCollecting 1 genome record [================================================] 100% 1/1
Downloading: /sciclone/home/tdfelton/SUPERCOMPUTING/assignments/assignment_07/data/dog_reference/dog_reference.zip    778MB done
Validating package files [==================>-----------------------------]  40% 2/5
[1A[2K[1A[2K[1A[2KCollecting 1 genome record [================================================] 100% 1/1
Downloading: /sciclone/home/tdfelton/SUPERCOMPUTING/assignments/assignment_07/data/dog_reference/dog_reference.zip    778MB done
Validating package files [==================>-----------------------------]  40% 2/5
[1A[2K[1A[2K[1A[2KCollecting 1 genome record [================================================] 100% 1/1
Downloading: /sciclone/home/tdfelton/SUPERCOMPUTING/assignments/assignment_07/data/dog_reference/dog_reference.zip    778MB done
Validating package files [==================>-----------------------------]  40% 2/5
[1A[2K[1A[2K[1A[2KCollecting 1 genome record [================================================] 100% 1/1
Downloading: /sciclone/home/tdfelton/SUPERCOMPUTING/assignments/assignment_07/data/dog_reference/dog_reference.zip    778MB done
Validating package files [==================>-----------------------------]  40% 2/5
[1A[2K[1A[2K[1A[2KCollecting 1 genome record [================================================] 100% 1/1
Downloading: /sciclone/home/tdfelton/SUPERCOMPUTING/assignments/assignment_07/data/dog_reference/dog_reference.zip    778MB done
Validating package files [==================>-----------------------------]  40% 2/5
[1A[2K[1A[2K[1A[2KCollecting 1 genome record [================================================] 100% 1/1
Downloading: /sciclone/home/tdfelton/SUPERCOMPUTING/assignments/assignment_07/data/dog_reference/dog_reference.zip    778MB done
Validating package files [==================>-----------------------------]  40% 2/5
[1A[2K[1A[2K[1A[2KCollecting 1 genome record [================================================] 100% 1/1
Downloading: /sciclone/home/tdfelton/SUPERCOMPUTING/assignments/assignment_07/data/dog_reference/dog_reference.zip    778MB done
Validating package files [==================>-----------------------------]  40% 2/5
[1A[2K[1A[2K[1A[2KCollecting 1 genome record [================================================] 100% 1/1
Downloading: /sciclone/home/tdfelton/SUPERCOMPUTING/assignments/assignment_07/data/dog_reference/dog_reference.zip    778MB done
Validating package files [==================>-----------------------------]  40% 2/5
[1A[2K[1A[2K[1A[2KCollecting 1 genome record [================================================] 100% 1/1
Downloading: /sciclone/home/tdfelton/SUPERCOMPUTING/assignments/assignment_07/data/dog_reference/dog_reference.zip    778MB done
Validating package files [==================>-----------------------------]  40% 2/5
[1A[2K[1A[2K[1A[2KCollecting 1 genome record [================================================] 100% 1/1
Downloading: /sciclone/home/tdfelton/SUPERCOMPUTING/assignments/assignment_07/data/dog_reference/dog_reference.zip    778MB done
Validating package files [==================>-----------------------------]  40% 2/5
[1A[2K[1A[2K[1A[2KCollecting 1 genome record [================================================] 100% 1/1
Downloading: /sciclone/home/tdfelton/SUPERCOMPUTING/assignments/assignment_07/data/dog_reference/dog_reference.zip    778MB done
Validating package files [==================>-----------------------------]  40% 2/5
[1A[2K[1A[2K[1A[2KCollecting 1 genome record [================================================] 100% 1/1
Downloading: /sciclone/home/tdfelton/SUPERCOMPUTING/assignments/assignment_07/data/dog_reference/dog_reference.zip    778MB done
Validating package files [==================>-----------------------------]  40% 2/5
[1A[2K[1A[2K[1A[2KCollecting 1 genome record [================================================] 100% 1/1
Downloading: /sciclone/home/tdfelton/SUPERCOMPUTING/assignments/assignment_07/data/dog_reference/dog_reference.zip    778MB done
Validating package files [==================>-----------------------------]  40% 2/5
[1A[2K[1A[2K[1A[2KCollecting 1 genome record [================================================] 100% 1/1
Downloading: /sciclone/home/tdfelton/SUPERCOMPUTING/assignments/assignment_07/data/dog_reference/dog_reference.zip    778MB done
Validating package files [==================>-----------------------------]  40% 2/5
[1A[2K[1A[2K[1A[2KCollecting 1 genome record [================================================] 100% 1/1
Downloading: /sciclone/home/tdfelton/SUPERCOMPUTING/assignments/assignment_07/data/dog_reference/dog_reference.zip    778MB done
Validating package files [==================>-----------------------------]  40% 2/5
[1A[2K[1A[2K[1A[2KCollecting 1 genome record [================================================] 100% 1/1
Downloading: /sciclone/home/tdfelton/SUPERCOMPUTING/assignments/assignment_07/data/dog_reference/dog_reference.zip    778MB done
Validating package files [==================>-----------------------------]  40% 2/5
[1A[2K[1A[2K[1A[2KCollecting 1 genome record [================================================] 100% 1/1
Downloading: /sciclone/home/tdfelton/SUPERCOMPUTING/assignments/assignment_07/data/dog_reference/dog_reference.zip    778MB done
Validating package files [==================>-----------------------------]  40% 2/5
[1A[2K[1A[2K[1A[2KCollecting 1 genome record [================================================] 100% 1/1
Downloading: /sciclone/home/tdfelton/SUPERCOMPUTING/assignments/assignment_07/data/dog_reference/dog_reference.zip    778MB done
Validating package files [==================>-----------------------------]  40% 2/5
[1A[2K[1A[2K[1A[2KCollecting 1 genome record [================================================] 100% 1/1
Downloading: /sciclone/home/tdfelton/SUPERCOMPUTING/assignments/assignment_07/data/dog_reference/dog_reference.zip    778MB done
Validating package files [==================>-----------------------------]  40% 2/5
[1A[2K[1A[2K[1A[2KCollecting 1 genome record [================================================] 100% 1/1
Downloading: /sciclone/home/tdfelton/SUPERCOMPUTING/assignments/assignment_07/data/dog_reference/dog_reference.zip    778MB done
Validating package files [==================>-----------------------------]  40% 2/5
[1A[2K[1A[2K[1A[2KCollecting 1 genome record [================================================] 100% 1/1
Downloading: /sciclone/home/tdfelton/SUPERCOMPUTING/assignments/assignment_07/data/dog_reference/dog_reference.zip    778MB done
Validating package files [==================>-----------------------------]  40% 2/5
[1A[2K[1A[2K[1A[2KCollecting 1 genome record [================================================] 100% 1/1
Downloading: /sciclone/home/tdfelton/SUPERCOMPUTING/assignments/assignment_07/data/dog_reference/dog_reference.zip    778MB done
Validating package files [==================>-----------------------------]  40% 2/5
[1A[2K[1A[2K[1A[2KCollecting 1 genome record [================================================] 100% 1/1
Downloading: /sciclone/home/tdfelton/SUPERCOMPUTING/assignments/assignment_07/data/dog_reference/dog_reference.zip    778MB done
Validating package files [==================>-----------------------------]  40% 2/5
[1A[2K[1A[2K[1A[2KCollecting 1 genome record [================================================] 100% 1/1
Downloading: /sciclone/home/tdfelton/SUPERCOMPUTING/assignments/assignment_07/data/dog_reference/dog_reference.zip    778MB done
Validating package files [==================>-----------------------------]  40% 2/5
[1A[2K[1A[2K[1A[2KCollecting 1 genome record [================================================] 100% 1/1
Downloading: /sciclone/home/tdfelton/SUPERCOMPUTING/assignments/assignment_07/data/dog_reference/dog_reference.zip    778MB done
Validating package files [==================>-----------------------------]  40% 2/5
[1A[2K[1A[2K[1A[2KCollecting 1 genome record [================================================] 100% 1/1
Downloading: /sciclone/home/tdfelton/SUPERCOMPUTING/assignments/assignment_07/data/dog_reference/dog_reference.zip    778MB done
Validating package files [==================>-----------------------------]  40% 2/5
[1A[2K[1A[2K[1A[2KCollecting 1 genome record [================================================] 100% 1/1
Downloading: /sciclone/home/tdfelton/SUPERCOMPUTING/assignments/assignment_07/data/dog_reference/dog_reference.zip    778MB done
Validating package files [==================>-----------------------------]  40% 2/5
[1A[2K[1A[2K[1A[2KCollecting 1 genome record [================================================] 100% 1/1
Downloading: /sciclone/home/tdfelton/SUPERCOMPUTING/assignments/assignment_07/data/dog_reference/dog_reference.zip    778MB done
Validating package files [==================>-----------------------------]  40% 2/5
[1A[2K[1A[2K[1A[2KCollecting 1 genome record [================================================] 100% 1/1
Downloading: /sciclone/home/tdfelton/SUPERCOMPUTING/assignments/assignment_07/data/dog_reference/dog_reference.zip    778MB done
Validating package files [==================>-----------------------------]  40% 2/5
[1A[2K[1A[2K[1A[2KCollecting 1 genome record [================================================] 100% 1/1
Downloading: /sciclone/home/tdfelton/SUPERCOMPUTING/assignments/assignment_07/data/dog_reference/dog_reference.zip    778MB done
Validating package files [==================>-----------------------------]  40% 2/5
[1A[2K[1A[2K[1A[2KCollecting 1 genome record [================================================] 100% 1/1
Downloading: /sciclone/home/tdfelton/SUPERCOMPUTING/assignments/assignment_07/data/dog_reference/dog_reference.zip    778MB done
Validating package files [==================>-----------------------------]  40% 2/5
[1A[2K[1A[2K[1A[2KCollecting 1 genome record [================================================] 100% 1/1
Downloading: /sciclone/home/tdfelton/SUPERCOMPUTING/assignments/assignment_07/data/dog_reference/dog_reference.zip    778MB done
Validating package files [==================>-----------------------------]  40% 2/5
[1A[2K[1A[2K[1A[2KCollecting 1 genome record [================================================] 100% 1/1
Downloading: /sciclone/home/tdfelton/SUPERCOMPUTING/assignments/assignment_07/data/dog_reference/dog_reference.zip    778MB done
Validating package files [==================>-----------------------------]  40% 2/5
[1A[2K[1A[2K[1A[2KCollecting 1 genome record [================================================] 100% 1/1
Downloading: /sciclone/home/tdfelton/SUPERCOMPUTING/assignments/assignment_07/data/dog_reference/dog_reference.zip    778MB done
Validating package files [==================>-----------------------------]  40% 2/5
[1A[2K[1A[2K[1A[2KCollecting 1 genome record [================================================] 100% 1/1
Downloading: /sciclone/home/tdfelton/SUPERCOMPUTING/assignments/assignment_07/data/dog_reference/dog_reference.zip    778MB done
Validating package files [==================>-----------------------------]  40% 2/5
[1A[2K[1A[2K[1A[2KCollecting 1 genome record [================================================] 100% 1/1
Downloading: /sciclone/home/tdfelton/SUPERCOMPUTING/assignments/assignment_07/data/dog_reference/dog_reference.zip    778MB done
Validating package files [==================>-----------------------------]  40% 2/5
[1A[2K[1A[2K[1A[2KCollecting 1 genome record [================================================] 100% 1/1
Downloading: /sciclone/home/tdfelton/SUPERCOMPUTING/assignments/assignment_07/data/dog_reference/dog_reference.zip    778MB done
Validating package files [==================>-----------------------------]  40% 2/5
[1A[2K[1A[2K[1A[2KCollecting 1 genome record [================================================] 100% 1/1
Downloading: /sciclone/home/tdfelton/SUPERCOMPUTING/assignments/assignment_07/data/dog_reference/dog_reference.zip    778MB done
Validating package files [==================>-----------------------------]  40% 2/5
[1A[2K[1A[2K[1A[2KCollecting 1 genome record [================================================] 100% 1/1
Downloading: /sciclone/home/tdfelton/SUPERCOMPUTING/assignments/assignment_07/data/dog_reference/dog_reference.zip    778MB done
Validating package files [==================>-----------------------------]  40% 2/5
[1A[2K[1A[2K[1A[2KCollecting 1 genome record [================================================] 100% 1/1
Downloading: /sciclone/home/tdfelton/SUPERCOMPUTING/assignments/assignment_07/data/dog_reference/dog_reference.zip    778MB done
Validating package files [==================>-----------------------------]  40% 2/5
[1A[2K[1A[2K[1A[2KCollecting 1 genome record [================================================] 100% 1/1
Downloading: /sciclone/home/tdfelton/SUPERCOMPUTING/assignments/assignment_07/data/dog_reference/dog_reference.zip    778MB done
Validating package files [==================>-----------------------------]  40% 2/5
[1A[2K[1A[2K[1A[2KCollecting 1 genome record [================================================] 100% 1/1
Downloading: /sciclone/home/tdfelton/SUPERCOMPUTING/assignments/assignment_07/data/dog_reference/dog_reference.zip    778MB done
Validating package files [==================>-----------------------------]  40% 2/5
[1A[2K[1A[2K[1A[2KCollecting 1 genome record [================================================] 100% 1/1
Downloading: /sciclone/home/tdfelton/SUPERCOMPUTING/assignments/assignment_07/data/dog_reference/dog_reference.zip    778MB done
Validating package files [==================>-----------------------------]  40% 2/5
[1A[2K[1A[2K[1A[2KCollecting 1 genome record [================================================] 100% 1/1
Downloading: /sciclone/home/tdfelton/SUPERCOMPUTING/assignments/assignment_07/data/dog_reference/dog_reference.zip    778MB done
Validating package files [==================>-----------------------------]  40% 2/5
[1A[2K[1A[2K[1A[2KCollecting 1 genome record [================================================] 100% 1/1
Downloading: /sciclone/home/tdfelton/SUPERCOMPUTING/assignments/assignment_07/data/dog_reference/dog_reference.zip    778MB done
Validating package files [==================>-----------------------------]  40% 2/5
[1A[2K[1A[2K[1A[2KCollecting 1 genome record [================================================] 100% 1/1
Downloading: /sciclone/home/tdfelton/SUPERCOMPUTING/assignments/assignment_07/data/dog_reference/dog_reference.zip    778MB done
Validating package files [==================>-----------------------------]  40% 2/5
[1A[2K[1A[2K[1A[2KCollecting 1 genome record [================================================] 100% 1/1
Downloading: /sciclone/home/tdfelton/SUPERCOMPUTING/assignments/assignment_07/data/dog_reference/dog_reference.zip    778MB done
Validating package files [==================>-----------------------------]  40% 2/5
[1A[2K[1A[2K[1A[2KCollecting 1 genome record [================================================] 100% 1/1
Downloading: /sciclone/home/tdfelton/SUPERCOMPUTING/assignments/assignment_07/data/dog_reference/dog_reference.zip    778MB done
Validating package files [==================>-----------------------------]  40% 2/5
[1A[2K[1A[2K[1A[2KCollecting 1 genome record [================================================] 100% 1/1
Downloading: /sciclone/home/tdfelton/SUPERCOMPUTING/assignments/assignment_07/data/dog_reference/dog_reference.zip    778MB done
Validating package files [==================>-----------------------------]  40% 2/5
[1A[2K[1A[2K[1A[2KCollecting 1 genome record [================================================] 100% 1/1
Downloading: /sciclone/home/tdfelton/SUPERCOMPUTING/assignments/assignment_07/data/dog_reference/dog_reference.zip    778MB done
Validating package files [==================>-----------------------------]  40% 2/5
[1A[2K[1A[2K[1A[2KCollecting 1 genome record [================================================] 100% 1/1
Downloading: /sciclone/home/tdfelton/SUPERCOMPUTING/assignments/assignment_07/data/dog_reference/dog_reference.zip    778MB done
Validating package files [==================>-----------------------------]  40% 2/5
[1A[2K[1A[2K[1A[2KCollecting 1 genome record [================================================] 100% 1/1
Downloading: /sciclone/home/tdfelton/SUPERCOMPUTING/assignments/assignment_07/data/dog_reference/dog_reference.zip    778MB done
Validating package files [==================>-----------------------------]  40% 2/5
[1A[2K[1A[2K[1A[2KCollecting 1 genome record [================================================] 100% 1/1
Downloading: /sciclone/home/tdfelton/SUPERCOMPUTING/assignments/assignment_07/data/dog_reference/dog_reference.zip    778MB done
Validating package files [==================>-----------------------------]  40% 2/5
[1A[2K[1A[2K[1A[2KCollecting 1 genome record [================================================] 100% 1/1
Downloading: /sciclone/home/tdfelton/SUPERCOMPUTING/assignments/assignment_07/data/dog_reference/dog_reference.zip    778MB done
Validating package files [==================>-----------------------------]  40% 2/5
[1A[2K[1A[2K[1A[2KCollecting 1 genome record [================================================] 100% 1/1
Downloading: /sciclone/home/tdfelton/SUPERCOMPUTING/assignments/assignment_07/data/dog_reference/dog_reference.zip    778MB done
Validating package files [==================>-----------------------------]  40% 2/5
[1A[2K[1A[2K[1A[2KCollecting 1 genome record [================================================] 100% 1/1
Downloading: /sciclone/home/tdfelton/SUPERCOMPUTING/assignments/assignment_07/data/dog_reference/dog_reference.zip    778MB done
Validating package files [==================>-----------------------------]  40% 2/5
[1A[2K[1A[2K[1A[2KCollecting 1 genome record [================================================] 100% 1/1
Downloading: /sciclone/home/tdfelton/SUPERCOMPUTING/assignments/assignment_07/data/dog_reference/dog_reference.zip    778MB done
Validating package files [==================>-----------------------------]  40% 2/5
[1A[2K[1A[2K[1A[2KCollecting 1 genome record [================================================] 100% 1/1
Downloading: /sciclone/home/tdfelton/SUPERCOMPUTING/assignments/assignment_07/data/dog_reference/dog_reference.zip    778MB done
Validating package files [==================>-----------------------------]  40% 2/5
[1A[2K[1A[2K[1A[2KCollecting 1 genome record [================================================] 100% 1/1
Downloading: /sciclone/home/tdfelton/SUPERCOMPUTING/assignments/assignment_07/data/dog_reference/dog_reference.zip    778MB done
Validating package files [==================>-----------------------------]  40% 2/5
[1A[2K[1A[2K[1A[2KCollecting 1 genome record [================================================] 100% 1/1
Downloading: /sciclone/home/tdfelton/SUPERCOMPUTING/assignments/assignment_07/data/dog_reference/dog_reference.zip    778MB done
Validating package files [==================>-----------------------------]  40% 2/5
[1A[2K[1A[2K[1A[2KCollecting 1 genome record [================================================] 100% 1/1
Downloading: /sciclone/home/tdfelton/SUPERCOMPUTING/assignments/assignment_07/data/dog_reference/dog_reference.zip    778MB done
Validating package files [==================>-----------------------------]  40% 2/5
[1A[2K[1A[2K[1A[2KCollecting 1 genome record [================================================] 100% 1/1
Downloading: /sciclone/home/tdfelton/SUPERCOMPUTING/assignments/assignment_07/data/dog_reference/dog_reference.zip    778MB done
Validating package files [==================>-----------------------------]  40% 2/5
[1A[2K[1A[2K[1A[2KCollecting 1 genome record [================================================] 100% 1/1
Downloading: /sciclone/home/tdfelton/SUPERCOMPUTING/assignments/assignment_07/data/dog_reference/dog_reference.zip    778MB done
Validating package files [==================>-----------------------------]  40% 2/5
[1A[2K[1A[2K[1A[2KCollecting 1 genome record [================================================] 100% 1/1
Downloading: /sciclone/home/tdfelton/SUPERCOMPUTING/assignments/assignment_07/data/dog_reference/dog_reference.zip    778MB done
Validating package files [==================>-----------------------------]  40% 2/5
[1A[2K[1A[2K[1A[2KCollecting 1 genome record [================================================] 100% 1/1
Downloading: /sciclone/home/tdfelton/SUPERCOMPUTING/assignments/assignment_07/data/dog_reference/dog_reference.zip    778MB done
Validating package files [==================>-----------------------------]  40% 2/5
[1A[2K[1A[2K[1A[2KCollecting 1 genome record [================================================] 100% 1/1
Downloading: /sciclone/home/tdfelton/SUPERCOMPUTING/assignments/assignment_07/data/dog_reference/dog_reference.zip    778MB done
Validating package files [==================>-----------------------------]  40% 2/5
[1A[2K[1A[2K[1A[2KCollecting 1 genome record [================================================] 100% 1/1
Downloading: /sciclone/home/tdfelton/SUPERCOMPUTING/assignments/assignment_07/data/dog_reference/dog_reference.zip    778MB done
Validating package files [==================>-----------------------------]  40% 2/5
[1A[2K[1A[2K[1A[2KCollecting 1 genome record [================================================] 100% 1/1
Downloading: /sciclone/home/tdfelton/SUPERCOMPUTING/assignments/assignment_07/data/dog_reference/dog_reference.zip    778MB done
Validating package files [==================>-----------------------------]  40% 2/5
[1A[2K[1A[2K[1A[2KCollecting 1 genome record [================================================] 100% 1/1
Downloading: /sciclone/home/tdfelton/SUPERCOMPUTING/assignments/assignment_07/data/dog_reference/dog_reference.zip    778MB done
Validating package files [==================>-----------------------------]  40% 2/5
[1A[2K[1A[2K[1A[2KCollecting 1 genome record [================================================] 100% 1/1
Downloading: /sciclone/home/tdfelton/SUPERCOMPUTING/assignments/assignment_07/data/dog_reference/dog_reference.zip    778MB done
Validating package files [==================>-----------------------------]  40% 2/5
[1A[2K[1A[2K[1A[2KCollecting 1 genome record [================================================] 100% 1/1
Downloading: /sciclone/home/tdfelton/SUPERCOMPUTING/assignments/assignment_07/data/dog_reference/dog_reference.zip    778MB done
Validating package files [==================>-----------------------------]  40% 2/5
[1A[2K[1A[2K[1A[2KCollecting 1 genome record [================================================] 100% 1/1
Downloading: /sciclone/home/tdfelton/SUPERCOMPUTING/assignments/assignment_07/data/dog_reference/dog_reference.zip    778MB done
Validating package files [==================>-----------------------------]  40% 2/5
[1A[2K[1A[2K[1A[2KCollecting 1 genome record [================================================] 100% 1/1
Downloading: /sciclone/home/tdfelton/SUPERCOMPUTING/assignments/assignment_07/data/dog_reference/dog_reference.zip    778MB done
Validating package files [==================>-----------------------------]  40% 2/5
[1A[2K[1A[2K[1A[2KCollecting 1 genome record [================================================] 100% 1/1
Downloading: /sciclone/home/tdfelton/SUPERCOMPUTING/assignments/assignment_07/data/dog_reference/dog_reference.zip    778MB done
Validating package files [==================>-----------------------------]  40% 2/5
[1A[2K[1A[2K[1A[2KCollecting 1 genome record [================================================] 100% 1/1
Downloading: /sciclone/home/tdfelton/SUPERCOMPUTING/assignments/assignment_07/data/dog_reference/dog_reference.zip    778MB done
Validating package files [==================>-----------------------------]  40% 2/5
[1A[2K[1A[2K[1A[2KCollecting 1 genome record [================================================] 100% 1/1
Downloading: /sciclone/home/tdfelton/SUPERCOMPUTING/assignments/assignment_07/data/dog_reference/dog_reference.zip    778MB done
Validating package files [==================>-----------------------------]  40% 2/5
[1A[2K[1A[2K[1A[2KCollecting 1 genome record [================================================] 100% 1/1
Downloading: /sciclone/home/tdfelton/SUPERCOMPUTING/assignments/assignment_07/data/dog_reference/dog_reference.zip    778MB done
Validating package files [==================>-----------------------------]  40% 2/5
[1A[2K[1A[2K[1A[2KCollecting 1 genome record [================================================] 100% 1/1
Downloading: /sciclone/home/tdfelton/SUPERCOMPUTING/assignments/assignment_07/data/dog_reference/dog_reference.zip    778MB done
Validating package files [==================>-----------------------------]  40% 2/5
[1A[2K[1A[2K[1A[2KCollecting 1 genome record [================================================] 100% 1/1
Downloading: /sciclone/home/tdfelton/SUPERCOMPUTING/assignments/assignment_07/data/dog_reference/dog_reference.zip    778MB done
Validating package files [==================>-----------------------------]  40% 2/5
[1A[2K[1A[2K[1A[2KCollecting 1 genome record [================================================] 100% 1/1
Downloading: /sciclone/home/tdfelton/SUPERCOMPUTING/assignments/assignment_07/data/dog_reference/dog_reference.zip    778MB done
Validating package files [==================>-----------------------------]  40% 2/5
[1A[2K[1A[2K[1A[2KCollecting 1 genome record [================================================] 100% 1/1
Downloading: /sciclone/home/tdfelton/SUPERCOMPUTING/assignments/assignment_07/data/dog_reference/dog_reference.zip    778MB done
Validating package files [==================>-----------------------------]  40% 2/5
[1A[2K[1A[2K[1A[2KCollecting 1 genome record [================================================] 100% 1/1
Downloading: /sciclone/home/tdfelton/SUPERCOMPUTING/assignments/assignment_07/data/dog_reference/dog_reference.zip    778MB done
Validating package files [==================>-----------------------------]  40% 2/5
[1A[2K[1A[2K[1A[2KCollecting 1 genome record [================================================] 100% 1/1
Downloading: /sciclone/home/tdfelton/SUPERCOMPUTING/assignments/assignment_07/data/dog_reference/dog_reference.zip    778MB done
Validating package files [==================>-----------------------------]  40% 2/5
[1A[2K[1A[2K[1A[2KCollecting 1 genome record [================================================] 100% 1/1
Downloading: /sciclone/home/tdfelton/SUPERCOMPUTING/assignments/assignment_07/data/dog_reference/dog_reference.zip    778MB done
Validating package files [==================>-----------------------------]  40% 2/5
[1A[2K[1A[2K[1A[2KCollecting 1 genome record [================================================] 100% 1/1
Downloading: /sciclone/home/tdfelton/SUPERCOMPUTING/assignments/assignment_07/data/dog_reference/dog_reference.zip    778MB done
Validating package files [==================>-----------------------------]  40% 2/5
[1A[2K[1A[2K[1A[2KCollecting 1 genome record [================================================] 100% 1/1
Downloading: /sciclone/home/tdfelton/SUPERCOMPUTING/assignments/assignment_07/data/dog_reference/dog_reference.zip    778MB done
Validating package files [==================>-----------------------------]  40% 2/5
[1A[2K[1A[2K[1A[2KCollecting 1 genome record [================================================] 100% 1/1
Downloading: /sciclone/home/tdfelton/SUPERCOMPUTING/assignments/assignment_07/data/dog_reference/dog_reference.zip    778MB done
Validating package files [==================>-----------------------------]  40% 2/5
[1A[2K[1A[2K[1A[2KCollecting 1 genome record [================================================] 100% 1/1
Downloading: /sciclone/home/tdfelton/SUPERCOMPUTING/assignments/assignment_07/data/dog_reference/dog_reference.zip    778MB done
Validating package files [==================>-----------------------------]  40% 2/5
[1A[2K[1A[2K[1A[2KCollecting 1 genome record [================================================] 100% 1/1
Downloading: /sciclone/home/tdfelton/SUPERCOMPUTING/assignments/assignment_07/data/dog_reference/dog_reference.zip    778MB done
Validating package files [==================>-----------------------------]  40% 2/5
[1A[2K[1A[2K[1A[2KCollecting 1 genome record [================================================] 100% 1/1
Downloading: /sciclone/home/tdfelton/SUPERCOMPUTING/assignments/assignment_07/data/dog_reference/dog_reference.zip    778MB done
Validating package files [==================>-----------------------------]  40% 2/5
[1A[2K[1A[2K[1A[2KCollecting 1 genome record [================================================] 100% 1/1
Downloading: /sciclone/home/tdfelton/SUPERCOMPUTING/assignments/assignment_07/data/dog_reference/dog_reference.zip    778MB done
Validating package files [==================>-----------------------------]  40% 2/5
[1A[2K[1A[2K[1A[2KCollecting 1 genome record [================================================] 100% 1/1
Downloading: /sciclone/home/tdfelton/SUPERCOMPUTING/assignments/assignment_07/data/dog_reference/dog_reference.zip    778MB done
Validating package files [==================>-----------------------------]  40% 2/5
[1A[2K[1A[2K[1A[2KCollecting 1 genome record [================================================] 100% 1/1
Downloading: /sciclone/home/tdfelton/SUPERCOMPUTING/assignments/assignment_07/data/dog_reference/dog_reference.zip    778MB done
Validating package files [==================>-----------------------------]  40% 2/5
[1A[2K[1A[2K[1A[2KCollecting 1 genome record [================================================] 100% 1/1
Downloading: /sciclone/home/tdfelton/SUPERCOMPUTING/assignments/assignment_07/data/dog_reference/dog_reference.zip    778MB done
Validating package files [==================>-----------------------------]  40% 2/5
[1A[2K[1A[2K[1A[2KCollecting 1 genome record [================================================] 100% 1/1
Downloading: /sciclone/home/tdfelton/SUPERCOMPUTING/assignments/assignment_07/data/dog_reference/dog_reference.zip    778MB done
Validating package files [==================>-----------------------------]  40% 2/5
[1A[2K[1A[2K[1A[2KCollecting 1 genome record [================================================] 100% 1/1
Downloading: /sciclone/home/tdfelton/SUPERCOMPUTING/assignments/assignment_07/data/dog_reference/dog_reference.zip    778MB done
Validating package files [==================>-----------------------------]  40% 2/5
[1A[2K[1A[2K[1A[2KCollecting 1 genome record [================================================] 100% 1/1
Downloading: /sciclone/home/tdfelton/SUPERCOMPUTING/assignments/assignment_07/data/dog_reference/dog_reference.zip    778MB done
Validating package files [==================>-----------------------------]  40% 2/5
[1A[2K[1A[2K[1A[2KCollecting 1 genome record [================================================] 100% 1/1
Downloading: /sciclone/home/tdfelton/SUPERCOMPUTING/assignments/assignment_07/data/dog_reference/dog_reference.zip    778MB done
Validating package files [==================>-----------------------------]  40% 2/5
[1A[2K[1A[2K[1A[2KCollecting 1 genome record [================================================] 100% 1/1
Downloading: /sciclone/home/tdfelton/SUPERCOMPUTING/assignments/assignment_07/data/dog_reference/dog_reference.zip    778MB done
Validating package files [==================>-----------------------------]  40% 2/5
[1A[2K[1A[2K[1A[2KCollecting 1 genome record [================================================] 100% 1/1
Downloading: /sciclone/home/tdfelton/SUPERCOMPUTING/assignments/assignment_07/data/dog_reference/dog_reference.zip    778MB done
Validating package files [==================>-----------------------------]  40% 2/5
[1A[2K[1A[2K[1A[2KCollecting 1 genome record [================================================] 100% 1/1
Downloading: /sciclone/home/tdfelton/SUPERCOMPUTING/assignments/assignment_07/data/dog_reference/dog_reference.zip    778MB done
Validating package files [==================>-----------------------------]  40% 2/5
[1A[2K[1A[2K[1A[2KCollecting 1 genome record [================================================] 100% 1/1
Downloading: /sciclone/home/tdfelton/SUPERCOMPUTING/assignments/assignment_07/data/dog_reference/dog_reference.zip    778MB done
Validating package files [==================>-----------------------------]  40% 2/5
[1A[2K[1A[2K[1A[2KCollecting 1 genome record [================================================] 100% 1/1
Downloading: /sciclone/home/tdfelton/SUPERCOMPUTING/assignments/assignment_07/data/dog_reference/dog_reference.zip    778MB done
Validating package files [==================>-----------------------------]  40% 2/5
[1A[2K[1A[2K[1A[2KCollecting 1 genome record [================================================] 100% 1/1
Downloading: /sciclone/home/tdfelton/SUPERCOMPUTING/assignments/assignment_07/data/dog_reference/dog_reference.zip    778MB done
Validating package files [==================>-----------------------------]  40% 2/5
[1A[2K[1A[2K[1A[2KCollecting 1 genome record [================================================] 100% 1/1
Downloading: /sciclone/home/tdfelton/SUPERCOMPUTING/assignments/assignment_07/data/dog_reference/dog_reference.zip    778MB done
Validating package files [==================>-----------------------------]  40% 2/5
[1A[2K[1A[2K[1A[2KCollecting 1 genome record [================================================] 100% 1/1
Downloading: /sciclone/home/tdfelton/SUPERCOMPUTING/assignments/assignment_07/data/dog_reference/dog_reference.zip    778MB done
Validating package files [==================>-----------------------------]  40% 2/5
[1A[2K[1A[2K[1A[2KCollecting 1 genome record [================================================] 100% 1/1
Downloading: /sciclone/home/tdfelton/SUPERCOMPUTING/assignments/assignment_07/data/dog_reference/dog_reference.zip    778MB done
Validating package files [==================>-----------------------------]  40% 2/5
[1A[2K[1A[2K[1A[2KCollecting 1 genome record [================================================] 100% 1/1
Downloading: /sciclone/home/tdfelton/SUPERCOMPUTING/assignments/assignment_07/data/dog_reference/dog_reference.zip    778MB done
Validating package files [==================>-----------------------------]  40% 2/5
[1A[2K[1A[2K[1A[2KCollecting 1 genome record [================================================] 100% 1/1
Downloading: /sciclone/home/tdfelton/SUPERCOMPUTING/assignments/assignment_07/data/dog_reference/dog_reference.zip    778MB done
Validating package files [==================>-----------------------------]  40% 2/5
[1A[2K[1A[2K[1A[2KCollecting 1 genome record [================================================] 100% 1/1
Downloading: /sciclone/home/tdfelton/SUPERCOMPUTING/assignments/assignment_07/data/dog_reference/dog_reference.zip    778MB done
Validating package files [==================>-----------------------------]  40% 2/5
[1A[2K[1A[2K[1A[2KCollecting 1 genome record [================================================] 100% 1/1
Downloading: /sciclone/home/tdfelton/SUPERCOMPUTING/assignments/assignment_07/data/dog_reference/dog_reference.zip    778MB done
Validating package files [==================>-----------------------------]  40% 2/5
[1A[2K[1A[2K[1A[2KCollecting 1 genome record [================================================] 100% 1/1
Downloading: /sciclone/home/tdfelton/SUPERCOMPUTING/assignments/assignment_07/data/dog_reference/dog_reference.zip    778MB done
Validating package files [==================>-----------------------------]  40% 2/5
[1A[2K[1A[2K[1A[2KCollecting 1 genome record [================================================] 100% 1/1
Downloading: /sciclone/home/tdfelton/SUPERCOMPUTING/assignments/assignment_07/data/dog_reference/dog_reference.zip    778MB done
Validating package files [==================>-----------------------------]  40% 2/5
[1A[2K[1A[2K[1A[2KCollecting 1 genome record [================================================] 100% 1/1
Downloading: /sciclone/home/tdfelton/SUPERCOMPUTING/assignments/assignment_07/data/dog_reference/dog_reference.zip    778MB done
Validating package files [==================>-----------------------------]  40% 2/5
[1A[2K[1A[2K[1A[2KCollecting 1 genome record [================================================] 100% 1/1
Downloading: /sciclone/home/tdfelton/SUPERCOMPUTING/assignments/assignment_07/data/dog_reference/dog_reference.zip    778MB done
Validating package files [==================>-----------------------------]  40% 2/5
[1A[2K[1A[2K[1A[2KCollecting 1 genome record [================================================] 100% 1/1
Downloading: /sciclone/home/tdfelton/SUPERCOMPUTING/assignments/assignment_07/data/dog_reference/dog_reference.zip    778MB done
Validating package files [==================>-----------------------------]  40% 2/5
[1A[2K[1A[2K[1A[2KCollecting 1 genome record [================================================] 100% 1/1
Downloading: /sciclone/home/tdfelton/SUPERCOMPUTING/assignments/assignment_07/data/dog_reference/dog_reference.zip    778MB done
Validating package files [==================>-----------------------------]  40% 2/5
[1A[2K[1A[2K[1A[2KCollecting 1 genome record [================================================] 100% 1/1
Downloading: /sciclone/home/tdfelton/SUPERCOMPUTING/assignments/assignment_07/data/dog_reference/dog_reference.zip    778MB done
Validating package files [==================>-----------------------------]  40% 2/5
[1A[2K[1A[2K[1A[2KCollecting 1 genome record [================================================] 100% 1/1
Downloading: /sciclone/home/tdfelton/SUPERCOMPUTING/assignments/assignment_07/data/dog_reference/dog_reference.zip    778MB done
Validating package files [==================>-----------------------------]  40% 2/5
[1A[2K[1A[2K[1A[2KCollecting 1 genome record [================================================] 100% 1/1
Downloading: /sciclone/home/tdfelton/SUPERCOMPUTING/assignments/assignment_07/data/dog_reference/dog_reference.zip    778MB done
Validating package files [==================>-----------------------------]  40% 2/5
[1A[2K[1A[2K[1A[2KCollecting 1 genome record [================================================] 100% 1/1
Downloading: /sciclone/home/tdfelton/SUPERCOMPUTING/assignments/assignment_07/data/dog_reference/dog_reference.zip    778MB done
Validating package files [==================>-----------------------------]  40% 2/5
[1A[2K[1A[2K[1A[2KCollecting 1 genome record [================================================] 100% 1/1
Downloading: /sciclone/home/tdfelton/SUPERCOMPUTING/assignments/assignment_07/data/dog_reference/dog_reference.zip    778MB done
Validating package files [==================>-----------------------------]  40% 2/5
[1A[2K[1A[2K[1A[2KCollecting 1 genome record [================================================] 100% 1/1
Downloading: /sciclone/home/tdfelton/SUPERCOMPUTING/assignments/assignment_07/data/dog_reference/dog_reference.zip    778MB done
Validating package files [==================>-----------------------------]  40% 2/5
[1A[2K[1A[2K[1A[2KCollecting 1 genome record [================================================] 100% 1/1
Downloading: /sciclone/home/tdfelton/SUPERCOMPUTING/assignments/assignment_07/data/dog_reference/dog_reference.zip    778MB done
Validating package files [==================>-----------------------------]  40% 2/5
[1A[2K[1A[2K[1A[2KCollecting 1 genome record [================================================] 100% 1/1
Downloading: /sciclone/home/tdfelton/SUPERCOMPUTING/assignments/assignment_07/data/dog_reference/dog_reference.zip    778MB done
Validating package files [==================>-----------------------------]  40% 2/5
[1A[2K[1A[2K[1A[2KCollecting 1 genome record [================================================] 100% 1/1
Downloading: /sciclone/home/tdfelton/SUPERCOMPUTING/assignments/assignment_07/data/dog_reference/dog_reference.zip    778MB done
Validating package files [==================>-----------------------------]  40% 2/5
[1A[2K[1A[2K[1A[2KCollecting 1 genome record [================================================] 100% 1/1
Downloading: /sciclone/home/tdfelton/SUPERCOMPUTING/assignments/assignment_07/data/dog_reference/dog_reference.zip    778MB done
Validating package files [==================>-----------------------------]  40% 2/5
[1A[2K[1A[2K[1A[2KCollecting 1 genome record [================================================] 100% 1/1
Downloading: /sciclone/home/tdfelton/SUPERCOMPUTING/assignments/assignment_07/data/dog_reference/dog_reference.zip    778MB done
Validating package files [==================>-----------------------------]  40% 2/5
[1A[2K[1A[2K[1A[2KCollecting 1 genome record [================================================] 100% 1/1
Downloading: /sciclone/home/tdfelton/SUPERCOMPUTING/assignments/assignment_07/data/dog_reference/dog_reference.zip    778MB done
Validating package files [==================>-----------------------------]  40% 2/5
[1A[2K[1A[2K[1A[2KCollecting 1 genome record [================================================] 100% 1/1
Downloading: /sciclone/home/tdfelton/SUPERCOMPUTING/assignments/assignment_07/data/dog_reference/dog_reference.zip    778MB done
Validating package files [==================>-----------------------------]  40% 2/5
[1A[2K[1A[2K[1A[2KCollecting 1 genome record [================================================] 100% 1/1
Downloading: /sciclone/home/tdfelton/SUPERCOMPUTING/assignments/assignment_07/data/dog_reference/dog_reference.zip    778MB done
Validating package files [==================>-----------------------------]  40% 2/5
[1A[2K[1A[2K[1A[2KCollecting 1 genome record [================================================] 100% 1/1
Downloading: /sciclone/home/tdfelton/SUPERCOMPUTING/assignments/assignment_07/data/dog_reference/dog_reference.zip    778MB done
Validating package files [==================>-----------------------------]  40% 2/5
[1A[2K[1A[2K[1A[2KCollecting 1 genome record [================================================] 100% 1/1
Downloading: /sciclone/home/tdfelton/SUPERCOMPUTING/assignments/assignment_07/data/dog_reference/dog_reference.zip    778MB done
Validating package files [==================>-----------------------------]  40% 2/5
[1A[2K[1A[2K[1A[2KCollecting 1 genome record [================================================] 100% 1/1
Downloading: /sciclone/home/tdfelton/SUPERCOMPUTING/assignments/assignment_07/data/dog_reference/dog_reference.zip    778MB done
Validating package files [==================>-----------------------------]  40% 2/5
[1A[2K[1A[2K[1A[2KCollecting 1 genome record [================================================] 100% 1/1
Downloading: /sciclone/home/tdfelton/SUPERCOMPUTING/assignments/assignment_07/data/dog_reference/dog_reference.zip    778MB done
Validating package files [==================>-----------------------------]  40% 2/5
[1A[2K[1A[2K[1A[2KCollecting 1 genome record [================================================] 100% 1/1
Downloading: /sciclone/home/tdfelton/SUPERCOMPUTING/assignments/assignment_07/data/dog_reference/dog_reference.zip    778MB done
Validating package files [==================>-----------------------------]  40% 2/5
[1A[2K[1A[2K[1A[2KCollecting 1 genome record [================================================] 100% 1/1
Downloading: /sciclone/home/tdfelton/SUPERCOMPUTING/assignments/assignment_07/data/dog_reference/dog_reference.zip    778MB done
Validating package files [==================>-----------------------------]  40% 2/5
[1A[2K[1A[2K[1A[2KCollecting 1 genome record [================================================] 100% 1/1
Downloading: /sciclone/home/tdfelton/SUPERCOMPUTING/assignments/assignment_07/data/dog_reference/dog_reference.zip    778MB done
Validating package files [==================>-----------------------------]  40% 2/5
[1A[2K[1A[2K[1A[2KCollecting 1 genome record [================================================] 100% 1/1
Downloading: /sciclone/home/tdfelton/SUPERCOMPUTING/assignments/assignment_07/data/dog_reference/dog_reference.zip    778MB done
Validating package files [==================>-----------------------------]  40% 2/5
[1A[2K[1A[2K[1A[2KCollecting 1 genome record [================================================] 100% 1/1
Downloading: /sciclone/home/tdfelton/SUPERCOMPUTING/assignments/assignment_07/data/dog_reference/dog_reference.zip    778MB done
Validating package files [==================>-----------------------------]  40% 2/5
[1A[2K[1A[2K[1A[2KCollecting 1 genome record [================================================] 100% 1/1
Downloading: /sciclone/home/tdfelton/SUPERCOMPUTING/assignments/assignment_07/data/dog_reference/dog_reference.zip    778MB done
Validating package files [==================>-----------------------------]  40% 2/5
[1A[2K[1A[2K[1A[2KCollecting 1 genome record [================================================] 100% 1/1
Downloading: /sciclone/home/tdfelton/SUPERCOMPUTING/assignments/assignment_07/data/dog_reference/dog_reference.zip    778MB done
Validating package files [==================>-----------------------------]  40% 2/5
[1A[2K[1A[2K[1A[2KCollecting 1 genome record [================================================] 100% 1/1
Downloading: /sciclone/home/tdfelton/SUPERCOMPUTING/assignments/assignment_07/data/dog_reference/dog_reference.zip    778MB done
Validating package files [==================>-----------------------------]  40% 2/5
[1A[2K[1A[2K[1A[2KCollecting 1 genome record [================================================] 100% 1/1
Downloading: /sciclone/home/tdfelton/SUPERCOMPUTING/assignments/assignment_07/data/dog_reference/dog_reference.zip    778MB done
Validating package files [==================>-----------------------------]  40% 2/5
[1A[2K[1A[2K[1A[2KCollecting 1 genome record [================================================] 100% 1/1
Downloading: /sciclone/home/tdfelton/SUPERCOMPUTING/assignments/assignment_07/data/dog_reference/dog_reference.zip    778MB done
Validating package files [==================>-----------------------------]  40% 2/5
[1A[2K[1A[2K[1A[2KCollecting 1 genome record [================================================] 100% 1/1
Downloading: /sciclone/home/tdfelton/SUPERCOMPUTING/assignments/assignment_07/data/dog_reference/dog_reference.zip    778MB done
Validating package files [==================>-----------------------------]  40% 2/5
[1A[2K[1A[2K[1A[2KCollecting 1 genome record [================================================] 100% 1/1
Downloading: /sciclone/home/tdfelton/SUPERCOMPUTING/assignments/assignment_07/data/dog_reference/dog_reference.zip    778MB done
Validating package files [==================>-----------------------------]  40% 2/5
[1A[2K[1A[2K[1A[2KCollecting 1 genome record [================================================] 100% 1/1
Downloading: /sciclone/home/tdfelton/SUPERCOMPUTING/assignments/assignment_07/data/dog_reference/dog_reference.zip    778MB done
Validating package files [==================>-----------------------------]  40% 2/5
[1A[2K[1A[2K[1A[2KCollecting 1 genome record [================================================] 100% 1/1
Downloading: /sciclone/home/tdfelton/SUPERCOMPUTING/assignments/assignment_07/data/dog_reference/dog_reference.zip    778MB done
Validating package files [==================>-----------------------------]  40% 2/5
[1A[2K[1A[2K[1A[2KCollecting 1 genome record [================================================] 100% 1/1
Downloading: /sciclone/home/tdfelton/SUPERCOMPUTING/assignments/assignment_07/data/dog_reference/dog_reference.zip    778MB done
Validating package files [==================>-----------------------------]  40% 2/5
[1A[2K[1A[2K[1A[2KCollecting 1 genome record [================================================] 100% 1/1
Downloading: /sciclone/home/tdfelton/SUPERCOMPUTING/assignments/assignment_07/data/dog_reference/dog_reference.zip    778MB done
Validating package files [==================>-----------------------------]  40% 2/5
[1A[2K[1A[2K[1A[2KCollecting 1 genome record [================================================] 100% 1/1
Downloading: /sciclone/home/tdfelton/SUPERCOMPUTING/assignments/assignment_07/data/dog_reference/dog_reference.zip    778MB done
Validating package files [==================>-----------------------------]  40% 2/5
[1A[2K[1A[2K[1A[2KCollecting 1 genome record [================================================] 100% 1/1
Downloading: /sciclone/home/tdfelton/SUPERCOMPUTING/assignments/assignment_07/data/dog_reference/dog_reference.zip    778MB done
Validating package files [==================>-----------------------------]  40% 2/5
[1A[2K[1A[2K[1A[2KCollecting 1 genome record [================================================] 100% 1/1
Downloading: /sciclone/home/tdfelton/SUPERCOMPUTING/assignments/assignment_07/data/dog_reference/dog_reference.zip    778MB done
Validating package files [==================>-----------------------------]  40% 2/5
[1A[2K[1A[2K[1A[2KCollecting 1 genome record [================================================] 100% 1/1
Downloading: /sciclone/home/tdfelton/SUPERCOMPUTING/assignments/assignment_07/data/dog_reference/dog_reference.zip    778MB done
Validating package files [==================>-----------------------------]  40% 2/5
[1A[2K[1A[2K[1A[2KCollecting 1 genome record [================================================] 100% 1/1
Downloading: /sciclone/home/tdfelton/SUPERCOMPUTING/assignments/assignment_07/data/dog_reference/dog_reference.zip    778MB done
Validating package files [==================>-----------------------------]  40% 2/5
[1A[2K[1A[2K[1A[2KCollecting 1 genome record [================================================] 100% 1/1
Downloading: /sciclone/home/tdfelton/SUPERCOMPUTING/assignments/assignment_07/data/dog_reference/dog_reference.zip    778MB done
Validating package files [==================>-----------------------------]  40% 2/5
[1A[2K[1A[2K[1A[2KCollecting 1 genome record [================================================] 100% 1/1
Downloading: /sciclone/home/tdfelton/SUPERCOMPUTING/assignments/assignment_07/data/dog_reference/dog_reference.zip    778MB done
Validating package files [==================>-----------------------------]  40% 2/5
[1A[2K[1A[2K[1A[2KCollecting 1 genome record [================================================] 100% 1/1
Downloading: /sciclone/home/tdfelton/SUPERCOMPUTING/assignments/assignment_07/data/dog_reference/dog_reference.zip    778MB done
Validating package files [==================>-----------------------------]  40% 2/5
[1A[2K[1A[2K[1A[2KCollecting 1 genome record [================================================] 100% 1/1
Downloading: /sciclone/home/tdfelton/SUPERCOMPUTING/assignments/assignment_07/data/dog_reference/dog_reference.zip    778MB done
Validating package files [==================>-----------------------------]  40% 2/5
[1A[2K[1A[2K[1A[2KCollecting 1 genome record [================================================] 100% 1/1
Downloading: /sciclone/home/tdfelton/SUPERCOMPUTING/assignments/assignment_07/data/dog_reference/dog_reference.zip    778MB done
Validating package files [==================>-----------------------------]  40% 2/5
[1A[2K[1A[2K[1A[2KCollecting 1 genome record [================================================] 100% 1/1
Downloading: /sciclone/home/tdfelton/SUPERCOMPUTING/assignments/assignment_07/data/dog_reference/dog_reference.zip    778MB done
Validating package files [==================>-----------------------------]  40% 2/5
[1A[2K[1A[2K[1A[2KCollecting 1 genome record [================================================] 100% 1/1
Downloading: /sciclone/home/tdfelton/SUPERCOMPUTING/assignments/assignment_07/data/dog_reference/dog_reference.zip    778MB done
Validating package files [==================>-----------------------------]  40% 2/5
[1A[2K[1A[2K[1A[2KCollecting 1 genome record [================================================] 100% 1/1
Downloading: /sciclone/home/tdfelton/SUPERCOMPUTING/assignments/assignment_07/data/dog_reference/dog_reference.zip    778MB done
Validating package files [==================>-----------------------------]  40% 2/5
[1A[2K[1A[2K[1A[2KCollecting 1 genome record [================================================] 100% 1/1
Downloading: /sciclone/home/tdfelton/SUPERCOMPUTING/assignments/assignment_07/data/dog_reference/dog_reference.zip    778MB done
Validating package files [==================>-----------------------------]  40% 2/5
[1A[2K[1A[2K[1A[2KCollecting 1 genome record [================================================] 100% 1/1
Downloading: /sciclone/home/tdfelton/SUPERCOMPUTING/assignments/assignment_07/data/dog_reference/dog_reference.zip    778MB done
Validating package files [==================>-----------------------------]  40% 2/5
[1A[2K[1A[2K[1A[2KCollecting 1 genome record [================================================] 100% 1/1
Downloading: /sciclone/home/tdfelton/SUPERCOMPUTING/assignments/assignment_07/data/dog_reference/dog_reference.zip    778MB done
Validating package files [==================>-----------------------------]  40% 2/5
[1A[2K[1A[2K[1A[2KCollecting 1 genome record [================================================] 100% 1/1
Downloading: /sciclone/home/tdfelton/SUPERCOMPUTING/assignments/assignment_07/data/dog_reference/dog_reference.zip    778MB done
Validating package files [==================>-----------------------------]  40% 2/5
[1A[2K[1A[2K[1A[2KCollecting 1 genome record [================================================] 100% 1/1
Downloading: /sciclone/home/tdfelton/SUPERCOMPUTING/assignments/assignment_07/data/dog_reference/dog_reference.zip    778MB done
Validating package files [==================>-----------------------------]  40% 2/5
[1A[2K[1A[2K[1A[2KCollecting 1 genome record [================================================] 100% 1/1
Downloading: /sciclone/home/tdfelton/SUPERCOMPUTING/assignments/assignment_07/data/dog_reference/dog_reference.zip    778MB done
Validating package files [==================>-----------------------------]  40% 2/5
[1A[2K[1A[2K[1A[2KCollecting 1 genome record [================================================] 100% 1/1
Downloading: /sciclone/home/tdfelton/SUPERCOMPUTING/assignments/assignment_07/data/dog_reference/dog_reference.zip    778MB done
Validating package files [==================>-----------------------------]  40% 2/5
[1A[2K[1A[2K[1A[2KCollecting 1 genome record [================================================] 100% 1/1
Downloading: /sciclone/home/tdfelton/SUPERCOMPUTING/assignments/assignment_07/data/dog_reference/dog_reference.zip    778MB done
Validating package files [==================>-----------------------------]  40% 2/5
[1A[2K[1A[2K[1A[2KCollecting 1 genome record [================================================] 100% 1/1
Downloading: /sciclone/home/tdfelton/SUPERCOMPUTING/assignments/assignment_07/data/dog_reference/dog_reference.zip    778MB done
Validating package files [==================>-----------------------------]  40% 2/5
[1A[2K[1A[2K[1A[2KCollecting 1 genome record [================================================] 100% 1/1
Downloading: /sciclone/home/tdfelton/SUPERCOMPUTING/assignments/assignment_07/data/dog_reference/dog_reference.zip    778MB done
Validating package files [==================>-----------------------------]  40% 2/5
[1A[2K[1A[2K[1A[2KCollecting 1 genome record [================================================] 100% 1/1
Downloading: /sciclone/home/tdfelton/SUPERCOMPUTING/assignments/assignment_07/data/dog_reference/dog_reference.zip    778MB done
Validating package files [==================>-----------------------------]  40% 2/5
[1A[2K[1A[2K[1A[2KCollecting 1 genome record [================================================] 100% 1/1
Downloading: /sciclone/home/tdfelton/SUPERCOMPUTING/assignments/assignment_07/data/dog_reference/dog_reference.zip    778MB done
Validating package files [==================>-----------------------------]  40% 2/5
[1A[2K[1A[2K[1A[2KCollecting 1 genome record [================================================] 100% 1/1
Downloading: /sciclone/home/tdfelton/SUPERCOMPUTING/assignments/assignment_07/data/dog_reference/dog_reference.zip    778MB done
Validating package files [==================>-----------------------------]  40% 2/5
[1A[2K[1A[2K[1A[2KCollecting 1 genome record [================================================] 100% 1/1
Downloading: /sciclone/home/tdfelton/SUPERCOMPUTING/assignments/assignment_07/data/dog_reference/dog_reference.zip    778MB done
Validating package files [==================>-----------------------------]  40% 2/5
[1A[2K[1A[2K[1A[2KCollecting 1 genome record [================================================] 100% 1/1
Downloading: /sciclone/home/tdfelton/SUPERCOMPUTING/assignments/assignment_07/data/dog_reference/dog_reference.zip    778MB done
Validating package files [==================>-----------------------------]  40% 2/5
[1A[2K[1A[2K[1A[2KCollecting 1 genome record [================================================] 100% 1/1
Downloading: /sciclone/home/tdfelton/SUPERCOMPUTING/assignments/assignment_07/data/dog_reference/dog_reference.zip    778MB done
Validating package files [==================>-----------------------------]  40% 2/5
[1A[2K[1A[2K[1A[2KCollecting 1 genome record [================================================] 100% 1/1
Downloading: /sciclone/home/tdfelton/SUPERCOMPUTING/assignments/assignment_07/data/dog_reference/dog_reference.zip    778MB done
Validating package files [==================>-----------------------------]  40% 2/5
[1A[2K[1A[2K[1A[2KCollecting 1 genome record [================================================] 100% 1/1
Downloading: /sciclone/home/tdfelton/SUPERCOMPUTING/assignments/assignment_07/data/dog_reference/dog_reference.zip    778MB done
Validating package files [==================>-----------------------------]  40% 2/5
[1A[2K[1A[2K[1A[2KCollecting 1 genome record [================================================] 100% 1/1
Downloading: /sciclone/home/tdfelton/SUPERCOMPUTING/assignments/assignment_07/data/dog_reference/dog_reference.zip    778MB done
Validating package files [==================>-----------------------------]  40% 2/5
[1A[2K[1A[2K[1A[2KCollecting 1 genome record [================================================] 100% 1/1
Downloading: /sciclone/home/tdfelton/SUPERCOMPUTING/assignments/assignment_07/data/dog_reference/dog_reference.zip    778MB done
Validating package files [==================>-----------------------------]  40% 2/5
[1A[2K[1A[2K[1A[2KCollecting 1 genome record [================================================] 100% 1/1
Downloading: /sciclone/home/tdfelton/SUPERCOMPUTING/assignments/assignment_07/data/dog_reference/dog_reference.zip    778MB done
Validating package files [==================>-----------------------------]  40% 2/5
[1A[2K[1A[2K[1A[2KCollecting 1 genome record [================================================] 100% 1/1
Downloading: /sciclone/home/tdfelton/SUPERCOMPUTING/assignments/assignment_07/data/dog_reference/dog_reference.zip    778MB done
Validating package files [==================>-----------------------------]  40% 2/5
[1A[2K[1A[2K[1A[2KCollecting 1 genome record [================================================] 100% 1/1
Downloading: /sciclone/home/tdfelton/SUPERCOMPUTING/assignments/assignment_07/data/dog_reference/dog_reference.zip    778MB done
Validating package files [==================>-----------------------------]  40% 2/5
[1A[2K[1A[2K[1A[2KCollecting 1 genome record [================================================] 100% 1/1
Downloading: /sciclone/home/tdfelton/SUPERCOMPUTING/assignments/assignment_07/data/dog_reference/dog_reference.zip    778MB done
Validating package files [==================>-----------------------------]  40% 2/5
[1A[2K[1A[2K[1A[2KCollecting 1 genome record [================================================] 100% 1/1
Downloading: /sciclone/home/tdfelton/SUPERCOMPUTING/assignments/assignment_07/data/dog_reference/dog_reference.zip    778MB done
Validating package files [==================>-----------------------------]  40% 2/5
[1A[2K[1A[2K[1A[2KCollecting 1 genome record [================================================] 100% 1/1
Downloading: /sciclone/home/tdfelton/SUPERCOMPUTING/assignments/assignment_07/data/dog_reference/dog_reference.zip    778MB done
Validating package files [==================>-----------------------------]  40% 2/5
[1A[2K[1A[2K[1A[2KCollecting 1 genome record [================================================] 100% 1/1
Downloading: /sciclone/home/tdfelton/SUPERCOMPUTING/assignments/assignment_07/data/dog_reference/dog_reference.zip    778MB done
Validating package files [==================>-----------------------------]  40% 2/5
[1A[2K[1A[2K[1A[2KCollecting 1 genome record [================================================] 100% 1/1
Downloading: /sciclone/home/tdfelton/SUPERCOMPUTING/assignments/assignment_07/data/dog_reference/dog_reference.zip    778MB done
Validating package files [==================>-----------------------------]  40% 2/5
[1A[2K[1A[2K[1A[2KCollecting 1 genome record [================================================] 100% 1/1
Downloading: /sciclone/home/tdfelton/SUPERCOMPUTING/assignments/assignment_07/data/dog_reference/dog_reference.zip    778MB done
Validating package files [==================>-----------------------------]  40% 2/5
[1A[2K[1A[2K[1A[2KCollecting 1 genome record [================================================] 100% 1/1
Downloading: /sciclone/home/tdfelton/SUPERCOMPUTING/assignments/assignment_07/data/dog_reference/dog_reference.zip    778MB done
Validating package files [==================>-----------------------------]  40% 2/5
[1A[2K[1A[2K[1A[2KCollecting 1 genome record [================================================] 100% 1/1
Downloading: /sciclone/home/tdfelton/SUPERCOMPUTING/assignments/assignment_07/data/dog_reference/dog_reference.zip    778MB done
Validating package files [==================>-----------------------------]  40% 2/5
[1A[2K[1A[2K[1A[2KCollecting 1 genome record [================================================] 100% 1/1
Downloading: /sciclone/home/tdfelton/SUPERCOMPUTING/assignments/assignment_07/data/dog_reference/dog_reference.zip    778MB done
Validating package files [==================>-----------------------------]  40% 2/5
[1A[2K[1A[2K[1A[2KCollecting 1 genome record [================================================] 100% 1/1
Downloading: /sciclone/home/tdfelton/SUPERCOMPUTING/assignments/assignment_07/data/dog_reference/dog_reference.zip    778MB done
Validating package files [==================>-----------------------------]  40% 2/5
[1A[2K[1A[2K[1A[2KCollecting 1 genome record [================================================] 100% 1/1
Downloading: /sciclone/home/tdfelton/SUPERCOMPUTING/assignments/assignment_07/data/dog_reference/dog_reference.zip    778MB done
Validating package files [==================>-----------------------------]  40% 2/5
[1A[2K[1A[2K[1A[2KCollecting 1 genome record [================================================] 100% 1/1
Downloading: /sciclone/home/tdfelton/SUPERCOMPUTING/assignments/assignment_07/data/dog_reference/dog_reference.zip    778MB done
Validating package files [==================>-----------------------------]  40% 2/5
[1A[2K[1A[2K[1A[2KCollecting 1 genome record [================================================] 100% 1/1
Downloading: /sciclone/home/tdfelton/SUPERCOMPUTING/assignments/assignment_07/data/dog_reference/dog_reference.zip    778MB done
Validating package files [==================>-----------------------------]  40% 2/5
[1A[2K[1A[2K[1A[2KCollecting 1 genome record [================================================] 100% 1/1
Downloading: /sciclone/home/tdfelton/SUPERCOMPUTING/assignments/assignment_07/data/dog_reference/dog_reference.zip    778MB done
Validating package files [==================>-----------------------------]  40% 2/5
[1A[2K[1A[2K[1A[2KCollecting 1 genome record [================================================] 100% 1/1
Downloading: /sciclone/home/tdfelton/SUPERCOMPUTING/assignments/assignment_07/data/dog_reference/dog_reference.zip    778MB done
Validating package files [==================>-----------------------------]  40% 2/5
[1A[2K[1A[2K[1A[2KCollecting 1 genome record [================================================] 100% 1/1
Downloading: /sciclone/home/tdfelton/SUPERCOMPUTING/assignments/assignment_07/data/dog_reference/dog_reference.zip    778MB done
Validating package files [==================>-----------------------------]  40% 2/5
[1A[2K[1A[2K[1A[2KCollecting 1 genome record [================================================] 100% 1/1
Downloading: /sciclone/home/tdfelton/SUPERCOMPUTING/assignments/assignment_07/data/dog_reference/dog_reference.zip    778MB done
Validating package files [==================>-----------------------------]  40% 2/5
[1A[2K[1A[2K[1A[2KCollecting 1 genome record [================================================] 100% 1/1
Downloading: /sciclone/home/tdfelton/SUPERCOMPUTING/assignments/assignment_07/data/dog_reference/dog_reference.zip    778MB done
Validating package files [==================>-----------------------------]  40% 2/5
[1A[2K[1A[2K[1A[2KCollecting 1 genome record [================================================] 100% 1/1
Downloading: /sciclone/home/tdfelton/SUPERCOMPUTING/assignments/assignment_07/data/dog_reference/dog_reference.zip    778MB done
Validating package files [==================>-----------------------------]  40% 2/5
[1A[2K[1A[2K[1A[2KCollecting 1 genome record [================================================] 100% 1/1
Downloading: /sciclone/home/tdfelton/SUPERCOMPUTING/assignments/assignment_07/data/dog_reference/dog_reference.zip    778MB done
Validating package files [==================>-----------------------------]  40% 2/5
[1A[2K[1A[2K[1A[2KCollecting 1 genome record [================================================] 100% 1/1
Downloading: /sciclone/home/tdfelton/SUPERCOMPUTING/assignments/assignment_07/data/dog_reference/dog_reference.zip    778MB done
Validating package files [==================>-----------------------------]  40% 2/5
[1A[2K[1A[2K[1A[2KCollecting 1 genome record [================================================] 100% 1/1
Downloading: /sciclone/home/tdfelton/SUPERCOMPUTING/assignments/assignment_07/data/dog_reference/dog_reference.zip    778MB done
Validating package files [==================>-----------------------------]  40% 2/5
[1A[2K[1A[2K[1A[2KCollecting 1 genome record [================================================] 100% 1/1
Downloading: /sciclone/home/tdfelton/SUPERCOMPUTING/assignments/assignment_07/data/dog_reference/dog_reference.zip    778MB done
Validating package files [==================>-----------------------------]  40% 2/5
[1A[2K[1A[2K[1A[2KCollecting 1 genome record [================================================] 100% 1/1
Downloading: /sciclone/home/tdfelton/SUPERCOMPUTING/assignments/assignment_07/data/dog_reference/dog_reference.zip    778MB done
Validating package files [==================>-----------------------------]  40% 2/5
[1A[2K[1A[2K[1A[2KCollecting 1 genome record [================================================] 100% 1/1
Downloading: /sciclone/home/tdfelton/SUPERCOMPUTING/assignments/assignment_07/data/dog_reference/dog_reference.zip    778MB done
Validating package files [==================>-----------------------------]  40% 2/5
[1A[2K[1A[2K[1A[2KCollecting 1 genome record [================================================] 100% 1/1
Downloading: /sciclone/home/tdfelton/SUPERCOMPUTING/assignments/assignment_07/data/dog_reference/dog_reference.zip    778MB done
Validating package files [==================>-----------------------------]  40% 2/5
[1A[2K[1A[2K[1A[2KCollecting 1 genome record [================================================] 100% 1/1
Downloading: /sciclone/home/tdfelton/SUPERCOMPUTING/assignments/assignment_07/data/dog_reference/dog_reference.zip    778MB done
Validating package files [==================>-----------------------------]  40% 2/5
[1A[2K[1A[2K[1A[2KCollecting 1 genome record [================================================] 100% 1/1
Downloading: /sciclone/home/tdfelton/SUPERCOMPUTING/assignments/assignment_07/data/dog_reference/dog_reference.zip    778MB done
Validating package files [==================>-----------------------------]  40% 2/5
[1A[2K[1A[2K[1A[2KCollecting 1 genome record [================================================] 100% 1/1
Downloading: /sciclone/home/tdfelton/SUPERCOMPUTING/assignments/assignment_07/data/dog_reference/dog_reference.zip    778MB done
Validating package files [==================>-----------------------------]  40% 2/5
[1A[2K[1A[2K[1A[2KCollecting 1 genome record [================================================] 100% 1/1
Downloading: /sciclone/home/tdfelton/SUPERCOMPUTING/assignments/assignment_07/data/dog_reference/dog_reference.zip    778MB done
Validating package files [==================>-----------------------------]  40% 2/5
[1A[2K[1A[2K[1A[2KCollecting 1 genome record [================================================] 100% 1/1
Downloading: /sciclone/home/tdfelton/SUPERCOMPUTING/assignments/assignment_07/data/dog_reference/dog_reference.zip    778MB done
Validating package files [==================>-----------------------------]  40% 2/5
[1A[2K[1A[2K[1A[2KCollecting 1 genome record [================================================] 100% 1/1
Downloading: /sciclone/home/tdfelton/SUPERCOMPUTING/assignments/assignment_07/data/dog_reference/dog_reference.zip    778MB done
Validating package files [==================>-----------------------------]  40% 2/5
[1A[2K[1A[2K[1A[2KCollecting 1 genome record [================================================] 100% 1/1
Downloading: /sciclone/home/tdfelton/SUPERCOMPUTING/assignments/assignment_07/data/dog_reference/dog_reference.zip    778MB done
Validating package files [==================>-----------------------------]  40% 2/5
[1A[2K[1A[2K[1A[2KCollecting 1 genome record [================================================] 100% 1/1
Downloading: /sciclone/home/tdfelton/SUPERCOMPUTING/assignments/assignment_07/data/dog_reference/dog_reference.zip    778MB done
Validating package files [==================>-----------------------------]  40% 2/5
[1A[2K[1A[2K[1A[2KCollecting 1 genome record [================================================] 100% 1/1
Downloading: /sciclone/home/tdfelton/SUPERCOMPUTING/assignments/assignment_07/data/dog_reference/dog_reference.zip    778MB done
Validating package files [==================>-----------------------------]  40% 2/5
[1A[2K[1A[2K[1A[2KCollecting 1 genome record [================================================] 100% 1/1
Downloading: /sciclone/home/tdfelton/SUPERCOMPUTING/assignments/assignment_07/data/dog_reference/dog_reference.zip    778MB done
Validating package files [==================>-----------------------------]  40% 2/5
[1A[2K[1A[2K[1A[2KCollecting 1 genome record [================================================] 100% 1/1
Downloading: /sciclone/home/tdfelton/SUPERCOMPUTING/assignments/assignment_07/data/dog_reference/dog_reference.zip    778MB done
Validating package files [==================>-----------------------------]  40% 2/5
[1A[2K[1A[2K[1A[2KCollecting 1 genome record [================================================] 100% 1/1
Downloading: /sciclone/home/tdfelton/SUPERCOMPUTING/assignments/assignment_07/data/dog_reference/dog_reference.zip    778MB done
Validating package files [==================>-----------------------------]  40% 2/5
[1A[2K[1A[2K[1A[2KCollecting 1 genome record [================================================] 100% 1/1
Downloading: /sciclone/home/tdfelton/SUPERCOMPUTING/assignments/assignment_07/data/dog_reference/dog_reference.zip    778MB done
Validating package files [==================>-----------------------------]  40% 2/5
[1A[2K[1A[2K[1A[2KCollecting 1 genome record [================================================] 100% 1/1
Downloading: /sciclone/home/tdfelton/SUPERCOMPUTING/assignments/assignment_07/data/dog_reference/dog_reference.zip    778MB done
Validating package files [==================>-----------------------------]  40% 2/5
[1A[2K[1A[2K[1A[2KCollecting 1 genome record [================================================] 100% 1/1
Downloading: /sciclone/home/tdfelton/SUPERCOMPUTING/assignments/assignment_07/data/dog_reference/dog_reference.zip    778MB done
Validating package files [==================>-----------------------------]  40% 2/5
[1A[2K[1A[2K[1A[2KCollecting 1 genome record [================================================] 100% 1/1
Downloading: /sciclone/home/tdfelton/SUPERCOMPUTING/assignments/assignment_07/data/dog_reference/dog_reference.zip    778MB done
Validating package files [==================>-----------------------------]  40% 2/5
[1A[2K[1A[2K[1A[2KCollecting 1 genome record [================================================] 100% 1/1
Downloading: /sciclone/home/tdfelton/SUPERCOMPUTING/assignments/assignment_07/data/dog_reference/dog_reference.zip    778MB done
Validating package files [==================>-----------------------------]  40% 2/5
[1A[2K[1A[2K[1A[2KCollecting 1 genome record [================================================] 100% 1/1
Downloading: /sciclone/home/tdfelton/SUPERCOMPUTING/assignments/assignment_07/data/dog_reference/dog_reference.zip    778MB done
Validating package files [==================>-----------------------------]  40% 2/5
[1A[2K[1A[2K[1A[2KCollecting 1 genome record [================================================] 100% 1/1
Downloading: /sciclone/home/tdfelton/SUPERCOMPUTING/assignments/assignment_07/data/dog_reference/dog_reference.zip    778MB done
Validating package files [==================>-----------------------------]  40% 2/5
[1A[2K[1A[2K[1A[2KCollecting 1 genome record [================================================] 100% 1/1
Downloading: /sciclone/home/tdfelton/SUPERCOMPUTING/assignments/assignment_07/data/dog_reference/dog_reference.zip    778MB done
Validating package files [==================>-----------------------------]  40% 2/5
[1A[2K[1A[2K[1A[2KCollecting 1 genome record [================================================] 100% 1/1
Downloading: /sciclone/home/tdfelton/SUPERCOMPUTING/assignments/assignment_07/data/dog_reference/dog_reference.zip    778MB done
Validating package files [==================>-----------------------------]  40% 2/5
[1A[2K[1A[2K[1A[2KCollecting 1 genome record [================================================] 100% 1/1
Downloading: /sciclone/home/tdfelton/SUPERCOMPUTING/assignments/assignment_07/data/dog_reference/dog_reference.zip    778MB done
Validating package files [==================>-----------------------------]  40% 2/5
[1A[2K[1A[2K[1A[2KCollecting 1 genome record [================================================] 100% 1/1
Downloading: /sciclone/home/tdfelton/SUPERCOMPUTING/assignments/assignment_07/data/dog_reference/dog_reference.zip    778MB done
Validating package files [==================>-----------------------------]  40% 2/5
[1A[2K[1A[2K[1A[2KCollecting 1 genome record [================================================] 100% 1/1
Downloading: /sciclone/home/tdfelton/SUPERCOMPUTING/assignments/assignment_07/data/dog_reference/dog_reference.zip    778MB done
Validating package files [==================>-----------------------------]  40% 2/5
[1A[2K[1A[2K[1A[2KCollecting 1 genome record [================================================] 100% 1/1
Downloading: /sciclone/home/tdfelton/SUPERCOMPUTING/assignments/assignment_07/data/dog_reference/dog_reference.zip    778MB done
Validating package files [==================>-----------------------------]  40% 2/5
[1A[2K[1A[2K[1A[2KCollecting 1 genome record [================================================] 100% 1/1
Downloading: /sciclone/home/tdfelton/SUPERCOMPUTING/assignments/assignment_07/data/dog_reference/dog_reference.zip    778MB done
Validating package files [==================>-----------------------------]  40% 2/5
[1A[2K[1A[2K[1A[2KCollecting 1 genome record [================================================] 100% 1/1
Downloading: /sciclone/home/tdfelton/SUPERCOMPUTING/assignments/assignment_07/data/dog_reference/dog_reference.zip    778MB done
Validating package files [==================>-----------------------------]  40% 2/5
[1A[2K[1A[2K[1A[2KCollecting 1 genome record [================================================] 100% 1/1
Downloading: /sciclone/home/tdfelton/SUPERCOMPUTING/assignments/assignment_07/data/dog_reference/dog_reference.zip    778MB done
Validating package files [==================>-----------------------------]  40% 2/5
[1A[2K[1A[2K[1A[2KCollecting 1 genome record [================================================] 100% 1/1
Downloading: /sciclone/home/tdfelton/SUPERCOMPUTING/assignments/assignment_07/data/dog_reference/dog_reference.zip    778MB done
Validating package files [==================>-----------------------------]  40% 2/5
[1A[2K[1A[2K[1A[2KCollecting 1 genome record [================================================] 100% 1/1
Downloading: /sciclone/home/tdfelton/SUPERCOMPUTING/assignments/assignment_07/data/dog_reference/dog_reference.zip    778MB done
Validating package files [==================>-----------------------------]  40% 2/5
[1A[2K[1A[2K[1A[2KCollecting 1 genome record [================================================] 100% 1/1
Downloading: /sciclone/home/tdfelton/SUPERCOMPUTING/assignments/assignment_07/data/dog_reference/dog_reference.zip    778MB done
Validating package files [==================>-----------------------------]  40% 2/5
[1A[2K[1A[2K[1A[2KCollecting 1 genome record [================================================] 100% 1/1
Downloading: /sciclone/home/tdfelton/SUPERCOMPUTING/assignments/assignment_07/data/dog_reference/dog_reference.zip    778MB done
Validating package files [==================>-----------------------------]  40% 2/5
[1A[2K[1A[2K[1A[2KCollecting 1 genome record [================================================] 100% 1/1
Downloading: /sciclone/home/tdfelton/SUPERCOMPUTING/assignments/assignment_07/data/dog_reference/dog_reference.zip    778MB done
Validating package files [==================>-----------------------------]  40% 2/5
[1A[2K[1A[2K[1A[2KCollecting 1 genome record [================================================] 100% 1/1
Downloading: /sciclone/home/tdfelton/SUPERCOMPUTING/assignments/assignment_07/data/dog_reference/dog_reference.zip    778MB done
Validating package files [==================>-----------------------------]  40% 2/5
[1A[2K[1A[2K[1A[2KCollecting 1 genome record [================================================] 100% 1/1
Downloading: /sciclone/home/tdfelton/SUPERCOMPUTING/assignments/assignment_07/data/dog_reference/dog_reference.zip    778MB done
Validating package files [==================>-----------------------------]  40% 2/5
[1A[2K[1A[2K[1A[2KCollecting 1 genome record [================================================] 100% 1/1
Downloading: /sciclone/home/tdfelton/SUPERCOMPUTING/assignments/assignment_07/data/dog_reference/dog_reference.zip    778MB done
Validating package files [==================>-----------------------------]  40% 2/5
[1A[2K[1A[2K[1A[2KCollecting 1 genome record [================================================] 100% 1/1
Downloading: /sciclone/home/tdfelton/SUPERCOMPUTING/assignments/assignment_07/data/dog_reference/dog_reference.zip    778MB done
Validating package files [==================>-----------------------------]  40% 2/5
[1A[2K[1A[2K[1A[2KCollecting 1 genome record [================================================] 100% 1/1
Downloading: /sciclone/home/tdfelton/SUPERCOMPUTING/assignments/assignment_07/data/dog_reference/dog_reference.zip    778MB done
Validating package files [==================>-----------------------------]  40% 2/5
[1A[2K[1A[2K[1A[2KCollecting 1 genome record [================================================] 100% 1/1
Downloading: /sciclone/home/tdfelton/SUPERCOMPUTING/assignments/assignment_07/data/dog_reference/dog_reference.zip    778MB done
Validating package files [==================>-----------------------------]  40% 2/5
[1A[2K[1A[2K[1A[2KCollecting 1 genome record [================================================] 100% 1/1
Downloading: /sciclone/home/tdfelton/SUPERCOMPUTING/assignments/assignment_07/data/dog_reference/dog_reference.zip    778MB done
Validating package files [==================>-----------------------------]  40% 2/5
[1A[2K[1A[2K[1A[2KCollecting 1 genome record [================================================] 100% 1/1
Downloading: /sciclone/home/tdfelton/SUPERCOMPUTING/assignments/assignment_07/data/dog_reference/dog_reference.zip    778MB done
Validating package files [==================>-----------------------------]  40% 2/5
[1A[2K[1A[2K[1A[2KCollecting 1 genome record [================================================] 100% 1/1
Downloading: /sciclone/home/tdfelton/SUPERCOMPUTING/assignments/assignment_07/data/dog_reference/dog_reference.zip    778MB done
Validating package files [==================>-----------------------------]  40% 2/5
[1A[2K[1A[2K[1A[2KCollecting 1 genome record [================================================] 100% 1/1
Downloading: /sciclone/home/tdfelton/SUPERCOMPUTING/assignments/assignment_07/data/dog_reference/dog_reference.zip    778MB done
Validating package files [==================>-----------------------------]  40% 2/5
[1A[2K[1A[2K[1A[2KCollecting 1 genome record [================================================] 100% 1/1
Downloading: /sciclone/home/tdfelton/SUPERCOMPUTING/assignments/assignment_07/data/dog_reference/dog_reference.zip    778MB done
Validating package files [==================>-----------------------------]  40% 2/5
[1A[2K[1A[2K[1A[2KCollecting 1 genome record [================================================] 100% 1/1
Downloading: /sciclone/home/tdfelton/SUPERCOMPUTING/assignments/assignment_07/data/dog_reference/dog_reference.zip    778MB done
Validating package files [==================>-----------------------------]  40% 2/5
[1A[2K[1A[2K[1A[2KCollecting 1 genome record [================================================] 100% 1/1
Downloading: /sciclone/home/tdfelton/SUPERCOMPUTING/assignments/assignment_07/data/dog_reference/dog_reference.zip    778MB done
Validating package files [==================>-----------------------------]  40% 2/5
[1A[2K[1A[2K[1A[2KCollecting 1 genome record [================================================] 100% 1/1
Downloading: /sciclone/home/tdfelton/SUPERCOMPUTING/assignments/assignment_07/data/dog_reference/dog_reference.zip    778MB done
Validating package files [==================>-----------------------------]  40% 2/5
[1A[2K[1A[2K[1A[2KCollecting 1 genome record [================================================] 100% 1/1
Downloading: /sciclone/home/tdfelton/SUPERCOMPUTING/assignments/assignment_07/data/dog_reference/dog_reference.zip    778MB done
Validating package files [==================>-----------------------------]  40% 2/5
[1A[2K[1A[2K[1A[2KCollecting 1 genome record [================================================] 100% 1/1
Downloading: /sciclone/home/tdfelton/SUPERCOMPUTING/assignments/assignment_07/data/dog_reference/dog_reference.zip    778MB done
Validating package files [==================>-----------------------------]  40% 2/5
[1A[2K[1A[2K[1A[2KCollecting 1 genome record [================================================] 100% 1/1
Downloading: /sciclone/home/tdfelton/SUPERCOMPUTING/assignments/assignment_07/data/dog_reference/dog_reference.zip    778MB done
Validating package files [==================>-----------------------------]  40% 2/5
[1A[2K[1A[2K[1A[2KCollecting 1 genome record [================================================] 100% 1/1
Downloading: /sciclone/home/tdfelton/SUPERCOMPUTING/assignments/assignment_07/data/dog_reference/dog_reference.zip    778MB done
Validating package files [==================>-----------------------------]  40% 2/5
[1A[2K[1A[2K[1A[2KCollecting 1 genome record [================================================] 100% 1/1
Downloading: /sciclone/home/tdfelton/SUPERCOMPUTING/assignments/assignment_07/data/dog_reference/dog_reference.zip    778MB done
Validating package files [==================>-----------------------------]  40% 2/5
[1A[2K[1A[2K[1A[2KCollecting 1 genome record [================================================] 100% 1/1
Downloading: /sciclone/home/tdfelton/SUPERCOMPUTING/assignments/assignment_07/data/dog_reference/dog_reference.zip    778MB done
Validating package files [==================>-----------------------------]  40% 2/5
[1A[2K[1A[2K[1A[2KCollecting 1 genome record [================================================] 100% 1/1
Downloading: /sciclone/home/tdfelton/SUPERCOMPUTING/assignments/assignment_07/data/dog_reference/dog_reference.zip    778MB done
Validating package files [==================>-----------------------------]  40% 2/5
[1A[2K[1A[2K[1A[2KCollecting 1 genome record [================================================] 100% 1/1
Downloading: /sciclone/home/tdfelton/SUPERCOMPUTING/assignments/assignment_07/data/dog_reference/dog_reference.zip    778MB done
Validating package files [==================>-----------------------------]  40% 2/5
[1A[2K[1A[2K[1A[2KCollecting 1 genome record [================================================] 100% 1/1
Downloading: /sciclone/home/tdfelton/SUPERCOMPUTING/assignments/assignment_07/data/dog_reference/dog_reference.zip    778MB done
Validating package files [==================>-----------------------------]  40% 2/5
[1A[2K[1A[2K[1A[2KCollecting 1 genome record [================================================] 100% 1/1
Downloading: /sciclone/home/tdfelton/SUPERCOMPUTING/assignments/assignment_07/data/dog_reference/dog_reference.zip    778MB done
Validating package files [==================>-----------------------------]  40% 2/5
[1A[2K[1A[2K[1A[2KCollecting 1 genome record [================================================] 100% 1/1
Downloading: /sciclone/home/tdfelton/SUPERCOMPUTING/assignments/assignment_07/data/dog_reference/dog_reference.zip    778MB done
Validating package files [==================>-----------------------------]  40% 2/5
[1A[2K[1A[2K[1A[2KCollecting 1 genome record [================================================] 100% 1/1
Downloading: /sciclone/home/tdfelton/SUPERCOMPUTING/assignments/assignment_07/data/dog_reference/dog_reference.zip    778MB done
Validating package files [==================>-----------------------------]  40% 2/5
[1A[2K[1A[2K[1A[2KCollecting 1 genome record [================================================] 100% 1/1
Downloading: /sciclone/home/tdfelton/SUPERCOMPUTING/assignments/assignment_07/data/dog_reference/dog_reference.zip    778MB done
Validating package files [==================>-----------------------------]  40% 2/5
[1A[2K[1A[2K[1A[2KCollecting 1 genome record [================================================] 100% 1/1
Downloading: /sciclone/home/tdfelton/SUPERCOMPUTING/assignments/assignment_07/data/dog_reference/dog_reference.zip    778MB done
Validating package files [==================>-----------------------------]  40% 2/5
[1A[2K[1A[2K[1A[2KCollecting 1 genome record [================================================] 100% 1/1
Downloading: /sciclone/home/tdfelton/SUPERCOMPUTING/assignments/assignment_07/data/dog_reference/dog_reference.zip    778MB done
Validating package files [==================>-----------------------------]  40% 2/5
[1A[2K[1A[2K[1A[2KCollecting 1 genome record [================================================] 100% 1/1
Downloading: /sciclone/home/tdfelton/SUPERCOMPUTING/assignments/assignment_07/data/dog_reference/dog_reference.zip    778MB done
Validating package files [==================>-----------------------------]  40% 2/5
[1A[2K[1A[2K[1A[2KCollecting 1 genome record [================================================] 100% 1/1
Downloading: /sciclone/home/tdfelton/SUPERCOMPUTING/assignments/assignment_07/data/dog_reference/dog_reference.zip    778MB done
Validating package files [==================>-----------------------------]  40% 2/5
[1A[2K[1A[2K[1A[2KCollecting 1 genome record [================================================] 100% 1/1
Downloading: /sciclone/home/tdfelton/SUPERCOMPUTING/assignments/assignment_07/data/dog_reference/dog_reference.zip    778MB done
Validating package files [==================>-----------------------------]  40% 2/5
[1A[2K[1A[2K[1A[2KCollecting 1 genome record [================================================] 100% 1/1
Downloading: /sciclone/home/tdfelton/SUPERCOMPUTING/assignments/assignment_07/data/dog_reference/dog_reference.zip    778MB done
Validating package files [==================>-----------------------------]  40% 2/5
[1A[2K[1A[2K[1A[2KCollecting 1 genome record [================================================] 100% 1/1
Downloading: /sciclone/home/tdfelton/SUPERCOMPUTING/assignments/assignment_07/data/dog_reference/dog_reference.zip    778MB done
Validating package files [==================>-----------------------------]  40% 2/5
[1A[2K[1A[2K[1A[2KCollecting 1 genome record [================================================] 100% 1/1
Downloading: /sciclone/home/tdfelton/SUPERCOMPUTING/assignments/assignment_07/data/dog_reference/dog_reference.zip    778MB done
Validating package files [==================>-----------------------------]  40% 2/5
[1A[2K[1A[2K[1A[2KCollecting 1 genome record [================================================] 100% 1/1
Downloading: /sciclone/home/tdfelton/SUPERCOMPUTING/assignments/assignment_07/data/dog_reference/dog_reference.zip    778MB done
Validating package files [==================>-----------------------------]  40% 2/5
[1A[2K[1A[2K[1A[2KCollecting 1 genome record [================================================] 100% 1/1
Downloading: /sciclone/home/tdfelton/SUPERCOMPUTING/assignments/assignment_07/data/dog_reference/dog_reference.zip    778MB done
Validating package files [==================>-----------------------------]  40% 2/5
[1A[2K[1A[2K[1A[2KCollecting 1 genome record [================================================] 100% 1/1
Downloading: /sciclone/home/tdfelton/SUPERCOMPUTING/assignments/assignment_07/data/dog_reference/dog_reference.zip    778MB done
Validating package files [==================>-----------------------------]  40% 2/5
[1A[2K[1A[2K[1A[2KCollecting 1 genome record [================================================] 100% 1/1
Downloading: /sciclone/home/tdfelton/SUPERCOMPUTING/assignments/assignment_07/data/dog_reference/dog_reference.zip    778MB done
Validating package files [==================>-----------------------------]  40% 2/5
[1A[2K[1A[2K[1A[2KCollecting 1 genome record [================================================] 100% 1/1
Downloading: /sciclone/home/tdfelton/SUPERCOMPUTING/assignments/assignment_07/data/dog_reference/dog_reference.zip    778MB done
Validating package files [==================>-----------------------------]  40% 2/5
[1A[2K[1A[2K[1A[2KCollecting 1 genome record [================================================] 100% 1/1
Downloading: /sciclone/home/tdfelton/SUPERCOMPUTING/assignments/assignment_07/data/dog_reference/dog_reference.zip    778MB done
Validating package files [==================>-----------------------------]  40% 2/5
[1A[2K[1A[2K[1A[2KCollecting 1 genome record [================================================] 100% 1/1
Downloading: /sciclone/home/tdfelton/SUPERCOMPUTING/assignments/assignment_07/data/dog_reference/dog_reference.zip    778MB done
Validating package files [==================>-----------------------------]  40% 2/5
[1A[2K[1A[2K[1A[2KCollecting 1 genome record [================================================] 100% 1/1
Downloading: /sciclone/home/tdfelton/SUPERCOMPUTING/assignments/assignment_07/data/dog_reference/dog_reference.zip    778MB done
Validating package files [==================>-----------------------------]  40% 2/5
[1A[2K[1A[2K[1A[2KCollecting 1 genome record [================================================] 100% 1/1
Downloading: /sciclone/home/tdfelton/SUPERCOMPUTING/assignments/assignment_07/data/dog_reference/dog_reference.zip    778MB done
Validating package files [==================>-----------------------------]  40% 2/5
[1A[2K[1A[2K[1A[2KCollecting 1 genome record [================================================] 100% 1/1
Downloading: /sciclone/home/tdfelton/SUPERCOMPUTING/assignments/assignment_07/data/dog_reference/dog_reference.zip    778MB done
Validating package files [==================>-----------------------------]  40% 2/5
[1A[2K[1A[2K[1A[2KCollecting 1 genome record [================================================] 100% 1/1
Downloading: /sciclone/home/tdfelton/SUPERCOMPUTING/assignments/assignment_07/data/dog_reference/dog_reference.zip    778MB done
Validating package files [==================>-----------------------------]  40% 2/5
[1A[2K[1A[2K[1A[2KCollecting 1 genome record [================================================] 100% 1/1
Downloading: /sciclone/home/tdfelton/SUPERCOMPUTING/assignments/assignment_07/data/dog_reference/dog_reference.zip    778MB done
Validating package files [==================>-----------------------------]  40% 2/5
[1A[2K[1A[2K[1A[2KCollecting 1 genome record [================================================] 100% 1/1
Downloading: /sciclone/home/tdfelton/SUPERCOMPUTING/assignments/assignment_07/data/dog_reference/dog_reference.zip    778MB done
Validating package files [==================>-----------------------------]  40% 2/5
[1A[2K[1A[2K[1A[2KCollecting 1 genome record [================================================] 100% 1/1
Downloading: /sciclone/home/tdfelton/SUPERCOMPUTING/assignments/assignment_07/data/dog_reference/dog_reference.zip    778MB done
Validating package files [==================>-----------------------------]  40% 2/5
[1A[2K[1A[2K[1A[2KCollecting 1 genome record [================================================] 100% 1/1
Downloading: /sciclone/home/tdfelton/SUPERCOMPUTING/assignments/assignment_07/data/dog_reference/dog_reference.zip    778MB done
Validating package files [==================>-----------------------------]  40% 2/5
[1A[2K[1A[2K[1A[2KCollecting 1 genome record [================================================] 100% 1/1
Downloading: /sciclone/home/tdfelton/SUPERCOMPUTING/assignments/assignment_07/data/dog_reference/dog_reference.zip    778MB done
Validating package files [==================>-----------------------------]  40% 2/5
[1A[2K[1A[2K[1A[2KCollecting 1 genome record [================================================] 100% 1/1
Downloading: /sciclone/home/tdfelton/SUPERCOMPUTING/assignments/assignment_07/data/dog_reference/dog_reference.zip    778MB done
Validating package files [==================>-----------------------------]  40% 2/5
[1A[2K[1A[2K[1A[2KCollecting 1 genome record [================================================] 100% 1/1
Downloading: /sciclone/home/tdfelton/SUPERCOMPUTING/assignments/assignment_07/data/dog_reference/dog_reference.zip    778MB done
Validating package files [==================>-----------------------------]  40% 2/5
[1A[2K[1A[2K[1A[2KCollecting 1 genome record [================================================] 100% 1/1
Downloading: /sciclone/home/tdfelton/SUPERCOMPUTING/assignments/assignment_07/data/dog_reference/dog_reference.zip    778MB done
Validating package files [==================>-----------------------------]  40% 2/5
[1A[2K[1A[2K[1A[2KCollecting 1 genome record [================================================] 100% 1/1
Downloading: /sciclone/home/tdfelton/SUPERCOMPUTING/assignments/assignment_07/data/dog_reference/dog_reference.zip    778MB done
Validating package files [==================>-----------------------------]  40% 2/5
[1A[2K[1A[2K[1A[2KCollecting 1 genome record [================================================] 100% 1/1
Downloading: /sciclone/home/tdfelton/SUPERCOMPUTING/assignments/assignment_07/data/dog_reference/dog_reference.zip    778MB done
Validating package files [==================>-----------------------------]  40% 2/5
[1A[2K[1A[2K[1A[2KCollecting 1 genome record [================================================] 100% 1/1
Downloading: /sciclone/home/tdfelton/SUPERCOMPUTING/assignments/assignment_07/data/dog_reference/dog_reference.zip    778MB done
Validating package files [==================>-----------------------------]  40% 2/5
[1A[2K[1A[2K[1A[2KCollecting 1 genome record [================================================] 100% 1/1
Downloading: /sciclone/home/tdfelton/SUPERCOMPUTING/assignments/assignment_07/data/dog_reference/dog_reference.zip    778MB done
Validating package files [==================>-----------------------------]  40% 2/5
[1A[2K[1A[2K[1A[2KCollecting 1 genome record [================================================] 100% 1/1
Downloading: /sciclone/home/tdfelton/SUPERCOMPUTING/assignments/assignment_07/data/dog_reference/dog_reference.zip    778MB done
Validating package files [==================>-----------------------------]  40% 2/5
[1A[2K[1A[2K[1A[2KCollecting 1 genome record [================================================] 100% 1/1
Downloading: /sciclone/home/tdfelton/SUPERCOMPUTING/assignments/assignment_07/data/dog_reference/dog_reference.zip    778MB done
Validating package files [==================>-----------------------------]  40% 2/5
[1A[2K[1A[2K[1A[2KCollecting 1 genome record [================================================] 100% 1/1
Downloading: /sciclone/home/tdfelton/SUPERCOMPUTING/assignments/assignment_07/data/dog_reference/dog_reference.zip    778MB done
Validating package files [==================>-----------------------------]  40% 2/5
[1A[2K[1A[2K[1A[2KCollecting 1 genome record [================================================] 100% 1/1
Downloading: /sciclone/home/tdfelton/SUPERCOMPUTING/assignments/assignment_07/data/dog_reference/dog_reference.zip    778MB done
Validating package files [==================>-----------------------------]  40% 2/5
[1A[2K[1A[2K[1A[2KCollecting 1 genome record [================================================] 100% 1/1
Downloading: /sciclone/home/tdfelton/SUPERCOMPUTING/assignments/assignment_07/data/dog_reference/dog_reference.zip    778MB done
Validating package files [==================>-----------------------------]  40% 2/5
[1A[2K[1A[2K[1A[2KCollecting 1 genome record [================================================] 100% 1/1
Downloading: /sciclone/home/tdfelton/SUPERCOMPUTING/assignments/assignment_07/data/dog_reference/dog_reference.zip    778MB done
Validating package files [==================>-----------------------------]  40% 2/5
[1A[2K[1A[2K[1A[2KCollecting 1 genome record [================================================] 100% 1/1
Downloading: /sciclone/home/tdfelton/SUPERCOMPUTING/assignments/assignment_07/data/dog_reference/dog_reference.zip    778MB done
Validating package files [==================>-----------------------------]  40% 2/5
[1A[2K[1A[2K[1A[2KCollecting 1 genome record [================================================] 100% 1/1
Downloading: /sciclone/home/tdfelton/SUPERCOMPUTING/assignments/assignment_07/data/dog_reference/dog_reference.zip    778MB done
Validating package files [==================>-----------------------------]  40% 2/5
[1A[2K[1A[2K[1A[2KCollecting 1 genome record [================================================] 100% 1/1
Downloading: /sciclone/home/tdfelton/SUPERCOMPUTING/assignments/assignment_07/data/dog_reference/dog_reference.zip    778MB done
Validating package files [==================>-----------------------------]  40% 2/5
[1A[2K[1A[2K[1A[2KCollecting 1 genome record [================================================] 100% 1/1
Downloading: /sciclone/home/tdfelton/SUPERCOMPUTING/assignments/assignment_07/data/dog_reference/dog_reference.zip    778MB done
Validating package files [==================>-----------------------------]  40% 2/5
[1A[2K[1A[2K[1A[2KCollecting 1 genome record [================================================] 100% 1/1
Downloading: /sciclone/home/tdfelton/SUPERCOMPUTING/assignments/assignment_07/data/dog_reference/dog_reference.zip    778MB done
Validating package files [==================>-----------------------------]  40% 2/5
[1A[2K[1A[2K[1A[2KCollecting 1 genome record [================================================] 100% 1/1
Downloading: /sciclone/home/tdfelton/SUPERCOMPUTING/assignments/assignment_07/data/dog_reference/dog_reference.zip    778MB done
Validating package files [==================>-----------------------------]  40% 2/5
[1A[2K[1A[2K[1A[2KCollecting 1 genome record [================================================] 100% 1/1
Downloading: /sciclone/home/tdfelton/SUPERCOMPUTING/assignments/assignment_07/data/dog_reference/dog_reference.zip    778MB done
Validating package files [==================>-----------------------------]  40% 2/5
[1A[2K[1A[2K[1A[2KCollecting 1 genome record [================================================] 100% 1/1
Downloading: /sciclone/home/tdfelton/SUPERCOMPUTING/assignments/assignment_07/data/dog_reference/dog_reference.zip    778MB done
Validating package files [==================>-----------------------------]  40% 2/5
[1A[2K[1A[2K[1A[2KCollecting 1 genome record [================================================] 100% 1/1
Downloading: /sciclone/home/tdfelton/SUPERCOMPUTING/assignments/assignment_07/data/dog_reference/dog_reference.zip    778MB done
Validating package files [==================>-----------------------------]  40% 2/5
[1A[2K[1A[2K[1A[2KCollecting 1 genome record [================================================] 100% 1/1
Downloading: /sciclone/home/tdfelton/SUPERCOMPUTING/assignments/assignment_07/data/dog_reference/dog_reference.zip    778MB done
Validating package files [==================>-----------------------------]  40% 2/5
[1A[2K[1A[2K[1A[2KCollecting 1 genome record [================================================] 100% 1/1
Downloading: /sciclone/home/tdfelton/SUPERCOMPUTING/assignments/assignment_07/data/dog_reference/dog_reference.zip    778MB done
Validating package files [==================>-----------------------------]  40% 2/5
[1A[2K[1A[2K[1A[2KCollecting 1 genome record [================================================] 100% 1/1
Downloading: /sciclone/home/tdfelton/SUPERCOMPUTING/assignments/assignment_07/data/dog_reference/dog_reference.zip    778MB done
Validating package files [==================>-----------------------------]  40% 2/5
[1A[2K[1A[2K[1A[2KCollecting 1 genome record [================================================] 100% 1/1
Downloading: /sciclone/home/tdfelton/SUPERCOMPUTING/assignments/assignment_07/data/dog_reference/dog_reference.zip    778MB done
Validating package files [==================>-----------------------------]  40% 2/5
[1A[2K[1A[2K[1A[2KCollecting 1 genome record [================================================] 100% 1/1
Downloading: /sciclone/home/tdfelton/SUPERCOMPUTING/assignments/assignment_07/data/dog_reference/dog_reference.zip    778MB done
Validating package files [==================>-----------------------------]  40% 2/5
[1A[2K[1A[2K[1A[2KCollecting 1 genome record [================================================] 100% 1/1
Downloading: /sciclone/home/tdfelton/SUPERCOMPUTING/assignments/assignment_07/data/dog_reference/dog_reference.zip    778MB done
Validating package files [==================>-----------------------------]  40% 2/5
[1A[2K[1A[2K[1A[2KCollecting 1 genome record [================================================] 100% 1/1
Downloading: /sciclone/home/tdfelton/SUPERCOMPUTING/assignments/assignment_07/data/dog_reference/dog_reference.zip    778MB done
Validating package files [==================>-----------------------------]  40% 2/5
[1A[2K[1A[2K[1A[2KCollecting 1 genome record [================================================] 100% 1/1
Downloading: /sciclone/home/tdfelton/SUPERCOMPUTING/assignments/assignment_07/data/dog_reference/dog_reference.zip    778MB done
Validating package files [==================>-----------------------------]  40% 2/5
[1A[2K[1A[2K[1A[2KCollecting 1 genome record [================================================] 100% 1/1
Downloading: /sciclone/home/tdfelton/SUPERCOMPUTING/assignments/assignment_07/data/dog_reference/dog_reference.zip    778MB done
Validating package files [==================>-----------------------------]  40% 2/5
[1A[2K[1A[2K[1A[2KCollecting 1 genome record [================================================] 100% 1/1
Downloading: /sciclone/home/tdfelton/SUPERCOMPUTING/assignments/assignment_07/data/dog_reference/dog_reference.zip    778MB done
Validating package files [==================>-----------------------------]  40% 2/5
[1A[2K[1A[2K[1A[2KCollecting 1 genome record [================================================] 100% 1/1
Downloading: /sciclone/home/tdfelton/SUPERCOMPUTING/assignments/assignment_07/data/dog_reference/dog_reference.zip    778MB done
Validating package files [==================>-----------------------------]  40% 2/5
[1A[2K[1A[2K[1A[2KCollecting 1 genome record [================================================] 100% 1/1
Downloading: /sciclone/home/tdfelton/SUPERCOMPUTING/assignments/assignment_07/data/dog_reference/dog_reference.zip    778MB done
Validating package files [==================>-----------------------------]  40% 2/5
[1A[2K[1A[2K[1A[2KCollecting 1 genome record [================================================] 100% 1/1
Downloading: /sciclone/home/tdfelton/SUPERCOMPUTING/assignments/assignment_07/data/dog_reference/dog_reference.zip    778MB done
Validating package files [==================>-----------------------------]  40% 2/5
[1A[2K[1A[2K[1A[2KCollecting 1 genome record [================================================] 100% 1/1
Downloading: /sciclone/home/tdfelton/SUPERCOMPUTING/assignments/assignment_07/data/dog_reference/dog_reference.zip    778MB done
Validating package files [==================>-----------------------------]  40% 2/5
[1A[2K[1A[2K[1A[2KCollecting 1 genome record [================================================] 100% 1/1
Downloading: /sciclone/home/tdfelton/SUPERCOMPUTING/assignments/assignment_07/data/dog_reference/dog_reference.zip    778MB done
Validating package files [==================>-----------------------------]  40% 2/5
[1A[2K[1A[2K[1A[2KCollecting 1 genome record [================================================] 100% 1/1
Downloading: /sciclone/home/tdfelton/SUPERCOMPUTING/assignments/assignment_07/data/dog_reference/dog_reference.zip    778MB done
Validating package files [==================>-----------------------------]  40% 2/5
[1A[2K[1A[2K[1A[2KCollecting 1 genome record [================================================] 100% 1/1
Downloading: /sciclone/home/tdfelton/SUPERCOMPUTING/assignments/assignment_07/data/dog_reference/dog_reference.zip    778MB done
Validating package files [==================>-----------------------------]  40% 2/5
[1A[2K[1A[2K[1A[2KCollecting 1 genome record [================================================] 100% 1/1
Downloading: /sciclone/home/tdfelton/SUPERCOMPUTING/assignments/assignment_07/data/dog_reference/dog_reference.zip    778MB done
Validating package files [==================>-----------------------------]  40% 2/5
[1A[2K[1A[2K[1A[2KCollecting 1 genome record [================================================] 100% 1/1
Downloading: /sciclone/home/tdfelton/SUPERCOMPUTING/assignments/assignment_07/data/dog_reference/dog_reference.zip    778MB done
Validating package files [==================>-----------------------------]  40% 2/5
[1A[2K[1A[2K[1A[2KCollecting 1 genome record [================================================] 100% 1/1
Downloading: /sciclone/home/tdfelton/SUPERCOMPUTING/assignments/assignment_07/data/dog_reference/dog_reference.zip    778MB done
Validating package files [==================>-----------------------------]  40% 2/5
[1A[2K[1A[2K[1A[2KCollecting 1 genome record [================================================] 100% 1/1
Downloading: /sciclone/home/tdfelton/SUPERCOMPUTING/assignments/assignment_07/data/dog_reference/dog_reference.zip    778MB done
Validating package files [==================>-----------------------------]  40% 2/5
[1A[2K[1A[2K[1A[2KCollecting 1 genome record [================================================] 100% 1/1
Downloading: /sciclone/home/tdfelton/SUPERCOMPUTING/assignments/assignment_07/data/dog_reference/dog_reference.zip    778MB done
Validating package files [==================>-----------------------------]  40% 2/5
[1A[2K[1A[2K[1A[2KCollecting 1 genome record [================================================] 100% 1/1
Downloading: /sciclone/home/tdfelton/SUPERCOMPUTING/assignments/assignment_07/data/dog_reference/dog_reference.zip    778MB done
Validating package files [==================>-----------------------------]  40% 2/5
[1A[2K[1A[2K[1A[2KCollecting 1 genome record [================================================] 100% 1/1
Downloading: /sciclone/home/tdfelton/SUPERCOMPUTING/assignments/assignment_07/data/dog_reference/dog_reference.zip    778MB done
Validating package files [==================>-----------------------------]  40% 2/5
[1A[2K[1A[2K[1A[2KCollecting 1 genome record [================================================] 100% 1/1
Downloading: /sciclone/home/tdfelton/SUPERCOMPUTING/assignments/assignment_07/data/dog_reference/dog_reference.zip    778MB done
Validating package files [==================>-----------------------------]  40% 2/5
[1A[2K[1A[2K[1A[2KCollecting 1 genome record [================================================] 100% 1/1
Downloading: /sciclone/home/tdfelton/SUPERCOMPUTING/assignments/assignment_07/data/dog_reference/dog_reference.zip    778MB done
Validating package files [==================>-----------------------------]  40% 2/5
[1A[2K[1A[2K[1A[2KCollecting 1 genome record [================================================] 100% 1/1
Downloading: /sciclone/home/tdfelton/SUPERCOMPUTING/assignments/assignment_07/data/dog_reference/dog_reference.zip    778MB done
Validating package files [==================>-----------------------------]  40% 2/5
[1A[2K[1A[2K[1A[2KCollecting 1 genome record [================================================] 100% 1/1
Downloading: /sciclone/home/tdfelton/SUPERCOMPUTING/assignments/assignment_07/data/dog_reference/dog_reference.zip    778MB done
Validating package files [==================>-----------------------------]  40% 2/5
[1A[2K[1A[2K[1A[2KCollecting 1 genome record [================================================] 100% 1/1
Downloading: /sciclone/home/tdfelton/SUPERCOMPUTING/assignments/assignment_07/data/dog_reference/dog_reference.zip    778MB done
Validating package files [==================>-----------------------------]  40% 2/5
[1A[2K[1A[2K[1A[2KCollecting 1 genome record [================================================] 100% 1/1
Downloading: /sciclone/home/tdfelton/SUPERCOMPUTING/assignments/assignment_07/data/dog_reference/dog_reference.zip    778MB done
Validating package files [==================>-----------------------------]  40% 2/5
[1A[2K[1A[2K[1A[2KCollecting 1 genome record [================================================] 100% 1/1
Downloading: /sciclone/home/tdfelton/SUPERCOMPUTING/assignments/assignment_07/data/dog_reference/dog_reference.zip    778MB done
Validating package files [==================>-----------------------------]  40% 2/5
[1A[2K[1A[2K[1A[2KCollecting 1 genome record [================================================] 100% 1/1
Downloading: /sciclone/home/tdfelton/SUPERCOMPUTING/assignments/assignment_07/data/dog_reference/dog_reference.zip    778MB done
Validating package files [==================>-----------------------------]  40% 2/5
[1A[2K[1A[2K[1A[2KCollecting 1 genome record [================================================] 100% 1/1
Downloading: /sciclone/home/tdfelton/SUPERCOMPUTING/assignments/assignment_07/data/dog_reference/dog_reference.zip    778MB done
Validating package files [==================>-----------------------------]  40% 2/5
[1A[2K[1A[2K[1A[2KCollecting 1 genome record [================================================] 100% 1/1
Downloading: /sciclone/home/tdfelton/SUPERCOMPUTING/assignments/assignment_07/data/dog_reference/dog_reference.zip    778MB done
Validating package files [==================>-----------------------------]  40% 2/5
[1A[2K[1A[2K[1A[2KCollecting 1 genome record [================================================] 100% 1/1
Downloading: /sciclone/home/tdfelton/SUPERCOMPUTING/assignments/assignment_07/data/dog_reference/dog_reference.zip    778MB done
Validating package files [==================>-----------------------------]  40% 2/5
[1A[2K[1A[2K[1A[2KCollecting 1 genome record [================================================] 100% 1/1
Downloading: /sciclone/home/tdfelton/SUPERCOMPUTING/assignments/assignment_07/data/dog_reference/dog_reference.zip    778MB done
Validating package files [==================>-----------------------------]  40% 2/5
[1A[2K[1A[2K[1A[2KCollecting 1 genome record [================================================] 100% 1/1
Downloading: /sciclone/home/tdfelton/SUPERCOMPUTING/assignments/assignment_07/data/dog_reference/dog_reference.zip    778MB done
Validating package files [==================>-----------------------------]  40% 2/5
[1A[2K[1A[2K[1A[2KCollecting 1 genome record [================================================] 100% 1/1
Downloading: /sciclone/home/tdfelton/SUPERCOMPUTING/assignments/assignment_07/data/dog_reference/dog_reference.zip    778MB done
Validating package files [==================>-----------------------------]  40% 2/5
[1A[2K[1A[2K[1A[2KCollecting 1 genome record [================================================] 100% 1/1
Downloading: /sciclone/home/tdfelton/SUPERCOMPUTING/assignments/assignment_07/data/dog_reference/dog_reference.zip    778MB done
Validating package files [==================>-----------------------------]  40% 2/5
[1A[2K[1A[2K[1A[2KCollecting 1 genome record [================================================] 100% 1/1
Downloading: /sciclone/home/tdfelton/SUPERCOMPUTING/assignments/assignment_07/data/dog_reference/dog_reference.zip    778MB done
Validating package files [==================>-----------------------------]  40% 2/5
[1A[2K[1A[2K[1A[2KCollecting 1 genome record [================================================] 100% 1/1
Downloading: /sciclone/home/tdfelton/SUPERCOMPUTING/assignments/assignment_07/data/dog_reference/dog_reference.zip    778MB done
Validating package files [==================>-----------------------------]  40% 2/5
[1A[2K[1A[2K[1A[2KCollecting 1 genome record [================================================] 100% 1/1
Downloading: /sciclone/home/tdfelton/SUPERCOMPUTING/assignments/assignment_07/data/dog_reference/dog_reference.zip    778MB done
Validating package files [==================>-----------------------------]  40% 2/5
[1A[2K[1A[2K[1A[2KCollecting 1 genome record [================================================] 100% 1/1
Downloading: /sciclone/home/tdfelton/SUPERCOMPUTING/assignments/assignment_07/data/dog_reference/dog_reference.zip    778MB done
Validating package files [==================>-----------------------------]  40% 2/5
[1A[2K[1A[2K[1A[2KCollecting 1 genome record [================================================] 100% 1/1
Downloading: /sciclone/home/tdfelton/SUPERCOMPUTING/assignments/assignment_07/data/dog_reference/dog_reference.zip    778MB done
Validating package files [==================>-----------------------------]  40% 2/5
[1A[2K[1A[2K[1A[2KCollecting 1 genome record [================================================] 100% 1/1
Downloading: /sciclone/home/tdfelton/SUPERCOMPUTING/assignments/assignment_07/data/dog_reference/dog_reference.zip    778MB done
Validating package files [==================>-----------------------------]  40% 2/5
[1A[2K[1A[2K[1A[2KCollecting 1 genome record [================================================] 100% 1/1
Downloading: /sciclone/home/tdfelton/SUPERCOMPUTING/assignments/assignment_07/data/dog_reference/dog_reference.zip    778MB done
Validating package files [==================>-----------------------------]  40% 2/5
[1A[2K[1A[2K[1A[2KCollecting 1 genome record [================================================] 100% 1/1
Downloading: /sciclone/home/tdfelton/SUPERCOMPUTING/assignments/assignment_07/data/dog_reference/dog_reference.zip    778MB done
Validating package files [==================>-----------------------------]  40% 2/5
[1A[2K[1A[2K[1A[2KCollecting 1 genome record [================================================] 100% 1/1
Downloading: /sciclone/home/tdfelton/SUPERCOMPUTING/assignments/assignment_07/data/dog_reference/dog_reference.zip    778MB done
Validating package files [==================>-----------------------------]  40% 2/5
[1A[2K[1A[2K[1A[2KCollecting 1 genome record [================================================] 100% 1/1
Downloading: /sciclone/home/tdfelton/SUPERCOMPUTING/assignments/assignment_07/data/dog_reference/dog_reference.zip    778MB done
Validating package files [==================>-----------------------------]  40% 2/5
[1A[2K[1A[2K[1A[2KCollecting 1 genome record [================================================] 100% 1/1
Downloading: /sciclone/home/tdfelton/SUPERCOMPUTING/assignments/assignment_07/data/dog_reference/dog_reference.zip    778MB done
Validating package files [==================>-----------------------------]  40% 2/5
[1A[2K[1A[2K[1A[2KCollecting 1 genome record [================================================] 100% 1/1
Downloading: /sciclone/home/tdfelton/SUPERCOMPUTING/assignments/assignment_07/data/dog_reference/dog_reference.zip    778MB done
Validating package files [==================>-----------------------------]  40% 2/5
[1A[2K[1A[2K[1A[2KCollecting 1 genome record [================================================] 100% 1/1
Downloading: /sciclone/home/tdfelton/SUPERCOMPUTING/assignments/assignment_07/data/dog_reference/dog_reference.zip    778MB done
Validating package files [==================>-----------------------------]  40% 2/5
[1A[2K[1A[2K[1A[2KCollecting 1 genome record [================================================] 100% 1/1
Downloading: /sciclone/home/tdfelton/SUPERCOMPUTING/assignments/assignment_07/data/dog_reference/dog_reference.zip    778MB done
Validating package files [==================>-----------------------------]  40% 2/5
[1A[2K[1A[2K[1A[2KCollecting 1 genome record [================================================] 100% 1/1
Downloading: /sciclone/home/tdfelton/SUPERCOMPUTING/assignments/assignment_07/data/dog_reference/dog_reference.zip    778MB done
Validating package files [==================>-----------------------------]  40% 2/5
[1A[2K[1A[2K[1A[2KCollecting 1 genome record [================================================] 100% 1/1
Downloading: /sciclone/home/tdfelton/SUPERCOMPUTING/assignments/assignment_07/data/dog_reference/dog_reference.zip    778MB done
Validating package files [==================>-----------------------------]  40% 2/5
[1A[2K[1A[2K[1A[2KCollecting 1 genome record [================================================] 100% 1/1
Downloading: /sciclone/home/tdfelton/SUPERCOMPUTING/assignments/assignment_07/data/dog_reference/dog_reference.zip    778MB done
Validating package files [==================>-----------------------------]  40% 2/5
[1A[2K[1A[2K[1A[2KCollecting 1 genome record [================================================] 100% 1/1
Downloading: /sciclone/home/tdfelton/SUPERCOMPUTING/assignments/assignment_07/data/dog_reference/dog_reference.zip    778MB done
Validating package files [==================>-----------------------------]  40% 2/5
[1A[2K[1A[2K[1A[2KCollecting 1 genome record [================================================] 100% 1/1
Downloading: /sciclone/home/tdfelton/SUPERCOMPUTING/assignments/assignment_07/data/dog_reference/dog_reference.zip    778MB done
Validating package files [==================>-----------------------------]  40% 2/5
[1A[2K[1A[2K[1A[2KCollecting 1 genome record [================================================] 100% 1/1
Downloading: /sciclone/home/tdfelton/SUPERCOMPUTING/assignments/assignment_07/data/dog_reference/dog_reference.zip    778MB done
Validating package files [==================>-----------------------------]  40% 2/5
[1A[2K[1A[2K[1A[2KCollecting 1 genome record [================================================] 100% 1/1
Downloading: /sciclone/home/tdfelton/SUPERCOMPUTING/assignments/assignment_07/data/dog_reference/dog_reference.zip    778MB done
Validating package files [==================>-----------------------------]  40% 2/5
[1A[2K[1A[2K[1A[2KCollecting 1 genome record [================================================] 100% 1/1
Downloading: /sciclone/home/tdfelton/SUPERCOMPUTING/assignments/assignment_07/data/dog_reference/dog_reference.zip    778MB done
Validating package files [==================>-----------------------------]  40% 2/5
[1A[2K[1A[2K[1A[2KCollecting 1 genome record [================================================] 100% 1/1
Downloading: /sciclone/home/tdfelton/SUPERCOMPUTING/assignments/assignment_07/data/dog_reference/dog_reference.zip    778MB done
Validating package files [==================>-----------------------------]  40% 2/5
[1A[2K[1A[2K[1A[2KCollecting 1 genome record [================================================] 100% 1/1
Downloading: /sciclone/home/tdfelton/SUPERCOMPUTING/assignments/assignment_07/data/dog_reference/dog_reference.zip    778MB done
Validating package files [==================>-----------------------------]  40% 2/5
[1A[2K[1A[2K[1A[2KCollecting 1 genome record [================================================] 100% 1/1
Downloading: /sciclone/home/tdfelton/SUPERCOMPUTING/assignments/assignment_07/data/dog_reference/dog_reference.zip    778MB done
Validating package files [==================>-----------------------------]  40% 2/5
[1A[2K[1A[2K[1A[2KCollecting 1 genome record [================================================] 100% 1/1
Downloading: /sciclone/home/tdfelton/SUPERCOMPUTING/assignments/assignment_07/data/dog_reference/dog_reference.zip    778MB done
Validating package files [==================>-----------------------------]  40% 2/5
[1A[2K[1A[2K[1A[2KCollecting 1 genome record [================================================] 100% 1/1
Downloading: /sciclone/home/tdfelton/SUPERCOMPUTING/assignments/assignment_07/data/dog_reference/dog_reference.zip    778MB done
Validating package files [==================>-----------------------------]  40% 2/5
[1A[2K[1A[2K[1A[2KCollecting 1 genome record [================================================] 100% 1/1
Downloading: /sciclone/home/tdfelton/SUPERCOMPUTING/assignments/assignment_07/data/dog_reference/dog_reference.zip    778MB done
Validating package files [==================>-----------------------------]  40% 2/5
[1A[2K[1A[2K[1A[2KCollecting 1 genome record [================================================] 100% 1/1
Downloading: /sciclone/home/tdfelton/SUPERCOMPUTING/assignments/assignment_07/data/dog_reference/dog_reference.zip    778MB done
Validating package files [==================>-----------------------------]  40% 2/5
[1A[2K[1A[2K[1A[2KCollecting 1 genome record [================================================] 100% 1/1
Downloading: /sciclone/home/tdfelton/SUPERCOMPUTING/assignments/assignment_07/data/dog_reference/dog_reference.zip    778MB done
Validating package files [==================>-----------------------------]  40% 2/5
[1A[2K[1A[2K[1A[2KCollecting 1 genome record [================================================] 100% 1/1
Downloading: /sciclone/home/tdfelton/SUPERCOMPUTING/assignments/assignment_07/data/dog_reference/dog_reference.zip    778MB done
Validating package files [==================>-----------------------------]  40% 2/5
[1A[2K[1A[2K[1A[2KCollecting 1 genome record [================================================] 100% 1/1
Downloading: /sciclone/home/tdfelton/SUPERCOMPUTING/assignments/assignment_07/data/dog_reference/dog_reference.zip    778MB done
Validating package files [==================>-----------------------------]  40% 2/5
[1A[2K[1A[2K[1A[2KCollecting 1 genome record [================================================] 100% 1/1
Downloading: /sciclone/home/tdfelton/SUPERCOMPUTING/assignments/assignment_07/data/dog_reference/dog_reference.zip    778MB done
Validating package files [==================>-----------------------------]  40% 2/5
[1A[2K[1A[2K[1A[2KCollecting 1 genome record [================================================] 100% 1/1
Downloading: /sciclone/home/tdfelton/SUPERCOMPUTING/assignments/assignment_07/data/dog_reference/dog_reference.zip    778MB done
Validating package files [==================>-----------------------------]  40% 2/5
[1A[2K[1A[2K[1A[2KCollecting 1 genome record [================================================] 100% 1/1
Downloading: /sciclone/home/tdfelton/SUPERCOMPUTING/assignments/assignment_07/data/dog_reference/dog_reference.zip    778MB done
Validating package files [==================>-----------------------------]  40% 2/5
[1A[2K[1A[2K[1A[2KCollecting 1 genome record [================================================] 100% 1/1
Downloading: /sciclone/home/tdfelton/SUPERCOMPUTING/assignments/assignment_07/data/dog_reference/dog_reference.zip    778MB done
Validating package files [==================>-----------------------------]  40% 2/5
[1A[2K[1A[2K[1A[2KCollecting 1 genome record [================================================] 100% 1/1
Downloading: /sciclone/home/tdfelton/SUPERCOMPUTING/assignments/assignment_07/data/dog_reference/dog_reference.zip    778MB done
Validating package files [==================>-----------------------------]  40% 2/5
[1A[2K[1A[2K[1A[2KCollecting 1 genome record [================================================] 100% 1/1
Downloading: /sciclone/home/tdfelton/SUPERCOMPUTING/assignments/assignment_07/data/dog_reference/dog_reference.zip    778MB done
Validating package files [==================>-----------------------------]  40% 2/5
[1A[2K[1A[2K[1A[2KCollecting 1 genome record [================================================] 100% 1/1
Downloading: /sciclone/home/tdfelton/SUPERCOMPUTING/assignments/assignment_07/data/dog_reference/dog_reference.zip    778MB done
Validating package files [==================>-----------------------------]  40% 2/5
[1A[2K[1A[2K[1A[2KCollecting 1 genome record [================================================] 100% 1/1
Downloading: /sciclone/home/tdfelton/SUPERCOMPUTING/assignments/assignment_07/data/dog_reference/dog_reference.zip    778MB done
Validating package files [==================>-----------------------------]  40% 2/5
[1A[2K[1A[2K[1A[2KCollecting 1 genome record [================================================] 100% 1/1
Downloading: /sciclone/home/tdfelton/SUPERCOMPUTING/assignments/assignment_07/data/dog_reference/dog_reference.zip    778MB done
Validating package files [==================>-----------------------------]  40% 2/5
[1A[2K[1A[2K[1A[2KCollecting 1 genome record [================================================] 100% 1/1
Downloading: /sciclone/home/tdfelton/SUPERCOMPUTING/assignments/assignment_07/data/dog_reference/dog_reference.zip    778MB done
Validating package files [==================>-----------------------------]  40% 2/5
[1A[2K[1A[2K[1A[2KCollecting 1 genome record [================================================] 100% 1/1
Downloading: /sciclone/home/tdfelton/SUPERCOMPUTING/assignments/assignment_07/data/dog_reference/dog_reference.zip    778MB done
Validating package files [==================>-----------------------------]  40% 2/5
[1A[2K[1A[2K[1A[2KCollecting 1 genome record [================================================] 100% 1/1
Downloading: /sciclone/home/tdfelton/SUPERCOMPUTING/assignments/assignment_07/data/dog_reference/dog_reference.zip    778MB done
Validating package files [==================>-----------------------------]  40% 2/5
[1A[2K[1A[2K[1A[2KCollecting 1 genome record [================================================] 100% 1/1
Downloading: /sciclone/home/tdfelton/SUPERCOMPUTING/assignments/assignment_07/data/dog_reference/dog_reference.zip    778MB done
Validating package files [==================>-----------------------------]  40% 2/5
[1A[2K[1A[2K[1A[2KCollecting 1 genome record [================================================] 100% 1/1
Downloading: /sciclone/home/tdfelton/SUPERCOMPUTING/assignments/assignment_07/data/dog_reference/dog_reference.zip    778MB done
Validating package files [==================>-----------------------------]  40% 2/5
[1A[2K[1A[2K[1A[2KCollecting 1 genome record [================================================] 100% 1/1
Downloading: /sciclone/home/tdfelton/SUPERCOMPUTING/assignments/assignment_07/data/dog_reference/dog_reference.zip    778MB done
Validating package files [==================>-----------------------------]  40% 2/5
[1A[2K[1A[2K[1A[2KCollecting 1 genome record [================================================] 100% 1/1
Downloading: /sciclone/home/tdfelton/SUPERCOMPUTING/assignments/assignment_07/data/dog_reference/dog_reference.zip    778MB done
Validating package files [==================>-----------------------------]  40% 2/5
[1A[2K[1A[2K[1A[2KCollecting 1 genome record [================================================] 100% 1/1
Downloading: /sciclone/home/tdfelton/SUPERCOMPUTING/assignments/assignment_07/data/dog_reference/dog_reference.zip    778MB done
Validating package files [==================>-----------------------------]  40% 2/5
[1A[2K[1A[2K[1A[2KCollecting 1 genome record [================================================] 100% 1/1
Downloading: /sciclone/home/tdfelton/SUPERCOMPUTING/assignments/assignment_07/data/dog_reference/dog_reference.zip    778MB done
Validating package files [==================>-----------------------------]  40% 2/5
[1A[2K[1A[2K[1A[2KCollecting 1 genome record [================================================] 100% 1/1
Downloading: /sciclone/home/tdfelton/SUPERCOMPUTING/assignments/assignment_07/data/dog_reference/dog_reference.zip    778MB done
Validating package files [==================>-----------------------------]  40% 2/5
[1A[2K[1A[2K[1A[2KCollecting 1 genome record [================================================] 100% 1/1
Downloading: /sciclone/home/tdfelton/SUPERCOMPUTING/assignments/assignment_07/data/dog_reference/dog_reference.zip    778MB done
Validating package files [==================>-----------------------------]  40% 2/5
[1A[2K[1A[2K[1A[2KCollecting 1 genome record [================================================] 100% 1/1
Downloading: /sciclone/home/tdfelton/SUPERCOMPUTING/assignments/assignment_07/data/dog_reference/dog_reference.zip    778MB done
Validating package files [==================>-----------------------------]  40% 2/5
[1A[2K[1A[2K[1A[2KCollecting 1 genome record [================================================] 100% 1/1
Downloading: /sciclone/home/tdfelton/SUPERCOMPUTING/assignments/assignment_07/data/dog_reference/dog_reference.zip    778MB done
Validating package files [==================>-----------------------------]  40% 2/5
[1A[2K[1A[2K[1A[2KCollecting 1 genome record [================================================] 100% 1/1
Downloading: /sciclone/home/tdfelton/SUPERCOMPUTING/assignments/assignment_07/data/dog_reference/dog_reference.zip    778MB done
Validating package files [==================>-----------------------------]  40% 2/5
[1A[2K[1A[2K[1A[2KCollecting 1 genome record [================================================] 100% 1/1
Downloading: /sciclone/home/tdfelton/SUPERCOMPUTING/assignments/assignment_07/data/dog_reference/dog_reference.zip    778MB done
Validating package files [==================>-----------------------------]  40% 2/5
[1A[2K[1A[2K[1A[2KCollecting 1 genome record [================================================] 100% 1/1
Downloading: /sciclone/home/tdfelton/SUPERCOMPUTING/assignments/assignment_07/data/dog_reference/dog_reference.zip    778MB done
Validating package files [==================>-----------------------------]  40% 2/5
[1A[2K[1A[2K[1A[2KCollecting 1 genome record [================================================] 100% 1/1
Downloading: /sciclone/home/tdfelton/SUPERCOMPUTING/assignments/assignment_07/data/dog_reference/dog_reference.zip    778MB done
Validating package files [==================>-----------------------------]  40% 2/5
[1A[2K[1A[2K[1A[2KCollecting 1 genome record [================================================] 100% 1/1
Downloading: /sciclone/home/tdfelton/SUPERCOMPUTING/assignments/assignment_07/data/dog_reference/dog_reference.zip    778MB done
Validating package files [==================>-----------------------------]  40% 2/5
[1A[2K[1A[2K[1A[2KCollecting 1 genome record [================================================] 100% 1/1
Downloading: /sciclone/home/tdfelton/SUPERCOMPUTING/assignments/assignment_07/data/dog_reference/dog_reference.zip    778MB done
Validating package files [==================>-----------------------------]  40% 2/5
[1A[2K[1A[2K[1A[2KCollecting 1 genome record [================================================] 100% 1/1
Downloading: /sciclone/home/tdfelton/SUPERCOMPUTING/assignments/assignment_07/data/dog_reference/dog_reference.zip    778MB done
Validating package files [==================>-----------------------------]  40% 2/5
[1A[2K[1A[2K[1A[2KCollecting 1 genome record [================================================] 100% 1/1
Downloading: /sciclone/home/tdfelton/SUPERCOMPUTING/assignments/assignment_07/data/dog_reference/dog_reference.zip    778MB done
Validating package files [==================>-----------------------------]  40% 2/5
[1A[2K[1A[2K[1A[2KCollecting 1 genome record [================================================] 100% 1/1
Downloading: /sciclone/home/tdfelton/SUPERCOMPUTING/assignments/assignment_07/data/dog_reference/dog_reference.zip    778MB done
Validating package files [==================>-----------------------------]  40% 2/5
[1A[2K[1A[2K[1A[2KCollecting 1 genome record [================================================] 100% 1/1
Downloading: /sciclone/home/tdfelton/SUPERCOMPUTING/assignments/assignment_07/data/dog_reference/dog_reference.zip    778MB done
Validating package files [==================>-----------------------------]  40% 2/5
[1A[2K[1A[2K[1A[2KCollecting 1 genome record [================================================] 100% 1/1
Downloading: /sciclone/home/tdfelton/SUPERCOMPUTING/assignments/assignment_07/data/dog_reference/dog_reference.zip    778MB done
Validating package files [==================>-----------------------------]  40% 2/5
[1A[2K[1A[2K[1A[2KCollecting 1 genome record [================================================] 100% 1/1
Downloading: /sciclone/home/tdfelton/SUPERCOMPUTING/assignments/assignment_07/data/dog_reference/dog_reference.zip    778MB done
Validating package files [==================>-----------------------------]  40% 2/5
[1A[2K[1A[2K[1A[2KCollecting 1 genome record [================================================] 100% 1/1
Downloading: /sciclone/home/tdfelton/SUPERCOMPUTING/assignments/assignment_07/data/dog_reference/dog_reference.zip    778MB done
Validating package files [==================>-----------------------------]  40% 2/5
[1A[2K[1A[2K[1A[2KCollecting 1 genome record [================================================] 100% 1/1
Downloading: /sciclone/home/tdfelton/SUPERCOMPUTING/assignments/assignment_07/data/dog_reference/dog_reference.zip    778MB done
Validating package files [==================>-----------------------------]  40% 2/5
[1A[2K[1A[2K[1A[2KCollecting 1 genome record [================================================] 100% 1/1
Downloading: /sciclone/home/tdfelton/SUPERCOMPUTING/assignments/assignment_07/data/dog_reference/dog_reference.zip    778MB done
Validating package files [==================>-----------------------------]  40% 2/5
[1A[2K[1A[2K[1A[2KCollecting 1 genome record [================================================] 100% 1/1
Downloading: /sciclone/home/tdfelton/SUPERCOMPUTING/assignments/assignment_07/data/dog_reference/dog_reference.zip    778MB done
Validating package files [==================>-----------------------------]  40% 2/5
[1A[2K[1A[2K[1A[2KCollecting 1 genome record [================================================] 100% 1/1
Downloading: /sciclone/home/tdfelton/SUPERCOMPUTING/assignments/assignment_07/data/dog_reference/dog_reference.zip    778MB done
Validating package files [==================>-----------------------------]  40% 2/5
[1A[2K[1A[2K[1A[2KCollecting 1 genome record [================================================] 100% 1/1
Downloading: /sciclone/home/tdfelton/SUPERCOMPUTING/assignments/assignment_07/data/dog_reference/dog_reference.zip    778MB done
Validating package files [==================>-----------------------------]  40% 2/5
[1A[2K[1A[2K[1A[2KCollecting 1 genome record [================================================] 100% 1/1
Downloading: /sciclone/home/tdfelton/SUPERCOMPUTING/assignments/assignment_07/data/dog_reference/dog_reference.zip    778MB done
Validating package files [==================>-----------------------------]  40% 2/5
[1A[2K[1A[2K[1A[2KCollecting 1 genome record [================================================] 100% 1/1
Downloading: /sciclone/home/tdfelton/SUPERCOMPUTING/assignments/assignment_07/data/dog_reference/dog_reference.zip    778MB done
Validating package files [==================>-----------------------------]  40% 2/5
[1A[2K[1A[2K[1A[2KCollecting 1 genome record [================================================] 100% 1/1
Downloading: /sciclone/home/tdfelton/SUPERCOMPUTING/assignments/assignment_07/data/dog_reference/dog_reference.zip    778MB done
Validating package files [==================>-----------------------------]  40% 2/5
[1A[2K[1A[2K[1A[2KCollecting 1 genome record [================================================] 100% 1/1
Downloading: /sciclone/home/tdfelton/SUPERCOMPUTING/assignments/assignment_07/data/dog_reference/dog_reference.zip    778MB done
Validating package files [==================>-----------------------------]  40% 2/5
[1A[2K[1A[2K[1A[2KCollecting 1 genome record [================================================] 100% 1/1
Downloading: /sciclone/home/tdfelton/SUPERCOMPUTING/assignments/assignment_07/data/dog_reference/dog_reference.zip    778MB done
Validating package files [==================>-----------------------------]  40% 2/5
[1A[2K[1A[2K[1A[2KCollecting 1 genome record [================================================] 100% 1/1
Downloading: /sciclone/home/tdfelton/SUPERCOMPUTING/assignments/assignment_07/data/dog_reference/dog_reference.zip    778MB done
Validating package files [==================>-----------------------------]  40% 2/5
[1A[2K[1A[2K[1A[2KCollecting 1 genome record [================================================] 100% 1/1
Downloading: /sciclone/home/tdfelton/SUPERCOMPUTING/assignments/assignment_07/data/dog_reference/dog_reference.zip    778MB done
Validating package files [==================>-----------------------------]  40% 2/5
[1A[2K[1A[2K[1A[2KCollecting 1 genome record [================================================] 100% 1/1
Downloading: /sciclone/home/tdfelton/SUPERCOMPUTING/assignments/assignment_07/data/dog_reference/dog_reference.zip    778MB done
Validating package files [==================>-----------------------------]  40% 2/5
[1A[2K[1A[2K[1A[2KCollecting 1 genome record [================================================] 100% 1/1
Downloading: /sciclone/home/tdfelton/SUPERCOMPUTING/assignments/assignment_07/data/dog_reference/dog_reference.zip    778MB done
Validating package files [==================>-----------------------------]  40% 2/5
[1A[2K[1A[2K[1A[2KCollecting 1 genome record [================================================] 100% 1/1
Downloading: /sciclone/home/tdfelton/SUPERCOMPUTING/assignments/assignment_07/data/dog_reference/dog_reference.zip    778MB done
Validating package files [==================>-----------------------------]  40% 2/5
[1A[2K[1A[2K[1A[2KCollecting 1 genome record [================================================] 100% 1/1
Downloading: /sciclone/home/tdfelton/SUPERCOMPUTING/assignments/assignment_07/data/dog_reference/dog_reference.zip    778MB done
Validating package files [==================>-----------------------------]  40% 2/5
[1A[2K[1A[2K[1A[2KCollecting 1 genome record [================================================] 100% 1/1
Downloading: /sciclone/home/tdfelton/SUPERCOMPUTING/assignments/assignment_07/data/dog_reference/dog_reference.zip    778MB done
Validating package files [==================>-----------------------------]  40% 2/5
[1A[2K[1A[2K[1A[2KCollecting 1 genome record [================================================] 100% 1/1
Downloading: /sciclone/home/tdfelton/SUPERCOMPUTING/assignments/assignment_07/data/dog_reference/dog_reference.zip    778MB done
Validating package files [==================>-----------------------------]  40% 2/5
[1A[2K[1A[2K[1A[2KCollecting 1 genome record [================================================] 100% 1/1
Downloading: /sciclone/home/tdfelton/SUPERCOMPUTING/assignments/assignment_07/data/dog_reference/dog_reference.zip    778MB done
Validating package files [==================>-----------------------------]  40% 2/5
[1A[2K[1A[2K[1A[2KCollecting 1 genome record [================================================] 100% 1/1
Downloading: /sciclone/home/tdfelton/SUPERCOMPUTING/assignments/assignment_07/data/dog_reference/dog_reference.zip    778MB done
Validating package files [==================>-----------------------------]  40% 2/5
[1A[2K[1A[2K[1A[2KCollecting 1 genome record [================================================] 100% 1/1
Downloading: /sciclone/home/tdfelton/SUPERCOMPUTING/assignments/assignment_07/data/dog_reference/dog_reference.zip    778MB done
Validating package files [==================>-----------------------------]  40% 2/5
[1A[2K[1A[2K[1A[2KCollecting 1 genome record [================================================] 100% 1/1
Downloading: /sciclone/home/tdfelton/SUPERCOMPUTING/assignments/assignment_07/data/dog_reference/dog_reference.zip    778MB done
Validating package files [==================>-----------------------------]  40% 2/5
[1A[2K[1A[2K[1A[2KCollecting 1 genome record [================================================] 100% 1/1
Downloading: /sciclone/home/tdfelton/SUPERCOMPUTING/assignments/assignment_07/data/dog_reference/dog_reference.zip    778MB done
Validating package files [==================>-----------------------------]  40% 2/5
[1A[2K[1A[2K[1A[2KCollecting 1 genome record [================================================] 100% 1/1
Downloading: /sciclone/home/tdfelton/SUPERCOMPUTING/assignments/assignment_07/data/dog_reference/dog_reference.zip    778MB done
Validating package files [==================>-----------------------------]  40% 2/5
[1A[2K[1A[2K[1A[2KCollecting 1 genome record [================================================] 100% 1/1
Downloading: /sciclone/home/tdfelton/SUPERCOMPUTING/assignments/assignment_07/data/dog_reference/dog_reference.zip    778MB done
Validating package files [==================>-----------------------------]  40% 2/5
[1A[2K[1A[2K[1A[2KCollecting 1 genome record [================================================] 100% 1/1
Downloading: /sciclone/home/tdfelton/SUPERCOMPUTING/assignments/assignment_07/data/dog_reference/dog_reference.zip    778MB done
Validating package files [==================>-----------------------------]  40% 2/5
[1A[2K[1A[2K[1A[2KCollecting 1 genome record [================================================] 100% 1/1
Downloading: /sciclone/home/tdfelton/SUPERCOMPUTING/assignments/assignment_07/data/dog_reference/dog_reference.zip    778MB done
Validating package files [==================>-----------------------------]  40% 2/5
[1A[2K[1A[2K[1A[2KCollecting 1 genome record [================================================] 100% 1/1
Downloading: /sciclone/home/tdfelton/SUPERCOMPUTING/assignments/assignment_07/data/dog_reference/dog_reference.zip    778MB done
Validating package files [==================>-----------------------------]  40% 2/5
[1A[2K[1A[2K[1A[2KCollecting 1 genome record [================================================] 100% 1/1
Downloading: /sciclone/home/tdfelton/SUPERCOMPUTING/assignments/assignment_07/data/dog_reference/dog_reference.zip    778MB done
Validating package files [==================>-----------------------------]  40% 2/5
[1A[2K[1A[2K[1A[2KCollecting 1 genome record [================================================] 100% 1/1
Downloading: /sciclone/home/tdfelton/SUPERCOMPUTING/assignments/assignment_07/data/dog_reference/dog_reference.zip    778MB done
Validating package files [==================>-----------------------------]  40% 2/5
[1A[2K[1A[2K[1A[2KCollecting 1 genome record [================================================] 100% 1/1
Downloading: /sciclone/home/tdfelton/SUPERCOMPUTING/assignments/assignment_07/data/dog_reference/dog_reference.zip    778MB done
Validating package files [==================>-----------------------------]  40% 2/5
[1A[2K[1A[2K[1A[2KCollecting 1 genome record [================================================] 100% 1/1
Downloading: /sciclone/home/tdfelton/SUPERCOMPUTING/assignments/assignment_07/data/dog_reference/dog_reference.zip    778MB done
Validating package files [==================>-----------------------------]  40% 2/5
[1A[2K[1A[2K[1A[2KCollecting 1 genome record [================================================] 100% 1/1
Downloading: /sciclone/home/tdfelton/SUPERCOMPUTING/assignments/assignment_07/data/dog_reference/dog_reference.zip    778MB done
Validating package files [==================>-----------------------------]  40% 2/5
[1A[2K[1A[2K[1A[2KCollecting 1 genome record [================================================] 100% 1/1
Downloading: /sciclone/home/tdfelton/SUPERCOMPUTING/assignments/assignment_07/data/dog_reference/dog_reference.zip    778MB done
Validating package files [==================>-----------------------------]  40% 2/5
[1A[2K[1A[2K[1A[2KCollecting 1 genome record [================================================] 100% 1/1
Downloading: /sciclone/home/tdfelton/SUPERCOMPUTING/assignments/assignment_07/data/dog_reference/dog_reference.zip    778MB done
Validating package files [==================>-----------------------------]  40% 2/5
[1A[2K[1A[2K[1A[2KCollecting 1 genome record [================================================] 100% 1/1
Downloading: /sciclone/home/tdfelton/SUPERCOMPUTING/assignments/assignment_07/data/dog_reference/dog_reference.zip    778MB done
Validating package files [==================>-----------------------------]  40% 2/5
[1A[2K[1A[2K[1A[2KCollecting 1 genome record [================================================] 100% 1/1
Downloading: /sciclone/home/tdfelton/SUPERCOMPUTING/assignments/assignment_07/data/dog_reference/dog_reference.zip    778MB done
Validating package files [==================>-----------------------------]  40% 2/5
[1A[2K[1A[2K[1A[2KCollecting 1 genome record [================================================] 100% 1/1
Downloading: /sciclone/home/tdfelton/SUPERCOMPUTING/assignments/assignment_07/data/dog_reference/dog_reference.zip    778MB done
Validating package files [==================>-----------------------------]  40% 2/5
[1A[2K[1A[2K[1A[2KCollecting 1 genome record [================================================] 100% 1/1
Downloading: /sciclone/home/tdfelton/SUPERCOMPUTING/assignments/assignment_07/data/dog_reference/dog_reference.zip    778MB done
Validating package files [==================>-----------------------------]  40% 2/5
[1A[2K[1A[2K[1A[2KCollecting 1 genome record [================================================] 100% 1/1
Downloading: /sciclone/home/tdfelton/SUPERCOMPUTING/assignments/assignment_07/data/dog_reference/dog_reference.zip    778MB done
Validating package files [==================>-----------------------------]  40% 2/5
[1A[2K[1A[2K[1A[2KCollecting 1 genome record [================================================] 100% 1/1
Downloading: /sciclone/home/tdfelton/SUPERCOMPUTING/assignments/assignment_07/data/dog_reference/dog_reference.zip    778MB done
Validating package files [==================>-----------------------------]  40% 2/5
[1A[2K[1A[2K[1A[2KCollecting 1 genome record [================================================] 100% 1/1
Downloading: /sciclone/home/tdfelton/SUPERCOMPUTING/assignments/assignment_07/data/dog_reference/dog_reference.zip    778MB done
Validating package files [==================>-----------------------------]  40% 2/5
[1A[2K[1A[2K[1A[2KCollecting 1 genome record [================================================] 100% 1/1
Downloading: /sciclone/home/tdfelton/SUPERCOMPUTING/assignments/assignment_07/data/dog_reference/dog_reference.zip    778MB done
Validating package files [==================>-----------------------------]  40% 2/5
[1A[2K[1A[2K[1A[2KCollecting 1 genome record [================================================] 100% 1/1
Downloading: /sciclone/home/tdfelton/SUPERCOMPUTING/assignments/assignment_07/data/dog_reference/dog_reference.zip    778MB done
Validating package files [==================>-----------------------------]  40% 2/5
[1A[2K[1A[2K[1A[2KCollecting 1 genome record [================================================] 100% 1/1
Downloading: /sciclone/home/tdfelton/SUPERCOMPUTING/assignments/assignment_07/data/dog_reference/dog_reference.zip    778MB done
Validating package files [==================>-----------------------------]  40% 2/5
[1A[2K[1A[2K[1A[2KCollecting 1 genome record [================================================] 100% 1/1
Downloading: /sciclone/home/tdfelton/SUPERCOMPUTING/assignments/assignment_07/data/dog_reference/dog_reference.zip    778MB done
Validating package files [==================>-----------------------------]  40% 2/5
[1A[2K[1A[2K[1A[2KCollecting 1 genome record [================================================] 100% 1/1
Downloading: /sciclone/home/tdfelton/SUPERCOMPUTING/assignments/assignment_07/data/dog_reference/dog_reference.zip    778MB done
Validating package files [==================>-----------------------------]  40% 2/5
[1A[2K[1A[2K[1A[2KCollecting 1 genome record [================================================] 100% 1/1
Downloading: /sciclone/home/tdfelton/SUPERCOMPUTING/assignments/assignment_07/data/dog_reference/dog_reference.zip    778MB done
Validating package files [==================>-----------------------------]  40% 2/5
[1A[2K[1A[2K[1A[2KCollecting 1 genome record [================================================] 100% 1/1
Downloading: /sciclone/home/tdfelton/SUPERCOMPUTING/assignments/assignment_07/data/dog_reference/dog_reference.zip    778MB done
Validating package files [==================>-----------------------------]  40% 2/5
[1A[2K[1A[2K[1A[2KCollecting 1 genome record [================================================] 100% 1/1
Downloading: /sciclone/home/tdfelton/SUPERCOMPUTING/assignments/assignment_07/data/dog_reference/dog_reference.zip    778MB done
Validating package files [==================>-----------------------------]  40% 2/5
[1A[2K[1A[2K[1A[2KCollecting 1 genome record [================================================] 100% 1/1
Downloading: /sciclone/home/tdfelton/SUPERCOMPUTING/assignments/assignment_07/data/dog_reference/dog_reference.zip    778MB done
Validating package files [==================>-----------------------------]  40% 2/5
[1A[2K[1A[2K[1A[2KCollecting 1 genome record [================================================] 100% 1/1
Downloading: /sciclone/home/tdfelton/SUPERCOMPUTING/assignments/assignment_07/data/dog_reference/dog_reference.zip    778MB done
Validating package files [==================>-----------------------------]  40% 2/5
[1A[2K[1A[2K[1A[2KCollecting 1 genome record [================================================] 100% 1/1
Downloading: /sciclone/home/tdfelton/SUPERCOMPUTING/assignments/assignment_07/data/dog_reference/dog_reference.zip    778MB done
Validating package files [==================>-----------------------------]  40% 2/5
[1A[2K[1A[2K[1A[2KCollecting 1 genome record [================================================] 100% 1/1
Downloading: /sciclone/home/tdfelton/SUPERCOMPUTING/assignments/assignment_07/data/dog_reference/dog_reference.zip    778MB done
Validating package files [==================>-----------------------------]  40% 2/5
[1A[2K[1A[2K[1A[2KCollecting 1 genome record [================================================] 100% 1/1
Downloading: /sciclone/home/tdfelton/SUPERCOMPUTING/assignments/assignment_07/data/dog_reference/dog_reference.zip    778MB done
Validating package files [==================>-----------------------------]  40% 2/5
[1A[2K[1A[2K[1A[2KCollecting 1 genome record [================================================] 100% 1/1
Downloading: /sciclone/home/tdfelton/SUPERCOMPUTING/assignments/assignment_07/data/dog_reference/dog_reference.zip    778MB done
Validating package files [==================>-----------------------------]  40% 2/5
[1A[2K[1A[2K[1A[2KCollecting 1 genome record [================================================] 100% 1/1
Downloading: /sciclone/home/tdfelton/SUPERCOMPUTING/assignments/assignment_07/data/dog_reference/dog_reference.zip    778MB done
Validating package files [==================>-----------------------------]  40% 2/5
[1A[2K[1A[2K[1A[2KCollecting 1 genome record [================================================] 100% 1/1
Downloading: /sciclone/home/tdfelton/SUPERCOMPUTING/assignments/assignment_07/data/dog_reference/dog_reference.zip    778MB done
Validating package files [==================>-----------------------------]  40% 2/5
[1A[2K[1A[2K[1A[2KCollecting 1 genome record [================================================] 100% 1/1
Downloading: /sciclone/home/tdfelton/SUPERCOMPUTING/assignments/assignment_07/data/dog_reference/dog_reference.zip    778MB done
Validating package files [==================>-----------------------------]  40% 2/5
[1A[2K[1A[2K[1A[2KCollecting 1 genome record [================================================] 100% 1/1
Downloading: /sciclone/home/tdfelton/SUPERCOMPUTING/assignments/assignment_07/data/dog_reference/dog_reference.zip    778MB done
Validating package files [==================>-----------------------------]  40% 2/5
[1A[2K[1A[2K[1A[2KCollecting 1 genome record [================================================] 100% 1/1
Downloading: /sciclone/home/tdfelton/SUPERCOMPUTING/assignments/assignment_07/data/dog_reference/dog_reference.zip    778MB done
Validating package files [==================>-----------------------------]  40% 2/5
[1A[2K[1A[2K[1A[2KCollecting 1 genome record [================================================] 100% 1/1
Downloading: /sciclone/home/tdfelton/SUPERCOMPUTING/assignments/assignment_07/data/dog_reference/dog_reference.zip    778MB done
Validating package files [==================>-----------------------------]  40% 2/5
[1A[2K[1A[2K[1A[2KCollecting 1 genome record [================================================] 100% 1/1
Downloading: /sciclone/home/tdfelton/SUPERCOMPUTING/assignments/assignment_07/data/dog_reference/dog_reference.zip    778MB done
Validating package files [==================>-----------------------------]  40% 2/5
[1A[2K[1A[2K[1A[2KCollecting 1 genome record [================================================] 100% 1/1
Downloading: /sciclone/home/tdfelton/SUPERCOMPUTING/assignments/assignment_07/data/dog_reference/dog_reference.zip    778MB done
Validating package files [==================>-----------------------------]  40% 2/5
[1A[2K[1A[2K[1A[2KCollecting 1 genome record [================================================] 100% 1/1
Downloading: /sciclone/home/tdfelton/SUPERCOMPUTING/assignments/assignment_07/data/dog_reference/dog_reference.zip    778MB done
Validating package files [==================>-----------------------------]  40% 2/5
[1A[2K[1A[2K[1A[2KCollecting 1 genome record [================================================] 100% 1/1
Downloading: /sciclone/home/tdfelton/SUPERCOMPUTING/assignments/assignment_07/data/dog_reference/dog_reference.zip    778MB done
Validating package files [==================>-----------------------------]  40% 2/5
[1A[2K[1A[2K[1A[2KCollecting 1 genome record [================================================] 100% 1/1
Downloading: /sciclone/home/tdfelton/SUPERCOMPUTING/assignments/assignment_07/data/dog_reference/dog_reference.zip    778MB done
Validating package files [==================>-----------------------------]  40% 2/5
[1A[2K[1A[2K[1A[2KCollecting 1 genome record [================================================] 100% 1/1
Downloading: /sciclone/home/tdfelton/SUPERCOMPUTING/assignments/assignment_07/data/dog_reference/dog_reference.zip    778MB done
Validating package files [==================>-----------------------------]  40% 2/5
[1A[2K[1A[2K[1A[2KCollecting 1 genome record [================================================] 100% 1/1
Downloading: /sciclone/home/tdfelton/SUPERCOMPUTING/assignments/assignment_07/data/dog_reference/dog_reference.zip    778MB done
Validating package files [==================>-----------------------------]  40% 2/5
[1A[2K[1A[2K[1A[2KCollecting 1 genome record [================================================] 100% 1/1
Downloading: /sciclone/home/tdfelton/SUPERCOMPUTING/assignments/assignment_07/data/dog_reference/dog_reference.zip    778MB done
Validating package files [==================>-----------------------------]  40% 2/5
[1A[2K[1A[2K[1A[2KCollecting 1 genome record [================================================] 100% 1/1
Downloading: /sciclone/home/tdfelton/SUPERCOMPUTING/assignments/assignment_07/data/dog_reference/dog_reference.zip    778MB done
Validating package files [==================>-----------------------------]  40% 2/5
[1A[2K[1A[2K[1A[2KCollecting 1 genome record [================================================] 100% 1/1
Downloading: /sciclone/home/tdfelton/SUPERCOMPUTING/assignments/assignment_07/data/dog_reference/dog_reference.zip    778MB done
Validating package files [==================>-----------------------------]  40% 2/5
[1A[2K[1A[2K[1A[2KCollecting 1 genome record [================================================] 100% 1/1
Downloading: /sciclone/home/tdfelton/SUPERCOMPUTING/assignments/assignment_07/data/dog_reference/dog_reference.zip    778MB done
Validating package files [==================>-----------------------------]  40% 2/5
[1A[2K[1A[2K[1A[2KCollecting 1 genome record [================================================] 100% 1/1
Downloading: /sciclone/home/tdfelton/SUPERCOMPUTING/assignments/assignment_07/data/dog_reference/dog_reference.zip    778MB done
Validating package files [==================>-----------------------------]  40% 2/5
[1A[2K[1A[2K[1A[2KCollecting 1 genome record [================================================] 100% 1/1
Downloading: /sciclone/home/tdfelton/SUPERCOMPUTING/assignments/assignment_07/data/dog_reference/dog_reference.zip    778MB done
Validating package files [==================>-----------------------------]  40% 2/5
[1A[2K[1A[2K[1A[2KCollecting 1 genome record [================================================] 100% 1/1
Downloading: /sciclone/home/tdfelton/SUPERCOMPUTING/assignments/assignment_07/data/dog_reference/dog_reference.zip    778MB done
Validating package files [==================>-----------------------------]  40% 2/5
[1A[2K[1A[2K[1A[2KCollecting 1 genome record [================================================] 100% 1/1
Downloading: /sciclone/home/tdfelton/SUPERCOMPUTING/assignments/assignment_07/data/dog_reference/dog_reference.zip    778MB done
Validating package files [==================>-----------------------------]  40% 2/5
[1A[2K[1A[2K[1A[2KCollecting 1 genome record [================================================] 100% 1/1
Downloading: /sciclone/home/tdfelton/SUPERCOMPUTING/assignments/assignment_07/data/dog_reference/dog_reference.zip    778MB done
Validating package files [==================>-----------------------------]  40% 2/5
[1A[2K[1A[2K[1A[2KCollecting 1 genome record [================================================] 100% 1/1
Downloading: /sciclone/home/tdfelton/SUPERCOMPUTING/assignments/assignment_07/data/dog_reference/dog_reference.zip    778MB done
Validating package files [==================>-----------------------------]  40% 2/5
[1A[2K[1A[2K[1A[2KCollecting 1 genome record [================================================] 100% 1/1
Downloading: /sciclone/home/tdfelton/SUPERCOMPUTING/assignments/assignment_07/data/dog_reference/dog_reference.zip    778MB done
Validating package files [==================>-----------------------------]  40% 2/5
[1A[2K[1A[2K[1A[2KCollecting 1 genome record [================================================] 100% 1/1
Downloading: /sciclone/home/tdfelton/SUPERCOMPUTING/assignments/assignment_07/data/dog_reference/dog_reference.zip    778MB done
Validating package files [==================>-----------------------------]  40% 2/5
[1A[2K[1A[2K[1A[2KCollecting 1 genome record [================================================] 100% 1/1
Downloading: /sciclone/home/tdfelton/SUPERCOMPUTING/assignments/assignment_07/data/dog_reference/dog_reference.zip    778MB done
Validating package files [==================>-----------------------------]  40% 2/5
[1A[2K[1A[2K[1A[2KCollecting 1 genome record [================================================] 100% 1/1
Downloading: /sciclone/home/tdfelton/SUPERCOMPUTING/assignments/assignment_07/data/dog_reference/dog_reference.zip    778MB done
Validating package files [==================>-----------------------------]  40% 2/5
[1A[2K[1A[2K[1A[2KCollecting 1 genome record [================================================] 100% 1/1
Downloading: /sciclone/home/tdfelton/SUPERCOMPUTING/assignments/assignment_07/data/dog_reference/dog_reference.zip    778MB done
Validating package files [==================>-----------------------------]  40% 2/5
[1A[2K[1A[2K[1A[2KCollecting 1 genome record [================================================] 100% 1/1
Downloading: /sciclone/home/tdfelton/SUPERCOMPUTING/assignments/assignment_07/data/dog_reference/dog_reference.zip    778MB done
Validating package files [==================>-----------------------------]  40% 2/5
[1A[2K[1A[2K[1A[2KCollecting 1 genome record [================================================] 100% 1/1
Downloading: /sciclone/home/tdfelton/SUPERCOMPUTING/assignments/assignment_07/data/dog_reference/dog_reference.zip    778MB done
Validating package files [==================>-----------------------------]  40% 2/5
[1A[2K[1A[2K[1A[2KCollecting 1 genome record [================================================] 100% 1/1
Downloading: /sciclone/home/tdfelton/SUPERCOMPUTING/assignments/assignment_07/data/dog_reference/dog_reference.zip    778MB done
Validating package files [==================>-----------------------------]  40% 2/5
[1A[2K[1A[2K[1A[2KCollecting 1 genome record [================================================] 100% 1/1
Downloading: /sciclone/home/tdfelton/SUPERCOMPUTING/assignments/assignment_07/data/dog_reference/dog_reference.zip    778MB done
Validating package files [==================>-----------------------------]  40% 2/5
[1A[2K[1A[2K[1A[2KCollecting 1 genome record [================================================] 100% 1/1
Downloading: /sciclone/home/tdfelton/SUPERCOMPUTING/assignments/assignment_07/data/dog_reference/dog_reference.zip    778MB done
Validating package files [==================>-----------------------------]  40% 2/5
[1A[2K[1A[2K[1A[2KCollecting 1 genome record [================================================] 100% 1/1
Downloading: /sciclone/home/tdfelton/SUPERCOMPUTING/assignments/assignment_07/data/dog_reference/dog_reference.zip    778MB done
Validating package files [==================>-----------------------------]  40% 2/5
[1A[2K[1A[2K[1A[2KCollecting 1 genome record [================================================] 100% 1/1
Downloading: /sciclone/home/tdfelton/SUPERCOMPUTING/assignments/assignment_07/data/dog_reference/dog_reference.zip    778MB done
Validating package files [==================>-----------------------------]  40% 2/5
[1A[2K[1A[2K[1A[2KCollecting 1 genome record [================================================] 100% 1/1
Downloading: /sciclone/home/tdfelton/SUPERCOMPUTING/assignments/assignment_07/data/dog_reference/dog_reference.zip    778MB done
Validating package files [==================>-----------------------------]  40% 2/5
[1A[2K[1A[2K[1A[2KCollecting 1 genome record [================================================] 100% 1/1
Downloading: /sciclone/home/tdfelton/SUPERCOMPUTING/assignments/assignment_07/data/dog_reference/dog_reference.zip    778MB done
Validating package files [==================>-----------------------------]  40% 2/5
[1A[2K[1A[2K[1A[2KCollecting 1 genome record [================================================] 100% 1/1
Downloading: /sciclone/home/tdfelton/SUPERCOMPUTING/assignments/assignment_07/data/dog_reference/dog_reference.zip    778MB done
Validating package files [==================>-----------------------------]  40% 2/5
[1A[2K[1A[2K[1A[2KCollecting 1 genome record [================================================] 100% 1/1
Downloading: /sciclone/home/tdfelton/SUPERCOMPUTING/assignments/assignment_07/data/dog_reference/dog_reference.zip    778MB done
Validating package files [==================>-----------------------------]  40% 2/5
[1A[2K[1A[2K[1A[2KCollecting 1 genome record [================================================] 100% 1/1
Downloading: /sciclone/home/tdfelton/SUPERCOMPUTING/assignments/assignment_07/data/dog_reference/dog_reference.zip    778MB done
Validating package files [==================>-----------------------------]  40% 2/5
[1A[2K[1A[2K[1A[2KCollecting 1 genome record [================================================] 100% 1/1
Downloading: /sciclone/home/tdfelton/SUPERCOMPUTING/assignments/assignment_07/data/dog_reference/dog_reference.zip    778MB done
Validating package files [==================>-----------------------------]  40% 2/5
[1A[2K[1A[2K[1A[2KCollecting 1 genome record [================================================] 100% 1/1
Downloading: /sciclone/home/tdfelton/SUPERCOMPUTING/assignments/assignment_07/data/dog_reference/dog_reference.zip    778MB done
Validating package files [==================>-----------------------------]  40% 2/5
[1A[2K[1A[2K[1A[2KCollecting 1 genome record [================================================] 100% 1/1
Downloading: /sciclone/home/tdfelton/SUPERCOMPUTING/assignments/assignment_07/data/dog_reference/dog_reference.zip    778MB done
Validating package files [==================>-----------------------------]  40% 2/5
[1A[2K[1A[2K[1A[2KCollecting 1 genome record [================================================] 100% 1/1
Downloading: /sciclone/home/tdfelton/SUPERCOMPUTING/assignments/assignment_07/data/dog_reference/dog_reference.zip    778MB done
Validating package files [==================>-----------------------------]  40% 2/5
[1A[2K[1A[2K[1A[2KCollecting 1 genome record [================================================] 100% 1/1
Downloading: /sciclone/home/tdfelton/SUPERCOMPUTING/assignments/assignment_07/data/dog_reference/dog_reference.zip    778MB done
Validating package files [==================>-----------------------------]  40% 2/5
[1A[2K[1A[2K[1A[2KCollecting 1 genome record [================================================] 100% 1/1
Downloading: /sciclone/home/tdfelton/SUPERCOMPUTING/assignments/assignment_07/data/dog_reference/dog_reference.zip    778MB done
Validating package files [==================>-----------------------------]  40% 2/5
[1A[2K[1A[2K[1A[2KCollecting 1 genome record [================================================] 100% 1/1
Downloading: /sciclone/home/tdfelton/SUPERCOMPUTING/assignments/assignment_07/data/dog_reference/dog_reference.zip    778MB done
Validating package files [==================>-----------------------------]  40% 2/5
[1A[2K[1A[2K[1A[2KCollecting 1 genome record [================================================] 100% 1/1
Downloading: /sciclone/home/tdfelton/SUPERCOMPUTING/assignments/assignment_07/data/dog_reference/dog_reference.zip    778MB done
Validating package files [==================>-----------------------------]  40% 2/5
[1A[2K[1A[2K[1A[2KCollecting 1 genome record [================================================] 100% 1/1
Downloading: /sciclone/home/tdfelton/SUPERCOMPUTING/assignments/assignment_07/data/dog_reference/dog_reference.zip    778MB done
Validating package files [==================>-----------------------------]  40% 2/5
[1A[2K[1A[2K[1A[2KCollecting 1 genome record [================================================] 100% 1/1
Downloading: /sciclone/home/tdfelton/SUPERCOMPUTING/assignments/assignment_07/data/dog_reference/dog_reference.zip    778MB done
Validating package files [==================>-----------------------------]  40% 2/5
[1A[2K[1A[2K[1A[2KCollecting 1 genome record [================================================] 100% 1/1
Downloading: /sciclone/home/tdfelton/SUPERCOMPUTING/assignments/assignment_07/data/dog_reference/dog_reference.zip    778MB done
Validating package files [==================>-----------------------------]  40% 2/5
[1A[2K[1A[2K[1A[2KCollecting 1 genome record [================================================] 100% 1/1
Downloading: /sciclone/home/tdfelton/SUPERCOMPUTING/assignments/assignment_07/data/dog_reference/dog_reference.zip    778MB done
Validating package files [==================>-----------------------------]  40% 2/5
[1A[2K[1A[2K[1A[2KCollecting 1 genome record [================================================] 100% 1/1
Downloading: /sciclone/home/tdfelton/SUPERCOMPUTING/assignments/assignment_07/data/dog_reference/dog_reference.zip    778MB done
Validating package files [==================>-----------------------------]  40% 2/5
[1A[2K[1A[2K[1A[2KCollecting 1 genome record [================================================] 100% 1/1
Downloading: /sciclone/home/tdfelton/SUPERCOMPUTING/assignments/assignment_07/data/dog_reference/dog_reference.zip    778MB done
Validating package files [==================>-----------------------------]  40% 2/5
[1A[2K[1A[2K[1A[2KCollecting 1 genome record [================================================] 100% 1/1
Downloading: /sciclone/home/tdfelton/SUPERCOMPUTING/assignments/assignment_07/data/dog_reference/dog_reference.zip    778MB done
Validating package files [==================>-----------------------------]  40% 2/5
[1A[2K[1A[2K[1A[2KCollecting 1 genome record [================================================] 100% 1/1
Downloading: /sciclone/home/tdfelton/SUPERCOMPUTING/assignments/assignment_07/data/dog_reference/dog_reference.zip    778MB done
Validating package files [==================>-----------------------------]  40% 2/5
[1A[2K[1A[2K[1A[2KCollecting 1 genome record [================================================] 100% 1/1
Downloading: /sciclone/home/tdfelton/SUPERCOMPUTING/assignments/assignment_07/data/dog_reference/dog_reference.zip    778MB done
Validating package files [==================>-----------------------------]  40% 2/5
[1A[2K[1A[2K[1A[2KCollecting 1 genome record [================================================] 100% 1/1
Downloading: /sciclone/home/tdfelton/SUPERCOMPUTING/assignments/assignment_07/data/dog_reference/dog_reference.zip    778MB done
Validating package files [==================>-----------------------------]  40% 2/5
[1A[2K[1A[2K[1A[2KCollecting 1 genome record [================================================] 100% 1/1
Downloading: /sciclone/home/tdfelton/SUPERCOMPUTING/assignments/assignment_07/data/dog_reference/dog_reference.zip    778MB done
Validating package files [==================>-----------------------------]  40% 2/5
[1A[2K[1A[2K[1A[2KCollecting 1 genome record [================================================] 100% 1/1
Downloading: /sciclone/home/tdfelton/SUPERCOMPUTING/assignments/assignment_07/data/dog_reference/dog_reference.zip    778MB done
Validating package files [==================>-----------------------------]  40% 2/5
[1A[2K[1A[2K[1A[2KCollecting 1 genome record [================================================] 100% 1/1
Downloading: /sciclone/home/tdfelton/SUPERCOMPUTING/assignments/assignment_07/data/dog_reference/dog_reference.zip    778MB done
Validating package files [==================>-----------------------------]  40% 2/5
[1A[2K[1A[2K[1A[2KCollecting 1 genome record [================================================] 100% 1/1
Downloading: /sciclone/home/tdfelton/SUPERCOMPUTING/assignments/assignment_07/data/dog_reference/dog_reference.zip    778MB done
Validating package files [==================>-----------------------------]  40% 2/5
[1A[2K[1A[2K[1A[2KCollecting 1 genome record [================================================] 100% 1/1
Downloading: /sciclone/home/tdfelton/SUPERCOMPUTING/assignments/assignment_07/data/dog_reference/dog_reference.zip    778MB done
Validating package files [==================>-----------------------------]  40% 2/5
[1A[2K[1A[2K[1A[2KCollecting 1 genome record [================================================] 100% 1/1
Downloading: /sciclone/home/tdfelton/SUPERCOMPUTING/assignments/assignment_07/data/dog_reference/dog_reference.zip    778MB done
Validating package files [==================>-----------------------------]  40% 2/5
[1A[2K[1A[2K[1A[2KCollecting 1 genome record [================================================] 100% 1/1
Downloading: /sciclone/home/tdfelton/SUPERCOMPUTING/assignments/assignment_07/data/dog_reference/dog_reference.zip    778MB done
Validating package files [==================>-----------------------------]  40% 2/5
[1A[2K[1A[2K[1A[2KCollecting 1 genome record [================================================] 100% 1/1
Downloading: /sciclone/home/tdfelton/SUPERCOMPUTING/assignments/assignment_07/data/dog_reference/dog_reference.zip    778MB done
Validating package files [==================>-----------------------------]  40% 2/5
[1A[2K[1A[2K[1A[2KCollecting 1 genome record [================================================] 100% 1/1
Downloading: /sciclone/home/tdfelton/SUPERCOMPUTING/assignments/assignment_07/data/dog_reference/dog_reference.zip    778MB done
Validating package files [==================>-----------------------------]  40% 2/5
[1A[2K[1A[2K[1A[2KCollecting 1 genome record [================================================] 100% 1/1
Downloading: /sciclone/home/tdfelton/SUPERCOMPUTING/assignments/assignment_07/data/dog_reference/dog_reference.zip    778MB done
Validating package files [==================>-----------------------------]  40% 2/5
[1A[2K[1A[2K[1A[2KCollecting 1 genome record [================================================] 100% 1/1
Downloading: /sciclone/home/tdfelton/SUPERCOMPUTING/assignments/assignment_07/data/dog_reference/dog_reference.zip    778MB done
Validating package files [==================>-----------------------------]  40% 2/5
[1A[2K[1A[2K[1A[2KCollecting 1 genome record [================================================] 100% 1/1
Downloading: /sciclone/home/tdfelton/SUPERCOMPUTING/assignments/assignment_07/data/dog_reference/dog_reference.zip    778MB done
Validating package files [==================>-----------------------------]  40% 2/5
[1A[2K[1A[2K[1A[2KCollecting 1 genome record [================================================] 100% 1/1
Downloading: /sciclone/home/tdfelton/SUPERCOMPUTING/assignments/assignment_07/data/dog_reference/dog_reference.zip    778MB done
Validating package files [==================>-----------------------------]  40% 2/5
[1A[2K[1A[2K[1A[2KCollecting 1 genome record [================================================] 100% 1/1
Downloading: /sciclone/home/tdfelton/SUPERCOMPUTING/assignments/assignment_07/data/dog_reference/dog_reference.zip    778MB done
Validating package files [==================>-----------------------------]  40% 2/5
[1A[2K[1A[2K[1A[2KCollecting 1 genome record [================================================] 100% 1/1
Downloading: /sciclone/home/tdfelton/SUPERCOMPUTING/assignments/assignment_07/data/dog_reference/dog_reference.zip    778MB done
Validating package files [==================>-----------------------------]  40% 2/5
[1A[2K[1A[2K[1A[2KCollecting 1 genome record [================================================] 100% 1/1
Downloading: /sciclone/home/tdfelton/SUPERCOMPUTING/assignments/assignment_07/data/dog_reference/dog_reference.zip    778MB done
Validating package files [==================>-----------------------------]  40% 2/5
[1A[2K[1A[2K[1A[2KCollecting 1 genome record [================================================] 100% 1/1
Downloading: /sciclone/home/tdfelton/SUPERCOMPUTING/assignments/assignment_07/data/dog_reference/dog_reference.zip    778MB done
Validating package files [==================>-----------------------------]  40% 2/5
[1A[2K[1A[2K[1A[2KCollecting 1 genome record [================================================] 100% 1/1
Downloading: /sciclone/home/tdfelton/SUPERCOMPUTING/assignments/assignment_07/data/dog_reference/dog_reference.zip    778MB done
Validating package files [==================>-----------------------------]  40% 2/5
[1A[2K[1A[2K[1A[2KCollecting 1 genome record [================================================] 100% 1/1
Downloading: /sciclone/home/tdfelton/SUPERCOMPUTING/assignments/assignment_07/data/dog_reference/dog_reference.zip    778MB done
Validating package files [==================>-----------------------------]  40% 2/5
[1A[2K[1A[2K[1A[2KCollecting 1 genome record [================================================] 100% 1/1
Downloading: /sciclone/home/tdfelton/SUPERCOMPUTING/assignments/assignment_07/data/dog_reference/dog_reference.zip    778MB done
Validating package files [==================>-----------------------------]  40% 2/5
[1A[2K[1A[2K[1A[2KCollecting 1 genome record [================================================] 100% 1/1
Downloading: /sciclone/home/tdfelton/SUPERCOMPUTING/assignments/assignment_07/data/dog_reference/dog_reference.zip    778MB done
Validating package files [==================>-----------------------------]  40% 2/5
[1A[2K[1A[2K[1A[2KCollecting 1 genome record [================================================] 100% 1/1
Downloading: /sciclone/home/tdfelton/SUPERCOMPUTING/assignments/assignment_07/data/dog_reference/dog_reference.zip    778MB done
Validating package files [==================>-----------------------------]  40% 2/5
[1A[2K[1A[2K[1A[2KCollecting 1 genome record [================================================] 100% 1/1
Downloading: /sciclone/home/tdfelton/SUPERCOMPUTING/assignments/assignment_07/data/dog_reference/dog_reference.zip    778MB done
Validating package files [==================>-----------------------------]  40% 2/5
[1A[2K[1A[2K[1A[2KCollecting 1 genome record [================================================] 100% 1/1
Downloading: /sciclone/home/tdfelton/SUPERCOMPUTING/assignments/assignment_07/data/dog_reference/dog_reference.zip    778MB done
Validating package files [==================>-----------------------------]  40% 2/5
[1A[2K[1A[2K[1A[2KCollecting 1 genome record [================================================] 100% 1/1
Downloading: /sciclone/home/tdfelton/SUPERCOMPUTING/assignments/assignment_07/data/dog_reference/dog_reference.zip    778MB done
Validating package files [==================>-----------------------------]  40% 2/5
[1A[2K[1A[2K[1A[2KCollecting 1 genome record [================================================] 100% 1/1
Downloading: /sciclone/home/tdfelton/SUPERCOMPUTING/assignments/assignment_07/data/dog_reference/dog_reference.zip    778MB done
Validating package files [==================>-----------------------------]  40% 2/5
[1A[2K[1A[2K[1A[2KCollecting 1 genome record [================================================] 100% 1/1
Downloading: /sciclone/home/tdfelton/SUPERCOMPUTING/assignments/assignment_07/data/dog_reference/dog_reference.zip    778MB done
Validating package files [==================>-----------------------------]  40% 2/5
[1A[2K[1A[2K[1A[2KCollecting 1 genome record [================================================] 100% 1/1
Downloading: /sciclone/home/tdfelton/SUPERCOMPUTING/assignments/assignment_07/data/dog_reference/dog_reference.zip    778MB done
Validating package files [==================>-----------------------------]  40% 2/5
[1A[2K[1A[2K[1A[2KCollecting 1 genome record [================================================] 100% 1/1
Downloading: /sciclone/home/tdfelton/SUPERCOMPUTING/assignments/assignment_07/data/dog_reference/dog_reference.zip    778MB done
Validating package files [==================>-----------------------------]  40% 2/5
[1A[2K[1A[2K[1A[2KCollecting 1 genome record [================================================] 100% 1/1
Downloading: /sciclone/home/tdfelton/SUPERCOMPUTING/assignments/assignment_07/data/dog_reference/dog_reference.zip    778MB done
Validating package files [==================>-----------------------------]  40% 2/5
[1A[2K[1A[2K[1A[2KCollecting 1 genome record [================================================] 100% 1/1
Downloading: /sciclone/home/tdfelton/SUPERCOMPUTING/assignments/assignment_07/data/dog_reference/dog_reference.zip    778MB done
Validating package files [==================>-----------------------------]  40% 2/5
[1A[2K[1A[2K[1A[2KCollecting 1 genome record [================================================] 100% 1/1
Downloading: /sciclone/home/tdfelton/SUPERCOMPUTING/assignments/assignment_07/data/dog_reference/dog_reference.zip    778MB done
Validating package files [==================>-----------------------------]  40% 2/5
[1A[2K[1A[2K[1A[2KCollecting 1 genome record [================================================] 100% 1/1
Downloading: /sciclone/home/tdfelton/SUPERCOMPUTING/assignments/assignment_07/data/dog_reference/dog_reference.zip    778MB done
Validating package files [==================>-----------------------------]  40% 2/5
[1A[2K[1A[2K[1A[2KCollecting 1 genome record [================================================] 100% 1/1
Downloading: /sciclone/home/tdfelton/SUPERCOMPUTING/assignments/assignment_07/data/dog_reference/dog_reference.zip    778MB done
Validating package files [==================>-----------------------------]  40% 2/5
[1A[2K[1A[2K[1A[2KCollecting 1 genome record [================================================] 100% 1/1
Downloading: /sciclone/home/tdfelton/SUPERCOMPUTING/assignments/assignment_07/data/dog_reference/dog_reference.zip    778MB done
Validating package files [==================>-----------------------------]  40% 2/5
[1A[2K[1A[2K[1A[2KCollecting 1 genome record [================================================] 100% 1/1
Downloading: /sciclone/home/tdfelton/SUPERCOMPUTING/assignments/assignment_07/data/dog_reference/dog_reference.zip    778MB done
Validating package files [==================>-----------------------------]  40% 2/5
[1A[2K[1A[2K[1A[2KCollecting 1 genome record [================================================] 100% 1/1
Downloading: /sciclone/home/tdfelton/SUPERCOMPUTING/assignments/assignment_07/data/dog_reference/dog_reference.zip    778MB done
Validating package files [==================>-----------------------------]  40% 2/5
[1A[2K[1A[2K[1A[2KCollecting 1 genome record [================================================] 100% 1/1
Downloading: /sciclone/home/tdfelton/SUPERCOMPUTING/assignments/assignment_07/data/dog_reference/dog_reference.zip    778MB done
Validating package files [==================>-----------------------------]  40% 2/5
[1A[2K[1A[2K[1A[2KCollecting 1 genome record [================================================] 100% 1/1
Downloading: /sciclone/home/tdfelton/SUPERCOMPUTING/assignments/assignment_07/data/dog_reference/dog_reference.zip    778MB done
Validating package files [==================>-----------------------------]  40% 2/5
[1A[2K[1A[2K[1A[2KCollecting 1 genome record [================================================] 100% 1/1
Downloading: /sciclone/home/tdfelton/SUPERCOMPUTING/assignments/assignment_07/data/dog_reference/dog_reference.zip    778MB done
Validating package files [==================>-----------------------------]  40% 2/5
[1A[2K[1A[2K[1A[2KCollecting 1 genome record [================================================] 100% 1/1
Downloading: /sciclone/home/tdfelton/SUPERCOMPUTING/assignments/assignment_07/data/dog_reference/dog_reference.zip    778MB done
Validating package files [==================>-----------------------------]  40% 2/5
[1A[2K[1A[2K[1A[2KCollecting 1 genome record [================================================] 100% 1/1
Downloading: /sciclone/home/tdfelton/SUPERCOMPUTING/assignments/assignment_07/data/dog_reference/dog_reference.zip    778MB done
Validating package files [==================>-----------------------------]  40% 2/5
[1A[2K[1A[2K[1A[2KCollecting 1 genome record [================================================] 100% 1/1
Downloading: /sciclone/home/tdfelton/SUPERCOMPUTING/assignments/assignment_07/data/dog_reference/dog_reference.zip    778MB done
Validating package files [==================>-----------------------------]  40% 2/5
[1A[2K[1A[2K[1A[2KCollecting 1 genome record [================================================] 100% 1/1
Downloading: /sciclone/home/tdfelton/SUPERCOMPUTING/assignments/assignment_07/data/dog_reference/dog_reference.zip    778MB done
Validating package files [==================>-----------------------------]  40% 2/5
[1A[2K[1A[2K[1A[2KCollecting 1 genome record [================================================] 100% 1/1
Downloading: /sciclone/home/tdfelton/SUPERCOMPUTING/assignments/assignment_07/data/dog_reference/dog_reference.zip    778MB done
Validating package files [==================>-----------------------------]  40% 2/5
[1A[2K[1A[2K[1A[2KCollecting 1 genome record [================================================] 100% 1/1
Downloading: /sciclone/home/tdfelton/SUPERCOMPUTING/assignments/assignment_07/data/dog_reference/dog_reference.zip    778MB done
Validating package files [==================>-----------------------------]  40% 2/5
[1A[2K[1A[2K[1A[2KCollecting 1 genome record [================================================] 100% 1/1
Downloading: /sciclone/home/tdfelton/SUPERCOMPUTING/assignments/assignment_07/data/dog_reference/dog_reference.zip    778MB done
Validating package files [==================>-----------------------------]  40% 2/5
[1A[2K[1A[2K[1A[2KCollecting 1 genome record [================================================] 100% 1/1
Downloading: /sciclone/home/tdfelton/SUPERCOMPUTING/assignments/assignment_07/data/dog_reference/dog_reference.zip    778MB done
Validating package files [==================>-----------------------------]  40% 2/5
[1A[2K[1A[2K[1A[2KCollecting 1 genome record [================================================] 100% 1/1
Downloading: /sciclone/home/tdfelton/SUPERCOMPUTING/assignments/assignment_07/data/dog_reference/dog_reference.zip    778MB done
Validating package files [==================>-----------------------------]  40% 2/5
[1A[2K[1A[2K[1A[2KCollecting 1 genome record [================================================] 100% 1/1
Downloading: /sciclone/home/tdfelton/SUPERCOMPUTING/assignments/assignment_07/data/dog_reference/dog_reference.zip    778MB done
Validating package files [==================>-----------------------------]  40% 2/5
[1A[2K[1A[2K[1A[2KCollecting 1 genome record [================================================] 100% 1/1
Downloading: /sciclone/home/tdfelton/SUPERCOMPUTING/assignments/assignment_07/data/dog_reference/dog_reference.zip    778MB done
Validating package files [==================>-----------------------------]  40% 2/5
[1A[2K[1A[2K[1A[2KCollecting 1 genome record [================================================] 100% 1/1
Downloading: /sciclone/home/tdfelton/SUPERCOMPUTING/assignments/assignment_07/data/dog_reference/dog_reference.zip    778MB done
Validating package files [==================>-----------------------------]  40% 2/5
[1A[2K[1A[2K[1A[2KCollecting 1 genome record [================================================] 100% 1/1
Downloading: /sciclone/home/tdfelton/SUPERCOMPUTING/assignments/assignment_07/data/dog_reference/dog_reference.zip    778MB done
Validating package files [==================>-----------------------------]  40% 2/5
[1A[2K[1A[2K[1A[2KCollecting 1 genome record [================================================] 100% 1/1
Downloading: /sciclone/home/tdfelton/SUPERCOMPUTING/assignments/assignment_07/data/dog_reference/dog_reference.zip    778MB done
Validating package files [==================>-----------------------------]  40% 2/5
[1A[2K[1A[2K[1A[2KCollecting 1 genome record [================================================] 100% 1/1
Downloading: /sciclone/home/tdfelton/SUPERCOMPUTING/assignments/assignment_07/data/dog_reference/dog_reference.zip    778MB done
Validating package files [==================>-----------------------------]  40% 2/5
[1A[2K[1A[2K[1A[2KCollecting 1 genome record [================================================] 100% 1/1
Downloading: /sciclone/home/tdfelton/SUPERCOMPUTING/assignments/assignment_07/data/dog_reference/dog_reference.zip    778MB done
Validating package files [==================>-----------------------------]  40% 2/5
[1A[2K[1A[2K[1A[2KCollecting 1 genome record [================================================] 100% 1/1
Downloading: /sciclone/home/tdfelton/SUPERCOMPUTING/assignments/assignment_07/data/dog_reference/dog_reference.zip    778MB done
Validating package files [==================>-----------------------------]  40% 2/5
[1A[2K[1A[2K[1A[2KCollecting 1 genome record [================================================] 100% 1/1
Downloading: /sciclone/home/tdfelton/SUPERCOMPUTING/assignments/assignment_07/data/dog_reference/dog_reference.zip    778MB done
Validating package files [==================>-----------------------------]  40% 2/5
[1A[2K[1A[2K[1A[2KCollecting 1 genome record [================================================] 100% 1/1
Downloading: /sciclone/home/tdfelton/SUPERCOMPUTING/assignments/assignment_07/data/dog_reference/dog_reference.zip    778MB done
Validating package files [==================>-----------------------------]  40% 2/5
[1A[2K[1A[2K[1A[2KCollecting 1 genome record [================================================] 100% 1/1
Downloading: /sciclone/home/tdfelton/SUPERCOMPUTING/assignments/assignment_07/data/dog_reference/dog_reference.zip    778MB done
Validating package files [==================>-----------------------------]  40% 2/5
[1A[2K[1A[2K[1A[2KCollecting 1 genome record [================================================] 100% 1/1
Downloading: /sciclone/home/tdfelton/SUPERCOMPUTING/assignments/assignment_07/data/dog_reference/dog_reference.zip    778MB done
Validating package files [==================>-----------------------------]  40% 2/5
[1A[2K[1A[2K[1A[2KCollecting 1 genome record [================================================] 100% 1/1
Downloading: /sciclone/home/tdfelton/SUPERCOMPUTING/assignments/assignment_07/data/dog_reference/dog_reference.zip    778MB done
Validating package files [==================>-----------------------------]  40% 2/5
[1A[2K[1A[2K[1A[2KCollecting 1 genome record [================================================] 100% 1/1
Downloading: /sciclone/home/tdfelton/SUPERCOMPUTING/assignments/assignment_07/data/dog_reference/dog_reference.zip    778MB done
Validating package files [==================>-----------------------------]  40% 2/5
[1A[2K[1A[2K[1A[2KCollecting 1 genome record [================================================] 100% 1/1
Downloading: /sciclone/home/tdfelton/SUPERCOMPUTING/assignments/assignment_07/data/dog_reference/dog_reference.zip    778MB done
Validating package files [==================>-----------------------------]  40% 2/5
[1A[2K[1A[2K[1A[2KCollecting 1 genome record [================================================] 100% 1/1
Downloading: /sciclone/home/tdfelton/SUPERCOMPUTING/assignments/assignment_07/data/dog_reference/dog_reference.zip    778MB done
Validating package files [==================>-----------------------------]  40% 2/5
[1A[2K[1A[2K[1A[2KCollecting 1 genome record [================================================] 100% 1/1
Downloading: /sciclone/home/tdfelton/SUPERCOMPUTING/assignments/assignment_07/data/dog_reference/dog_reference.zip    778MB done
Validating package files [==================>-----------------------------]  40% 2/5
[1A[2K[1A[2K[1A[2KCollecting 1 genome record [================================================] 100% 1/1
Downloading: /sciclone/home/tdfelton/SUPERCOMPUTING/assignments/assignment_07/data/dog_reference/dog_reference.zip    778MB done
Validating package files [==================>-----------------------------]  40% 2/5
[1A[2K[1A[2K[1A[2KCollecting 1 genome record [================================================] 100% 1/1
Downloading: /sciclone/home/tdfelton/SUPERCOMPUTING/assignments/assignment_07/data/dog_reference/dog_reference.zip    778MB done
Validating package files [==================>-----------------------------]  40% 2/5
[1A[2K[1A[2K[1A[2KCollecting 1 genome record [================================================] 100% 1/1
Downloading: /sciclone/home/tdfelton/SUPERCOMPUTING/assignments/assignment_07/data/dog_reference/dog_reference.zip    778MB done
Validating package files [==================>-----------------------------]  40% 2/5
[1A[2K[1A[2K[1A[2KCollecting 1 genome record [================================================] 100% 1/1
Downloading: /sciclone/home/tdfelton/SUPERCOMPUTING/assignments/assignment_07/data/dog_reference/dog_reference.zip    778MB done
Validating package files [==================>-----------------------------]  40% 2/5
[1A[2K[1A[2K[1A[2KCollecting 1 genome record [================================================] 100% 1/1
Downloading: /sciclone/home/tdfelton/SUPERCOMPUTING/assignments/assignment_07/data/dog_reference/dog_reference.zip    778MB done
Validating package files [==================>-----------------------------]  40% 2/5
[1A[2K[1A[2K[1A[2KCollecting 1 genome record [================================================] 100% 1/1
Downloading: /sciclone/home/tdfelton/SUPERCOMPUTING/assignments/assignment_07/data/dog_reference/dog_reference.zip    778MB done
Validating package files [==================>-----------------------------]  40% 2/5
[1A[2K[1A[2K[1A[2KCollecting 1 genome record [================================================] 100% 1/1
Downloading: /sciclone/home/tdfelton/SUPERCOMPUTING/assignments/assignment_07/data/dog_reference/dog_reference.zip    778MB done
Validating package files [==================>-----------------------------]  40% 2/5
[1A[2K[1A[2K[1A[2KCollecting 1 genome record [================================================] 100% 1/1
Downloading: /sciclone/home/tdfelton/SUPERCOMPUTING/assignments/assignment_07/data/dog_reference/dog_reference.zip    778MB done
Validating package files [==================>-----------------------------]  40% 2/5
[1A[2K[1A[2K[1A[2KCollecting 1 genome record [================================================] 100% 1/1
Downloading: /sciclone/home/tdfelton/SUPERCOMPUTING/assignments/assignment_07/data/dog_reference/dog_reference.zip    778MB done
Validating package files [==================>-----------------------------]  40% 2/5
[1A[2K[1A[2K[1A[2KCollecting 1 genome record [================================================] 100% 1/1
Downloading: /sciclone/home/tdfelton/SUPERCOMPUTING/assignments/assignment_07/data/dog_reference/dog_reference.zip    778MB done
Validating package files [==================>-----------------------------]  40% 2/5
[1A[2K[1A[2K[1A[2KCollecting 1 genome record [================================================] 100% 1/1
Downloading: /sciclone/home/tdfelton/SUPERCOMPUTING/assignments/assignment_07/data/dog_reference/dog_reference.zip    778MB done
Validating package files [==================>-----------------------------]  40% 2/5
[1A[2K[1A[2K[1A[2KCollecting 1 genome record [================================================] 100% 1/1
Downloading: /sciclone/home/tdfelton/SUPERCOMPUTING/assignments/assignment_07/data/dog_reference/dog_reference.zip    778MB done
Validating package files [==================>-----------------------------]  40% 2/5
[1A[2K[1A[2K[1A[2KCollecting 1 genome record [================================================] 100% 1/1
Downloading: /sciclone/home/tdfelton/SUPERCOMPUTING/assignments/assignment_07/data/dog_reference/dog_reference.zip    778MB done
Validating package files [==================>-----------------------------]  40% 2/5
[1A[2K[1A[2K[1A[2KCollecting 1 genome record [================================================] 100% 1/1
Downloading: /sciclone/home/tdfelton/SUPERCOMPUTING/assignments/assignment_07/data/dog_reference/dog_reference.zip    778MB done
Validating package files [==================>-----------------------------]  40% 2/5
[1A[2K[1A[2K[1A[2KCollecting 1 genome record [================================================] 100% 1/1
Downloading: /sciclone/home/tdfelton/SUPERCOMPUTING/assignments/assignment_07/data/dog_reference/dog_reference.zip    778MB done
Validating package files [==================>-----------------------------]  40% 2/5
[1A[2K[1A[2K[1A[2KCollecting 1 genome record [================================================] 100% 1/1
Downloading: /sciclone/home/tdfelton/SUPERCOMPUTING/assignments/assignment_07/data/dog_reference/dog_reference.zip    778MB done
Validating package files [==================>-----------------------------]  40% 2/5
[1A[2K[1A[2K[1A[2KCollecting 1 genome record [================================================] 100% 1/1
Downloading: /sciclone/home/tdfelton/SUPERCOMPUTING/assignments/assignment_07/data/dog_reference/dog_reference.zip    778MB done
Validating package files [==================>-----------------------------]  40% 2/5
[1A[2K[1A[2K[1A[2KCollecting 1 genome record [================================================] 100% 1/1
Downloading: /sciclone/home/tdfelton/SUPERCOMPUTING/assignments/assignment_07/data/dog_reference/dog_reference.zip    778MB done
Validating package files [==================>-----------------------------]  40% 2/5
[1A[2K[1A[2K[1A[2KCollecting 1 genome record [================================================] 100% 1/1
Downloading: /sciclone/home/tdfelton/SUPERCOMPUTING/assignments/assignment_07/data/dog_reference/dog_reference.zip    778MB done
Validating package files [==================>-----------------------------]  40% 2/5
[1A[2K[1A[2K[1A[2KCollecting 1 genome record [================================================] 100% 1/1
Downloading: /sciclone/home/tdfelton/SUPERCOMPUTING/assignments/assignment_07/data/dog_reference/dog_reference.zip    778MB done
Validating package files [==================>-----------------------------]  40% 2/5
[1A[2K[1A[2K[1A[2KCollecting 1 genome record [================================================] 100% 1/1
Downloading: /sciclone/home/tdfelton/SUPERCOMPUTING/assignments/assignment_07/data/dog_reference/dog_reference.zip    778MB done
Validating package files [==================>-----------------------------]  40% 2/5
[1A[2K[1A[2K[1A[2KCollecting 1 genome record [================================================] 100% 1/1
Downloading: /sciclone/home/tdfelton/SUPERCOMPUTING/assignments/assignment_07/data/dog_reference/dog_reference.zip    778MB done
Validating package files [==================>-----------------------------]  40% 2/5
[1A[2K[1A[2K[1A[2KCollecting 1 genome record [================================================] 100% 1/1
Downloading: /sciclone/home/tdfelton/SUPERCOMPUTING/assignments/assignment_07/data/dog_reference/dog_reference.zip    778MB done
Validating package files [==================>-----------------------------]  40% 2/5
[1A[2K[1A[2K[1A[2KCollecting 1 genome record [================================================] 100% 1/1
Downloading: /sciclone/home/tdfelton/SUPERCOMPUTING/assignments/assignment_07/data/dog_reference/dog_reference.zip    778MB done
Validating package files [==================>-----------------------------]  40% 2/5
[1A[2K[1A[2K[1A[2KCollecting 1 genome record [================================================] 100% 1/1
Downloading: /sciclone/home/tdfelton/SUPERCOMPUTING/assignments/assignment_07/data/dog_reference/dog_reference.zip    778MB done
Validating package files [==================>-----------------------------]  40% 2/5
[1A[2K[1A[2K[1A[2KCollecting 1 genome record [================================================] 100% 1/1
Downloading: /sciclone/home/tdfelton/SUPERCOMPUTING/assignments/assignment_07/data/dog_reference/dog_reference.zip    778MB done
Validating package files [==================>-----------------------------]  40% 2/5
[1A[2K[1A[2K[1A[2KCollecting 1 genome record [================================================] 100% 1/1
Downloading: /sciclone/home/tdfelton/SUPERCOMPUTING/assignments/assignment_07/data/dog_reference/dog_reference.zip    778MB done
Validating package files [==================>-----------------------------]  40% 2/5
[1A[2K[1A[2K[1A[2KCollecting 1 genome record [================================================] 100% 1/1
Downloading: /sciclone/home/tdfelton/SUPERCOMPUTING/assignments/assignment_07/data/dog_reference/dog_reference.zip    778MB done
Validating package files [==================>-----------------------------]  40% 2/5
[1A[2K[1A[2K[1A[2KCollecting 1 genome record [================================================] 100% 1/1
Downloading: /sciclone/home/tdfelton/SUPERCOMPUTING/assignments/assignment_07/data/dog_reference/dog_reference.zip    778MB done
Validating package files [==================>-----------------------------]  40% 2/5
[1A[2K[1A[2K[1A[2KCollecting 1 genome record [================================================] 100% 1/1
Downloading: /sciclone/home/tdfelton/SUPERCOMPUTING/assignments/assignment_07/data/dog_reference/dog_reference.zip    778MB done
Validating package files [==================>-----------------------------]  40% 2/5
[1A[2K[1A[2K[1A[2KCollecting 1 genome record [================================================] 100% 1/1
Downloading: /sciclone/home/tdfelton/SUPERCOMPUTING/assignments/assignment_07/data/dog_reference/dog_reference.zip    778MB done
Validating package files [==================>-----------------------------]  40% 2/5
[1A[2K[1A[2K[1A[2KCollecting 1 genome record [================================================] 100% 1/1
Downloading: /sciclone/home/tdfelton/SUPERCOMPUTING/assignments/assignment_07/data/dog_reference/dog_reference.zip    778MB done
Validating package files [==================>-----------------------------]  40% 2/5
[1A[2K[1A[2K[1A[2KCollecting 1 genome record [================================================] 100% 1/1
Downloading: /sciclone/home/tdfelton/SUPERCOMPUTING/assignments/assignment_07/data/dog_reference/dog_reference.zip    778MB done
Validating package files [==================>-----------------------------]  40% 2/5
[1A[2K[1A[2K[1A[2KCollecting 1 genome record [================================================] 100% 1/1
Downloading: /sciclone/home/tdfelton/SUPERCOMPUTING/assignments/assignment_07/data/dog_reference/dog_reference.zip    778MB done
Validating package files [==================>-----------------------------]  40% 2/5
[1A[2K[1A[2K[1A[2KCollecting 1 genome record [================================================] 100% 1/1
Downloading: /sciclone/home/tdfelton/SUPERCOMPUTING/assignments/assignment_07/data/dog_reference/dog_reference.zip    778MB done
Validating package files [==================>-----------------------------]  40% 2/5
[1A[2K[1A[2K[1A[2KCollecting 1 genome record [================================================] 100% 1/1
Downloading: /sciclone/home/tdfelton/SUPERCOMPUTING/assignments/assignment_07/data/dog_reference/dog_reference.zip    778MB done
Validating package files [==================>-----------------------------]  40% 2/5
[1A[2K[1A[2K[1A[2KCollecting 1 genome record [================================================] 100% 1/1
Downloading: /sciclone/home/tdfelton/SUPERCOMPUTING/assignments/assignment_07/data/dog_reference/dog_reference.zip    778MB done
Validating package files [==================>-----------------------------]  40% 2/5
[1A[2K[1A[2K[1A[2KCollecting 1 genome record [================================================] 100% 1/1
Downloading: /sciclone/home/tdfelton/SUPERCOMPUTING/assignments/assignment_07/data/dog_reference/dog_reference.zip    778MB done
Validating package files [==================>-----------------------------]  40% 2/5
[1A[2K[1A[2K[1A[2KCollecting 1 genome record [================================================] 100% 1/1
Downloading: /sciclone/home/tdfelton/SUPERCOMPUTING/assignments/assignment_07/data/dog_reference/dog_reference.zip    778MB done
Validating package files [==================>-----------------------------]  40% 2/5
[1A[2K[1A[2K[1A[2KCollecting 1 genome record [================================================] 100% 1/1
Downloading: /sciclone/home/tdfelton/SUPERCOMPUTING/assignments/assignment_07/data/dog_reference/dog_reference.zip    778MB done
Validating package files [==================>-----------------------------]  40% 2/5
[1A[2K[1A[2K[1A[2KCollecting 1 genome record [================================================] 100% 1/1
Downloading: /sciclone/home/tdfelton/SUPERCOMPUTING/assignments/assignment_07/data/dog_reference/dog_reference.zip    778MB done
Validating package files [==================>-----------------------------]  40% 2/5
[1A[2K[1A[2K[1A[2KCollecting 1 genome record [================================================] 100% 1/1
Downloading: /sciclone/home/tdfelton/SUPERCOMPUTING/assignments/assignment_07/data/dog_reference/dog_reference.zip    778MB done
Validating package files [==================>-----------------------------]  40% 2/5
[1A[2K[1A[2K[1A[2KCollecting 1 genome record [================================================] 100% 1/1
Downloading: /sciclone/home/tdfelton/SUPERCOMPUTING/assignments/assignment_07/data/dog_reference/dog_reference.zip    778MB done
Validating package files [==================>-----------------------------]  40% 2/5
[1A[2K[1A[2K[1A[2KCollecting 1 genome record [================================================] 100% 1/1
Downloading: /sciclone/home/tdfelton/SUPERCOMPUTING/assignments/assignment_07/data/dog_reference/dog_reference.zip    778MB done
Validating package files [==================>-----------------------------]  40% 2/5
[1A[2K[1A[2K[1A[2KCollecting 1 genome record [================================================] 100% 1/1
Downloading: /sciclone/home/tdfelton/SUPERCOMPUTING/assignments/assignment_07/data/dog_reference/dog_reference.zip    778MB done
Validating package files [==================>-----------------------------]  40% 2/5
[1A[2K[1A[2K[1A[2KCollecting 1 genome record [================================================] 100% 1/1
Downloading: /sciclone/home/tdfelton/SUPERCOMPUTING/assignments/assignment_07/data/dog_reference/dog_reference.zip    778MB done
Validating package files [==================>-----------------------------]  40% 2/5
[1A[2K[1A[2K[1A[2KCollecting 1 genome record [================================================] 100% 1/1
Downloading: /sciclone/home/tdfelton/SUPERCOMPUTING/assignments/assignment_07/data/dog_reference/dog_reference.zip    778MB done
Validating package files [==================>-----------------------------]  40% 2/5
[1A[2K[1A[2K[1A[2KCollecting 1 genome record [================================================] 100% 1/1
Downloading: /sciclone/home/tdfelton/SUPERCOMPUTING/assignments/assignment_07/data/dog_reference/dog_reference.zip    778MB done
Validating package files [==================>-----------------------------]  40% 2/5
[1A[2K[1A[2K[1A[2KCollecting 1 genome record [================================================] 100% 1/1
Downloading: /sciclone/home/tdfelton/SUPERCOMPUTING/assignments/assignment_07/data/dog_reference/dog_reference.zip    778MB done
Validating package files [==================>-----------------------------]  40% 2/5
[1A[2K[1A[2K[1A[2KCollecting 1 genome record [================================================] 100% 1/1
Downloading: /sciclone/home/tdfelton/SUPERCOMPUTING/assignments/assignment_07/data/dog_reference/dog_reference.zip    778MB done
Validating package files [==================>-----------------------------]  40% 2/5
[1A[2K[1A[2K[1A[2KCollecting 1 genome record [================================================] 100% 1/1
Downloading: /sciclone/home/tdfelton/SUPERCOMPUTING/assignments/assignment_07/data/dog_reference/dog_reference.zip    778MB done
Validating package files [==================>-----------------------------]  40% 2/5
[1A[2K[1A[2K[1A[2KCollecting 1 genome record [================================================] 100% 1/1
Downloading: /sciclone/home/tdfelton/SUPERCOMPUTING/assignments/assignment_07/data/dog_reference/dog_reference.zip    778MB done
Validating package files [==================>-----------------------------]  40% 2/5
[1A[2K[1A[2K[1A[2KCollecting 1 genome record [================================================] 100% 1/1
Downloading: /sciclone/home/tdfelton/SUPERCOMPUTING/assignments/assignment_07/data/dog_reference/dog_reference.zip    778MB done
Validating package files [==================>-----------------------------]  40% 2/5
[1A[2K[1A[2K[1A[2KCollecting 1 genome record [================================================] 100% 1/1
Downloading: /sciclone/home/tdfelton/SUPERCOMPUTING/assignments/assignment_07/data/dog_reference/dog_reference.zip    778MB done
Validating package files [==================>-----------------------------]  40% 2/5
[1A[2K[1A[2K[1A[2KCollecting 1 genome record [================================================] 100% 1/1
Downloading: /sciclone/home/tdfelton/SUPERCOMPUTING/assignments/assignment_07/data/dog_reference/dog_reference.zip    778MB done
Validating package files [==================>-----------------------------]  40% 2/5
[1A[2K[1A[2K[1A[2KCollecting 1 genome record [================================================] 100% 1/1
Downloading: /sciclone/home/tdfelton/SUPERCOMPUTING/assignments/assignment_07/data/dog_reference/dog_reference.zip    778MB done
Validating package files [==================>-----------------------------]  40% 2/5
[1A[2K[1A[2K[1A[2KCollecting 1 genome record [================================================] 100% 1/1
Downloading: /sciclone/home/tdfelton/SUPERCOMPUTING/assignments/assignment_07/data/dog_reference/dog_reference.zip    778MB done
Validating package files [==================>-----------------------------]  40% 2/5
[1A[2K[1A[2K[1A[2KCollecting 1 genome record [================================================] 100% 1/1
Downloading: /sciclone/home/tdfelton/SUPERCOMPUTING/assignments/assignment_07/data/dog_reference/dog_reference.zip    778MB done
Validating package files [==================>-----------------------------]  40% 2/5
[1A[2K[1A[2K[1A[2KCollecting 1 genome record [================================================] 100% 1/1
Downloading: /sciclone/home/tdfelton/SUPERCOMPUTING/assignments/assignment_07/data/dog_reference/dog_reference.zip    778MB done
Validating package files [==================>-----------------------------]  40% 2/5
[1A[2K[1A[2K[1A[2KCollecting 1 genome record [================================================] 100% 1/1
Downloading: /sciclone/home/tdfelton/SUPERCOMPUTING/assignments/assignment_07/data/dog_reference/dog_reference.zip    778MB done
Validating package files [==================>-----------------------------]  40% 2/5
[1A[2K[1A[2K[1A[2KCollecting 1 genome record [================================================] 100% 1/1
Downloading: /sciclone/home/tdfelton/SUPERCOMPUTING/assignments/assignment_07/data/dog_reference/dog_reference.zip    778MB done
Validating package files [==================>-----------------------------]  40% 2/5
[1A[2K[1A[2K[1A[2KCollecting 1 genome record [================================================] 100% 1/1
Downloading: /sciclone/home/tdfelton/SUPERCOMPUTING/assignments/assignment_07/data/dog_reference/dog_reference.zip    778MB done
Validating package files [==================>-----------------------------]  40% 2/5
[1A[2K[1A[2K[1A[2KCollecting 1 genome record [================================================] 100% 1/1
Downloading: /sciclone/home/tdfelton/SUPERCOMPUTING/assignments/assignment_07/data/dog_reference/dog_reference.zip    778MB done
Validating package files [==================>-----------------------------]  40% 2/5
[1A[2K[1A[2K[1A[2KCollecting 1 genome record [================================================] 100% 1/1
Downloading: /sciclone/home/tdfelton/SUPERCOMPUTING/assignments/assignment_07/data/dog_reference/dog_reference.zip    778MB done
Validating package files [==================>-----------------------------]  40% 2/5
[1A[2K[1A[2K[1A[2KCollecting 1 genome record [================================================] 100% 1/1
Downloading: /sciclone/home/tdfelton/SUPERCOMPUTING/assignments/assignment_07/data/dog_reference/dog_reference.zip    778MB done
Validating package files [==================>-----------------------------]  40% 2/5
[1A[2K[1A[2K[1A[2KCollecting 1 genome record [================================================] 100% 1/1
Downloading: /sciclone/home/tdfelton/SUPERCOMPUTING/assignments/assignment_07/data/dog_reference/dog_reference.zip    778MB done
Validating package files [==================>-----------------------------]  40% 2/5
[1A[2K[1A[2K[1A[2KCollecting 1 genome record [================================================] 100% 1/1
Downloading: /sciclone/home/tdfelton/SUPERCOMPUTING/assignments/assignment_07/data/dog_reference/dog_reference.zip    778MB done
Validating package files [==================>-----------------------------]  40% 2/5
[1A[2K[1A[2K[1A[2KCollecting 1 genome record [================================================] 100% 1/1
Downloading: /sciclone/home/tdfelton/SUPERCOMPUTING/assignments/assignment_07/data/dog_reference/dog_reference.zip    778MB done
Validating package files [==================>-----------------------------]  40% 2/5
[1A[2K[1A[2K[1A[2KCollecting 1 genome record [================================================] 100% 1/1
Downloading: /sciclone/home/tdfelton/SUPERCOMPUTING/assignments/assignment_07/data/dog_reference/dog_reference.zip    778MB done
Validating package files [==================>-----------------------------]  40% 2/5
[1A[2K[1A[2K[1A[2KCollecting 1 genome record [================================================] 100% 1/1
Downloading: /sciclone/home/tdfelton/SUPERCOMPUTING/assignments/assignment_07/data/dog_reference/dog_reference.zip    778MB done
Validating package files [==================>-----------------------------]  40% 2/5
[1A[2K[1A[2K[1A[2KCollecting 1 genome record [================================================] 100% 1/1
Downloading: /sciclone/home/tdfelton/SUPERCOMPUTING/assignments/assignment_07/data/dog_reference/dog_reference.zip    778MB done
Validating package files [==================>-----------------------------]  40% 2/5
[1A[2K[1A[2K[1A[2KCollecting 1 genome record [================================================] 100% 1/1
Downloading: /sciclone/home/tdfelton/SUPERCOMPUTING/assignments/assignment_07/data/dog_reference/dog_reference.zip    778MB done
Validating package files [==================>-----------------------------]  40% 2/5
[1A[2K[1A[2K[1A[2KCollecting 1 genome record [================================================] 100% 1/1
Downloading: /sciclone/home/tdfelton/SUPERCOMPUTING/assignments/assignment_07/data/dog_reference/dog_reference.zip    778MB done
Validating package files [==================>-----------------------------]  40% 2/5
[1A[2K[1A[2K[1A[2KCollecting 1 genome record [================================================] 100% 1/1
Downloading: /sciclone/home/tdfelton/SUPERCOMPUTING/assignments/assignment_07/data/dog_reference/dog_reference.zip    778MB done
Validating package files [==================>-----------------------------]  40% 2/5
[1A[2K[1A[2K[1A[2KCollecting 1 genome record [================================================] 100% 1/1
Downloading: /sciclone/home/tdfelton/SUPERCOMPUTING/assignments/assignment_07/data/dog_reference/dog_reference.zip    778MB done
Validating package files [==================>-----------------------------]  40% 2/5
[1A[2K[1A[2K[1A[2KCollecting 1 genome record [================================================] 100% 1/1
Downloading: /sciclone/home/tdfelton/SUPERCOMPUTING/assignments/assignment_07/data/dog_reference/dog_reference.zip    778MB done
Validating package files [==================>-----------------------------]  40% 2/5
[1A[2K[1A[2K[1A[2KCollecting 1 genome record [================================================] 100% 1/1
Downloading: /sciclone/home/tdfelton/SUPERCOMPUTING/assignments/assignment_07/data/dog_reference/dog_reference.zip    778MB done
Validating package files [==================>-----------------------------]  40% 2/5
[1A[2K[1A[2K[1A[2KCollecting 1 genome record [================================================] 100% 1/1
Downloading: /sciclone/home/tdfelton/SUPERCOMPUTING/assignments/assignment_07/data/dog_reference/dog_reference.zip    778MB done
Validating package files [==================>-----------------------------]  40% 2/5
[1A[2K[1A[2K[1A[2KCollecting 1 genome record [================================================] 100% 1/1
Downloading: /sciclone/home/tdfelton/SUPERCOMPUTING/assignments/assignment_07/data/dog_reference/dog_reference.zip    778MB done
Validating package files [==================>-----------------------------]  40% 2/5
[1A[2K[1A[2K[1A[2KCollecting 1 genome record [================================================] 100% 1/1
Downloading: /sciclone/home/tdfelton/SUPERCOMPUTING/assignments/assignment_07/data/dog_reference/dog_reference.zip    778MB done
Validating package files [==================>-----------------------------]  40% 2/5
[1A[2K[1A[2K[1A[2KCollecting 1 genome record [================================================] 100% 1/1
Downloading: /sciclone/home/tdfelton/SUPERCOMPUTING/assignments/assignment_07/data/dog_reference/dog_reference.zip    778MB done
Validating package files [==================>-----------------------------]  40% 2/5
[1A[2K[1A[2K[1A[2KCollecting 1 genome record [================================================] 100% 1/1
Downloading: /sciclone/home/tdfelton/SUPERCOMPUTING/assignments/assignment_07/data/dog_reference/dog_reference.zip    778MB done
Validating package files [==================>-----------------------------]  40% 2/5
[1A[2K[1A[2K[1A[2KCollecting 1 genome record [================================================] 100% 1/1
Downloading: /sciclone/home/tdfelton/SUPERCOMPUTING/assignments/assignment_07/data/dog_reference/dog_reference.zip    778MB done
Validating package files [==================>-----------------------------]  40% 2/5
[1A[2K[1A[2K[1A[2KCollecting 1 genome record [================================================] 100% 1/1
Downloading: /sciclone/home/tdfelton/SUPERCOMPUTING/assignments/assignment_07/data/dog_reference/dog_reference.zip    778MB done
Validating package files [==================>-----------------------------]  40% 2/5
[1A[2K[1A[2K[1A[2KCollecting 1 genome record [================================================] 100% 1/1
Downloading: /sciclone/home/tdfelton/SUPERCOMPUTING/assignments/assignment_07/data/dog_reference/dog_reference.zip    778MB done
Validating package files [==================>-----------------------------]  40% 2/5
[1A[2K[1A[2K[1A[2KCollecting 1 genome record [================================================] 100% 1/1
Downloading: /sciclone/home/tdfelton/SUPERCOMPUTING/assignments/assignment_07/data/dog_reference/dog_reference.zip    778MB done
Validating package files [==================>-----------------------------]  40% 2/5
[1A[2K[1A[2K[1A[2KCollecting 1 genome record [================================================] 100% 1/1
Downloading: /sciclone/home/tdfelton/SUPERCOMPUTING/assignments/assignment_07/data/dog_reference/dog_reference.zip    778MB done
Validating package files [==================>-----------------------------]  40% 2/5
[1A[2K[1A[2K[1A[2KCollecting 1 genome record [================================================] 100% 1/1
Downloading: /sciclone/home/tdfelton/SUPERCOMPUTING/assignments/assignment_07/data/dog_reference/dog_reference.zip    778MB done
Validating package files [==================>-----------------------------]  40% 2/5
[1A[2K[1A[2K[1A[2KCollecting 1 genome record [================================================] 100% 1/1
Downloading: /sciclone/home/tdfelton/SUPERCOMPUTING/assignments/assignment_07/data/dog_reference/dog_reference.zip    778MB done
Validating package files [==================>-----------------------------]  40% 2/5
[1A[2K[1A[2K[1A[2KCollecting 1 genome record [================================================] 100% 1/1
Downloading: /sciclone/home/tdfelton/SUPERCOMPUTING/assignments/assignment_07/data/dog_reference/dog_reference.zip    778MB done
Validating package files [==================>-----------------------------]  40% 2/5
[1A[2K[1A[2K[1A[2KCollecting 1 genome record [================================================] 100% 1/1
Downloading: /sciclone/home/tdfelton/SUPERCOMPUTING/assignments/assignment_07/data/dog_reference/dog_reference.zip    778MB done
Validating package files [==================>-----------------------------]  40% 2/5
[1A[2K[1A[2K[1A[2KCollecting 1 genome record [================================================] 100% 1/1
Downloading: /sciclone/home/tdfelton/SUPERCOMPUTING/assignments/assignment_07/data/dog_reference/dog_reference.zip    778MB done
Validating package files [==================>-----------------------------]  40% 2/5
[1A[2K[1A[2K[1A[2KCollecting 1 genome record [================================================] 100% 1/1
Downloading: /sciclone/home/tdfelton/SUPERCOMPUTING/assignments/assignment_07/data/dog_reference/dog_reference.zip    778MB done
Validating package files [==================>-----------------------------]  40% 2/5
[1A[2K[1A[2K[1A[2KCollecting 1 genome record [================================================] 100% 1/1
Downloading: /sciclone/home/tdfelton/SUPERCOMPUTING/assignments/assignment_07/data/dog_reference/dog_reference.zip    778MB done
Validating package files [==================>-----------------------------]  40% 2/5
[1A[2K[1A[2K[1A[2KCollecting 1 genome record [================================================] 100% 1/1
Downloading: /sciclone/home/tdfelton/SUPERCOMPUTING/assignments/assignment_07/data/dog_reference/dog_reference.zip    778MB done
Validating package files [==================>-----------------------------]  40% 2/5
[1A[2K[1A[2K[1A[2KCollecting 1 genome record [================================================] 100% 1/1
Downloading: /sciclone/home/tdfelton/SUPERCOMPUTING/assignments/assignment_07/data/dog_reference/dog_reference.zip    778MB done
Validating package files [==================>-----------------------------]  40% 2/5
[1A[2K[1A[2K[1A[2KCollecting 1 genome record [================================================] 100% 1/1
Downloading: /sciclone/home/tdfelton/SUPERCOMPUTING/assignments/assignment_07/data/dog_reference/dog_reference.zip    778MB done
Validating package files [==================>-----------------------------]  40% 2/5
[1A[2K[1A[2K[1A[2KCollecting 1 genome record [================================================] 100% 1/1
Downloading: /sciclone/home/tdfelton/SUPERCOMPUTING/assignments/assignment_07/data/dog_reference/dog_reference.zip    778MB done
Validating package files [==================>-----------------------------]  40% 2/5
[1A[2K[1A[2K[1A[2KCollecting 1 genome record [================================================] 100% 1/1
Downloading: /sciclone/home/tdfelton/SUPERCOMPUTING/assignments/assignment_07/data/dog_reference/dog_reference.zip    778MB done
Validating package files [==================>-----------------------------]  40% 2/5
[1A[2K[1A[2K[1A[2KCollecting 1 genome record [================================================] 100% 1/1
Downloading: /sciclone/home/tdfelton/SUPERCOMPUTING/assignments/assignment_07/data/dog_reference/dog_reference.zip    778MB done
Validating package files [==================>-----------------------------]  40% 2/5
[1A[2K[1A[2K[1A[2KCollecting 1 genome record [================================================] 100% 1/1
Downloading: /sciclone/home/tdfelton/SUPERCOMPUTING/assignments/assignment_07/data/dog_reference/dog_reference.zip    778MB done
Validating package files [==================>-----------------------------]  40% 2/5
[1A[2K[1A[2K[1A[2KCollecting 1 genome record [================================================] 100% 1/1
Downloading: /sciclone/home/tdfelton/SUPERCOMPUTING/assignments/assignment_07/data/dog_reference/dog_reference.zip    778MB done
Validating package files [==================>-----------------------------]  40% 2/5
[1A[2K[1A[2K[1A[2KCollecting 1 genome record [================================================] 100% 1/1
Downloading: /sciclone/home/tdfelton/SUPERCOMPUTING/assignments/assignment_07/data/dog_reference/dog_reference.zip    778MB done
Validating package files [==================>-----------------------------]  40% 2/5
[1A[2K[1A[2K[1A[2KCollecting 1 genome record [================================================] 100% 1/1
Downloading: /sciclone/home/tdfelton/SUPERCOMPUTING/assignments/assignment_07/data/dog_reference/dog_reference.zip    778MB done
Validating package files [==================>-----------------------------]  40% 2/5
[1A[2K[1A[2K[1A[2KCollecting 1 genome record [================================================] 100% 1/1
Downloading: /sciclone/home/tdfelton/SUPERCOMPUTING/assignments/assignment_07/data/dog_reference/dog_reference.zip    778MB done
Validating package files [==================>-----------------------------]  40% 2/5
[1A[2K[1A[2K[1A[2KCollecting 1 genome record [================================================] 100% 1/1
Downloading: /sciclone/home/tdfelton/SUPERCOMPUTING/assignments/assignment_07/data/dog_reference/dog_reference.zip    778MB done
Validating package files [==================>-----------------------------]  40% 2/5
[1A[2K[1A[2K[1A[2KCollecting 1 genome record [================================================] 100% 1/1
Downloading: /sciclone/home/tdfelton/SUPERCOMPUTING/assignments/assignment_07/data/dog_reference/dog_reference.zip    778MB done
Validating package files [==================>-----------------------------]  40% 2/5
[1A[2K[1A[2K[1A[2KCollecting 1 genome record [================================================] 100% 1/1
Downloading: /sciclone/home/tdfelton/SUPERCOMPUTING/assignments/assignment_07/data/dog_reference/dog_reference.zip    778MB done
Validating package files [==================>-----------------------------]  40% 2/5
[1A[2K[1A[2K[1A[2KCollecting 1 genome record [================================================] 100% 1/1
Downloading: /sciclone/home/tdfelton/SUPERCOMPUTING/assignments/assignment_07/data/dog_reference/dog_reference.zip    778MB done
Validating package files [==================>-----------------------------]  40% 2/5
[1A[2K[1A[2K[1A[2KCollecting 1 genome record [================================================] 100% 1/1
Downloading: /sciclone/home/tdfelton/SUPERCOMPUTING/assignments/assignment_07/data/dog_reference/dog_reference.zip    778MB done
Validating package files [==================>-----------------------------]  40% 2/5
[1A[2K[1A[2K[1A[2KCollecting 1 genome record [================================================] 100% 1/1
Downloading: /sciclone/home/tdfelton/SUPERCOMPUTING/assignments/assignment_07/data/dog_reference/dog_reference.zip    778MB done
Validating package files [==================>-----------------------------]  40% 2/5
[1A[2K[1A[2K[1A[2KCollecting 1 genome record [================================================] 100% 1/1
Downloading: /sciclone/home/tdfelton/SUPERCOMPUTING/assignments/assignment_07/data/dog_reference/dog_reference.zip    778MB done
Validating package files [==================>-----------------------------]  40% 2/5
[1A[2K[1A[2K[1A[2KCollecting 1 genome record [================================================] 100% 1/1
Downloading: /sciclone/home/tdfelton/SUPERCOMPUTING/assignments/assignment_07/data/dog_reference/dog_reference.zip    778MB done
Validating package files [==================>-----------------------------]  40% 2/5
[1A[2K[1A[2K[1A[2KCollecting 1 genome record [================================================] 100% 1/1
Downloading: /sciclone/home/tdfelton/SUPERCOMPUTING/assignments/assignment_07/data/dog_reference/dog_reference.zip    778MB done
Validating package files [==================>-----------------------------]  40% 2/5
[1A[2K[1A[2K[1A[2KCollecting 1 genome record [================================================] 100% 1/1
Downloading: /sciclone/home/tdfelton/SUPERCOMPUTING/assignments/assignment_07/data/dog_reference/dog_reference.zip    778MB done
Validating package files [==================>-----------------------------]  40% 2/5
[1A[2K[1A[2K[1A[2KCollecting 1 genome record [================================================] 100% 1/1
Downloading: /sciclone/home/tdfelton/SUPERCOMPUTING/assignments/assignment_07/data/dog_reference/dog_reference.zip    778MB done
Validating package files [==================>-----------------------------]  40% 2/5
[1A[2K[1A[2K[1A[2KCollecting 1 genome record [================================================] 100% 1/1
Downloading: /sciclone/home/tdfelton/SUPERCOMPUTING/assignments/assignment_07/data/dog_reference/dog_reference.zip    778MB done
Validating package files [==================>-----------------------------]  40% 2/5
[1A[2K[1A[2K[1A[2KCollecting 1 genome record [================================================] 100% 1/1
Downloading: /sciclone/home/tdfelton/SUPERCOMPUTING/assignments/assignment_07/data/dog_reference/dog_reference.zip    778MB done
Validating package files [==================>-----------------------------]  40% 2/5
[1A[2K[1A[2K[1A[2KCollecting 1 genome record [================================================] 100% 1/1
Downloading: /sciclone/home/tdfelton/SUPERCOMPUTING/assignments/assignment_07/data/dog_reference/dog_reference.zip    778MB done
Validating package files [==================>-----------------------------]  40% 2/5
[1A[2K[1A[2K[1A[2KCollecting 1 genome record [================================================] 100% 1/1
Downloading: /sciclone/home/tdfelton/SUPERCOMPUTING/assignments/assignment_07/data/dog_reference/dog_reference.zip    778MB done
Validating package files [==================>-----------------------------]  40% 2/5
[1A[2K[1A[2K[1A[2KCollecting 1 genome record [================================================] 100% 1/1
Downloading: /sciclone/home/tdfelton/SUPERCOMPUTING/assignments/assignment_07/data/dog_reference/dog_reference.zip    778MB done
Validating package files [==================>-----------------------------]  40% 2/5
[1A[2K[1A[2K[1A[2KCollecting 1 genome record [================================================] 100% 1/1
Downloading: /sciclone/home/tdfelton/SUPERCOMPUTING/assignments/assignment_07/data/dog_reference/dog_reference.zip    778MB done
Validating package files [==================>-----------------------------]  40% 2/5
[1A[2K[1A[2K[1A[2KCollecting 1 genome record [================================================] 100% 1/1
Downloading: /sciclone/home/tdfelton/SUPERCOMPUTING/assignments/assignment_07/data/dog_reference/dog_reference.zip    778MB done
Validating package files [==================>-----------------------------]  40% 2/5
[1A[2K[1A[2K[1A[2KCollecting 1 genome record [================================================] 100% 1/1
Downloading: /sciclone/home/tdfelton/SUPERCOMPUTING/assignments/assignment_07/data/dog_reference/dog_reference.zip    778MB done
Validating package files [==================>-----------------------------]  40% 2/5
[1A[2K[1A[2K[1A[2KCollecting 1 genome record [================================================] 100% 1/1
Downloading: /sciclone/home/tdfelton/SUPERCOMPUTING/assignments/assignment_07/data/dog_reference/dog_reference.zip    778MB done
Validating package files [==================>-----------------------------]  40% 2/5
[1A[2K[1A[2K[1A[2KCollecting 1 genome record [================================================] 100% 1/1
Downloading: /sciclone/home/tdfelton/SUPERCOMPUTING/assignments/assignment_07/data/dog_reference/dog_reference.zip    778MB done
Validating package files [==================>-----------------------------]  40% 2/5
[1A[2K[1A[2K[1A[2KCollecting 1 genome record [================================================] 100% 1/1
Downloading: /sciclone/home/tdfelton/SUPERCOMPUTING/assignments/assignment_07/data/dog_reference/dog_reference.zip    778MB done
Validating package files [==================>-----------------------------]  40% 2/5
[1A[2K[1A[2K[1A[2KCollecting 1 genome record [================================================] 100% 1/1
Downloading: /sciclone/home/tdfelton/SUPERCOMPUTING/assignments/assignment_07/data/dog_reference/dog_reference.zip    778MB done
Validating package files [==================>-----------------------------]  40% 2/5
[1A[2K[1A[2K[1A[2KCollecting 1 genome record [================================================] 100% 1/1
Downloading: /sciclone/home/tdfelton/SUPERCOMPUTING/assignments/assignment_07/data/dog_reference/dog_reference.zip    778MB done
Validating package files [==================>-----------------------------]  40% 2/5
[1A[2K[1A[2K[1A[2KCollecting 1 genome record [================================================] 100% 1/1
Downloading: /sciclone/home/tdfelton/SUPERCOMPUTING/assignments/assignment_07/data/dog_reference/dog_reference.zip    778MB done
Validating package files [==================>-----------------------------]  40% 2/5
[1A[2K[1A[2K[1A[2KCollecting 1 genome record [================================================] 100% 1/1
Downloading: /sciclone/home/tdfelton/SUPERCOMPUTING/assignments/assignment_07/data/dog_reference/dog_reference.zip    778MB done
Validating package files [==================>-----------------------------]  40% 2/5
[1A[2K[1A[2K[1A[2KCollecting 1 genome record [================================================] 100% 1/1
Downloading: /sciclone/home/tdfelton/SUPERCOMPUTING/assignments/assignment_07/data/dog_reference/dog_reference.zip    778MB done
Validating package files [==================>-----------------------------]  40% 2/5
[1A[2K[1A[2K[1A[2KCollecting 1 genome record [================================================] 100% 1/1
Downloading: /sciclone/home/tdfelton/SUPERCOMPUTING/assignments/assignment_07/data/dog_reference/dog_reference.zip    778MB done
Validating package files [==================>-----------------------------]  40% 2/5
[1A[2K[1A[2K[1A[2KCollecting 1 genome record [================================================] 100% 1/1
Downloading: /sciclone/home/tdfelton/SUPERCOMPUTING/assignments/assignment_07/data/dog_reference/dog_reference.zip    778MB done
Validating package files [==================>-----------------------------]  40% 2/5
[1A[2K[1A[2K[1A[2KCollecting 1 genome record [================================================] 100% 1/1
Downloading: /sciclone/home/tdfelton/SUPERCOMPUTING/assignments/assignment_07/data/dog_reference/dog_reference.zip    778MB done
Validating package files [==================>-----------------------------]  40% 2/5
[1A[2K[1A[2K[1A[2KCollecting 1 genome record [================================================] 100% 1/1
Downloading: /sciclone/home/tdfelton/SUPERCOMPUTING/assignments/assignment_07/data/dog_reference/dog_reference.zip    778MB done
Validating package files [==================>-----------------------------]  40% 2/5
[1A[2K[1A[2K[1A[2KCollecting 1 genome record [================================================] 100% 1/1
Downloading: /sciclone/home/tdfelton/SUPERCOMPUTING/assignments/assignment_07/data/dog_reference/dog_reference.zip    778MB done
Validating package files [==================>-----------------------------]  40% 2/5
[1A[2K[1A[2K[1A[2KCollecting 1 genome record [================================================] 100% 1/1
Downloading: /sciclone/home/tdfelton/SUPERCOMPUTING/assignments/assignment_07/data/dog_reference/dog_reference.zip    778MB done
Validating package files [==================>-----------------------------]  40% 2/5
[1A[2K[1A[2K[1A[2KCollecting 1 genome record [================================================] 100% 1/1
Downloading: /sciclone/home/tdfelton/SUPERCOMPUTING/assignments/assignment_07/data/dog_reference/dog_reference.zip    778MB done
Validating package files [==================>-----------------------------]  40% 2/5
[1A[2K[1A[2K[1A[2KCollecting 1 genome record [================================================] 100% 1/1
Downloading: /sciclone/home/tdfelton/SUPERCOMPUTING/assignments/assignment_07/data/dog_reference/dog_reference.zip    778MB done
Validating package files [==================>-----------------------------]  40% 2/5
[1A[2K[1A[2K[1A[2KCollecting 1 genome record [================================================] 100% 1/1
Downloading: /sciclone/home/tdfelton/SUPERCOMPUTING/assignments/assignment_07/data/dog_reference/dog_reference.zip    778MB done
Validating package files [==================>-----------------------------]  40% 2/5
[1A[2K[1A[2K[1A[2KCollecting 1 genome record [================================================] 100% 1/1
Downloading: /sciclone/home/tdfelton/SUPERCOMPUTING/assignments/assignment_07/data/dog_reference/dog_reference.zip    778MB done
Validating package files [==================>-----------------------------]  40% 2/5
[1A[2K[1A[2K[1A[2KCollecting 1 genome record [================================================] 100% 1/1
Downloading: /sciclone/home/tdfelton/SUPERCOMPUTING/assignments/assignment_07/data/dog_reference/dog_reference.zip    778MB done
Validating package files [==================>-----------------------------]  40% 2/5
[1A[2K[1A[2K[1A[2KCollecting 1 genome record [================================================] 100% 1/1
Downloading: /sciclone/home/tdfelton/SUPERCOMPUTING/assignments/assignment_07/data/dog_reference/dog_reference.zip    778MB done
Validating package files [==================>-----------------------------]  40% 2/5
[1A[2K[1A[2K[1A[2KCollecting 1 genome record [================================================] 100% 1/1
Downloading: /sciclone/home/tdfelton/SUPERCOMPUTING/assignments/assignment_07/data/dog_reference/dog_reference.zip    778MB done
Validating package files [==================>-----------------------------]  40% 2/5
[1A[2K[1A[2K[1A[2KCollecting 1 genome record [================================================] 100% 1/1
Downloading: /sciclone/home/tdfelton/SUPERCOMPUTING/assignments/assignment_07/data/dog_reference/dog_reference.zip    778MB done
Validating package files [==================>-----------------------------]  40% 2/5
[1A[2K[1A[2K[1A[2KCollecting 1 genome record [================================================] 100% 1/1
Downloading: /sciclone/home/tdfelton/SUPERCOMPUTING/assignments/assignment_07/data/dog_reference/dog_reference.zip    778MB done
Validating package files [==================>-----------------------------]  40% 2/5
[1A[2K[1A[2K[1A[2KCollecting 1 genome record [================================================] 100% 1/1
Downloading: /sciclone/home/tdfelton/SUPERCOMPUTING/assignments/assignment_07/data/dog_reference/dog_reference.zip    778MB done
Validating package files [==================>-----------------------------]  40% 2/5
[1A[2K[1A[2K[1A[2KCollecting 1 genome record [================================================] 100% 1/1
Downloading: /sciclone/home/tdfelton/SUPERCOMPUTING/assignments/assignment_07/data/dog_reference/dog_reference.zip    778MB done
Validating package files [==================>-----------------------------]  40% 2/5
[1A[2K[1A[2K[1A[2KCollecting 1 genome record [================================================] 100% 1/1
Downloading: /sciclone/home/tdfelton/SUPERCOMPUTING/assignments/assignment_07/data/dog_reference/dog_reference.zip    778MB done
Validating package files [==================>-----------------------------]  40% 2/5
[1A[2K[1A[2K[1A[2KCollecting 1 genome record [================================================] 100% 1/1
Downloading: /sciclone/home/tdfelton/SUPERCOMPUTING/assignments/assignment_07/data/dog_reference/dog_reference.zip    778MB done
Validating package files [==================>-----------------------------]  40% 2/5
[1A[2K[1A[2K[1A[2KCollecting 1 genome record [================================================] 100% 1/1
Downloading: /sciclone/home/tdfelton/SUPERCOMPUTING/assignments/assignment_07/data/dog_reference/dog_reference.zip    778MB done
Validating package files [==================>-----------------------------]  40% 2/5
[1A[2K[1A[2K[1A[2KCollecting 1 genome record [================================================] 100% 1/1
Downloading: /sciclone/home/tdfelton/SUPERCOMPUTING/assignments/assignment_07/data/dog_reference/dog_reference.zip    778MB done
Validating package files [==================>-----------------------------]  40% 2/5
[1A[2K[1A[2K[1A[2KCollecting 1 genome record [================================================] 100% 1/1
Downloading: /sciclone/home/tdfelton/SUPERCOMPUTING/assignments/assignment_07/data/dog_reference/dog_reference.zip    778MB done
Validating package files [==================>-----------------------------]  40% 2/5
[1A[2K[1A[2K[1A[2KCollecting 1 genome record [================================================] 100% 1/1
Downloading: /sciclone/home/tdfelton/SUPERCOMPUTING/assignments/assignment_07/data/dog_reference/dog_reference.zip    778MB done
Validating package files [==================>-----------------------------]  40% 2/5
[1A[2K[1A[2K[1A[2KCollecting 1 genome record [================================================] 100% 1/1
Downloading: /sciclone/home/tdfelton/SUPERCOMPUTING/assignments/assignment_07/data/dog_reference/dog_reference.zip    778MB done
Validating package files [==================>-----------------------------]  40% 2/5
[1A[2K[1A[2K[1A[2KCollecting 1 genome record [================================================] 100% 1/1
Downloading: /sciclone/home/tdfelton/SUPERCOMPUTING/assignments/assignment_07/data/dog_reference/dog_reference.zip    778MB done
Validating package files [==================>-----------------------------]  40% 2/5
[1A[2K[1A[2K[1A[2KCollecting 1 genome record [================================================] 100% 1/1
Downloading: /sciclone/home/tdfelton/SUPERCOMPUTING/assignments/assignment_07/data/dog_reference/dog_reference.zip    778MB done
Validating package files [==================>-----------------------------]  40% 2/5
[1A[2K[1A[2K[1A[2KCollecting 1 genome record [================================================] 100% 1/1
Downloading: /sciclone/home/tdfelton/SUPERCOMPUTING/assignments/assignment_07/data/dog_reference/dog_reference.zip    778MB done
Validating package files [==================>-----------------------------]  40% 2/5
[1A[2K[1A[2K[1A[2KCollecting 1 genome record [================================================] 100% 1/1
Downloading: /sciclone/home/tdfelton/SUPERCOMPUTING/assignments/assignment_07/data/dog_reference/dog_reference.zip    778MB done
Validating package files [==================>-----------------------------]  40% 2/5
[1A[2K[1A[2K[1A[2KCollecting 1 genome record [================================================] 100% 1/1
Downloading: /sciclone/home/tdfelton/SUPERCOMPUTING/assignments/assignment_07/data/dog_reference/dog_reference.zip    778MB done
Validating package files [==================>-----------------------------]  40% 2/5
[1A[2K[1A[2K[1A[2KCollecting 1 genome record [================================================] 100% 1/1
Downloading: /sciclone/home/tdfelton/SUPERCOMPUTING/assignments/assignment_07/data/dog_reference/dog_reference.zip    778MB done
Validating package files [==================>-----------------------------]  40% 2/5
[1A[2K[1A[2K[1A[2KCollecting 1 genome record [================================================] 100% 1/1
Downloading: /sciclone/home/tdfelton/SUPERCOMPUTING/assignments/assignment_07/data/dog_reference/dog_reference.zip    778MB done
Validating package files [==================>-----------------------------]  40% 2/5
[1A[2K[1A[2K[1A[2KCollecting 1 genome record [================================================] 100% 1/1
Downloading: /sciclone/home/tdfelton/SUPERCOMPUTING/assignments/assignment_07/data/dog_reference/dog_reference.zip    778MB done
Validating package files [==================>-----------------------------]  40% 2/5
[1A[2K[1A[2K[1A[2KCollecting 1 genome record [================================================] 100% 1/1
Downloading: /sciclone/home/tdfelton/SUPERCOMPUTING/assignments/assignment_07/data/dog_reference/dog_reference.zip    778MB done
Validating package files [==================>-----------------------------]  40% 2/5
[1A[2K[1A[2K[1A[2KCollecting 1 genome record [================================================] 100% 1/1
Downloading: /sciclone/home/tdfelton/SUPERCOMPUTING/assignments/assignment_07/data/dog_reference/dog_reference.zip    778MB done
Validating package files [==================>-----------------------------]  40% 2/5
[1A[2K[1A[2K[1A[2KCollecting 1 genome record [================================================] 100% 1/1
Downloading: /sciclone/home/tdfelton/SUPERCOMPUTING/assignments/assignment_07/data/dog_reference/dog_reference.zip    778MB done
Validating package files [==================>-----------------------------]  40% 2/5
[1A[2K[1A[2K[1A[2KCollecting 1 genome record [================================================] 100% 1/1
Downloading: /sciclone/home/tdfelton/SUPERCOMPUTING/assignments/assignment_07/data/dog_reference/dog_reference.zip    778MB done
Validating package files [==================>-----------------------------]  40% 2/5
[1A[2K[1A[2K[1A[2KCollecting 1 genome record [================================================] 100% 1/1
Downloading: /sciclone/home/tdfelton/SUPERCOMPUTING/assignments/assignment_07/data/dog_reference/dog_reference.zip    778MB done
Validating package files [==================>-----------------------------]  40% 2/5
[1A[2K[1A[2K[1A[2KCollecting 1 genome record [================================================] 100% 1/1
Downloading: /sciclone/home/tdfelton/SUPERCOMPUTING/assignments/assignment_07/data/dog_reference/dog_reference.zip    778MB done
Validating package files [==================>-----------------------------]  40% 2/5
[1A[2K[1A[2K[1A[2KCollecting 1 genome record [================================================] 100% 1/1
Downloading: /sciclone/home/tdfelton/SUPERCOMPUTING/assignments/assignment_07/data/dog_reference/dog_reference.zip    778MB done
Validating package files [==================>-----------------------------]  40% 2/5
[1A[2K[1A[2K[1A[2KCollecting 1 genome record [================================================] 100% 1/1
Downloading: /sciclone/home/tdfelton/SUPERCOMPUTING/assignments/assignment_07/data/dog_reference/dog_reference.zip    778MB done
Validating package files [==================>-----------------------------]  40% 2/5
[1A[2K[1A[2K[1A[2KCollecting 1 genome record [================================================] 100% 1/1
Downloading: /sciclone/home/tdfelton/SUPERCOMPUTING/assignments/assignment_07/data/dog_reference/dog_reference.zip    778MB done
Validating package files [==================>-----------------------------]  40% 2/5
[1A[2K[1A[2K[1A[2KCollecting 1 genome record [================================================] 100% 1/1
Downloading: /sciclone/home/tdfelton/SUPERCOMPUTING/assignments/assignment_07/data/dog_reference/dog_reference.zip    778MB done
Validating package files [==================>-----------------------------]  40% 2/5
[1A[2K[1A[2K[1A[2KCollecting 1 genome record [================================================] 100% 1/1
Downloading: /sciclone/home/tdfelton/SUPERCOMPUTING/assignments/assignment_07/data/dog_reference/dog_reference.zip    778MB done
Validating package files [==================>-----------------------------]  40% 2/5
[1A[2K[1A[2K[1A[2KCollecting 1 genome record [================================================] 100% 1/1
Downloading: /sciclone/home/tdfelton/SUPERCOMPUTING/assignments/assignment_07/data/dog_reference/dog_reference.zip    778MB done
Validating package files [==================>-----------------------------]  40% 2/5
[1A[2K[1A[2K[1A[2KCollecting 1 genome record [================================================] 100% 1/1
Downloading: /sciclone/home/tdfelton/SUPERCOMPUTING/assignments/assignment_07/data/dog_reference/dog_reference.zip    778MB done
Validating package files [==================>-----------------------------]  40% 2/5
[1A[2K[1A[2K[1A[2KCollecting 1 genome record [================================================] 100% 1/1
Downloading: /sciclone/home/tdfelton/SUPERCOMPUTING/assignments/assignment_07/data/dog_reference/dog_reference.zip    778MB done
Validating package files [==================>-----------------------------]  40% 2/5
[1A[2K[1A[2K[1A[2KCollecting 1 genome record [================================================] 100% 1/1
Downloading: /sciclone/home/tdfelton/SUPERCOMPUTING/assignments/assignment_07/data/dog_reference/dog_reference.zip    778MB done
Validating package files [==================>-----------------------------]  40% 2/5
[1A[2K[1A[2K[1A[2KCollecting 1 genome record [================================================] 100% 1/1
Downloading: /sciclone/home/tdfelton/SUPERCOMPUTING/assignments/assignment_07/data/dog_reference/dog_reference.zip    778MB done
Validating package files [==================>-----------------------------]  40% 2/5
[1A[2K[1A[2K[1A[2KCollecting 1 genome record [================================================] 100% 1/1
Downloading: /sciclone/home/tdfelton/SUPERCOMPUTING/assignments/assignment_07/data/dog_reference/dog_reference.zip    778MB done
Validating package files [==================>-----------------------------]  40% 2/5
[1A[2K[1A[2K[1A[2KCollecting 1 genome record [================================================] 100% 1/1
Downloading: /sciclone/home/tdfelton/SUPERCOMPUTING/assignments/assignment_07/data/dog_reference/dog_reference.zip    778MB done
Validating package files [==================>-----------------------------]  40% 2/5
[1A[2K[1A[2K[1A[2KCollecting 1 genome record [================================================] 100% 1/1
Downloading: /sciclone/home/tdfelton/SUPERCOMPUTING/assignments/assignment_07/data/dog_reference/dog_reference.zip    778MB done
Validating package files [==================>-----------------------------]  40% 2/5
[1A[2K[1A[2K[1A[2KCollecting 1 genome record [================================================] 100% 1/1
Downloading: /sciclone/home/tdfelton/SUPERCOMPUTING/assignments/assignment_07/data/dog_reference/dog_reference.zip    778MB done
Validating package files [==================>-----------------------------]  40% 2/5
[1A[2K[1A[2K[1A[2KCollecting 1 genome record [================================================] 100% 1/1
Downloading: /sciclone/home/tdfelton/SUPERCOMPUTING/assignments/assignment_07/data/dog_reference/dog_reference.zip    778MB done
Validating package files [==================>-----------------------------]  40% 2/5
[1A[2K[1A[2K[1A[2KCollecting 1 genome record [================================================] 100% 1/1
Downloading: /sciclone/home/tdfelton/SUPERCOMPUTING/assignments/assignment_07/data/dog_reference/dog_reference.zip    778MB done
Validating package files [==================>-----------------------------]  40% 2/5
[1A[2K[1A[2K[1A[2KCollecting 1 genome record [================================================] 100% 1/1
Downloading: /sciclone/home/tdfelton/SUPERCOMPUTING/assignments/assignment_07/data/dog_reference/dog_reference.zip    778MB done
Validating package files [==================>-----------------------------]  40% 2/5
[1A[2K[1A[2K[1A[2KCollecting 1 genome record [================================================] 100% 1/1
Downloading: /sciclone/home/tdfelton/SUPERCOMPUTING/assignments/assignment_07/data/dog_reference/dog_reference.zip    778MB done
Validating package files [==================>-----------------------------]  40% 2/5
[1A[2K[1A[2K[1A[2KCollecting 1 genome record [================================================] 100% 1/1
Downloading: /sciclone/home/tdfelton/SUPERCOMPUTING/assignments/assignment_07/data/dog_reference/dog_reference.zip    778MB done
Validating package files [==================>-----------------------------]  40% 2/5
[1A[2K[1A[2K[1A[2KCollecting 1 genome record [================================================] 100% 1/1
Downloading: /sciclone/home/tdfelton/SUPERCOMPUTING/assignments/assignment_07/data/dog_reference/dog_reference.zip    778MB done
Validating package files [==================>-----------------------------]  40% 2/5
[1A[2K[1A[2K[1A[2KCollecting 1 genome record [================================================] 100% 1/1
Downloading: /sciclone/home/tdfelton/SUPERCOMPUTING/assignments/assignment_07/data/dog_reference/dog_reference.zip    778MB done
Validating package files [==================>-----------------------------]  40% 2/5
[1A[2K[1A[2K[1A[2KCollecting 1 genome record [================================================] 100% 1/1
Downloading: /sciclone/home/tdfelton/SUPERCOMPUTING/assignments/assignment_07/data/dog_reference/dog_reference.zip    778MB done
Validating package files [==================>-----------------------------]  40% 2/5
[1A[2K[1A[2K[1A[2KCollecting 1 genome record [================================================] 100% 1/1
Downloading: /sciclone/home/tdfelton/SUPERCOMPUTING/assignments/assignment_07/data/dog_reference/dog_reference.zip    778MB done
Validating package files [==================>-----------------------------]  40% 2/5
[1A[2K[1A[2K[1A[2KCollecting 1 genome record [================================================] 100% 1/1
Downloading: /sciclone/home/tdfelton/SUPERCOMPUTING/assignments/assignment_07/data/dog_reference/dog_reference.zip    778MB done
Validating package files [==================>-----------------------------]  40% 2/5
[1A[2K[1A[2K[1A[2KCollecting 1 genome record [================================================] 100% 1/1
Downloading: /sciclone/home/tdfelton/SUPERCOMPUTING/assignments/assignment_07/data/dog_reference/dog_reference.zip    778MB done
Validating package files [==================>-----------------------------]  40% 2/5
[1A[2K[1A[2K[1A[2KCollecting 1 genome record [================================================] 100% 1/1
Downloading: /sciclone/home/tdfelton/SUPERCOMPUTING/assignments/assignment_07/data/dog_reference/dog_reference.zip    778MB done
Validating package files [==================>-----------------------------]  40% 2/5
[1A[2K[1A[2K[1A[2KCollecting 1 genome record [================================================] 100% 1/1
Downloading: /sciclone/home/tdfelton/SUPERCOMPUTING/assignments/assignment_07/data/dog_reference/dog_reference.zip    778MB done
Validating package files [==================>-----------------------------]  40% 2/5
[1A[2K[1A[2K[1A[2KCollecting 1 genome record [================================================] 100% 1/1
Downloading: /sciclone/home/tdfelton/SUPERCOMPUTING/assignments/assignment_07/data/dog_reference/dog_reference.zip    778MB done
Validating package files [==================>-----------------------------]  40% 2/5
[1A[2K[1A[2K[1A[2KCollecting 1 genome record [================================================] 100% 1/1
Downloading: /sciclone/home/tdfelton/SUPERCOMPUTING/assignments/assignment_07/data/dog_reference/dog_reference.zip    778MB done
Validating package files [==================>-----------------------------]  40% 2/5
[1A[2K[1A[2K[1A[2KCollecting 1 genome record [================================================] 100% 1/1
Downloading: /sciclone/home/tdfelton/SUPERCOMPUTING/assignments/assignment_07/data/dog_reference/dog_reference.zip    778MB done
Validating package files [==================>-----------------------------]  40% 2/5
[1A[2K[1A[2K[1A[2KCollecting 1 genome record [================================================] 100% 1/1
Downloading: /sciclone/home/tdfelton/SUPERCOMPUTING/assignments/assignment_07/data/dog_reference/dog_reference.zip    778MB done
Validating package files [==================>-----------------------------]  40% 2/5
[1A[2K[1A[2K[1A[2KCollecting 1 genome record [================================================] 100% 1/1
Downloading: /sciclone/home/tdfelton/SUPERCOMPUTING/assignments/assignment_07/data/dog_reference/dog_reference.zip    778MB done
Validating package files [==================>-----------------------------]  40% 2/5
[1A[2K[1A[2K[1A[2KCollecting 1 genome record [================================================] 100% 1/1
Downloading: /sciclone/home/tdfelton/SUPERCOMPUTING/assignments/assignment_07/data/dog_reference/dog_reference.zip    778MB done
Validating package files [==================>-----------------------------]  40% 2/5
[1A[2K[1A[2K[1A[2KCollecting 1 genome record [================================================] 100% 1/1
Downloading: /sciclone/home/tdfelton/SUPERCOMPUTING/assignments/assignment_07/data/dog_reference/dog_reference.zip    778MB done
Validating package files [==================>-----------------------------]  40% 2/5
[1A[2K[1A[2K[1A[2KCollecting 1 genome record [================================================] 100% 1/1
Downloading: /sciclone/home/tdfelton/SUPERCOMPUTING/assignments/assignment_07/data/dog_reference/dog_reference.zip    778MB done
Validating package files [==================>-----------------------------]  40% 2/5
[1A[2K[1A[2K[1A[2KCollecting 1 genome record [================================================] 100% 1/1
Downloading: /sciclone/home/tdfelton/SUPERCOMPUTING/assignments/assignment_07/data/dog_reference/dog_reference.zip    778MB done
Validating package files [==================>-----------------------------]  40% 2/5
[1A[2K[1A[2K[1A[2KCollecting 1 genome record [================================================] 100% 1/1
Downloading: /sciclone/home/tdfelton/SUPERCOMPUTING/assignments/assignment_07/data/dog_reference/dog_reference.zip    778MB done
Validating package files [==================>-----------------------------]  40% 2/5
[1A[2K[1A[2K[1A[2KCollecting 1 genome record [================================================] 100% 1/1
Downloading: /sciclone/home/tdfelton/SUPERCOMPUTING/assignments/assignment_07/data/dog_reference/dog_reference.zip    778MB done
Validating package files [==================>-----------------------------]  40% 2/5
[1A[2K[1A[2K[1A[2KCollecting 1 genome record [================================================] 100% 1/1
Downloading: /sciclone/home/tdfelton/SUPERCOMPUTING/assignments/assignment_07/data/dog_reference/dog_reference.zip    778MB done
Validating package files [==================>-----------------------------]  40% 2/5
[1A[2K[1A[2K[1A[2KCollecting 1 genome record [================================================] 100% 1/1
Downloading: /sciclone/home/tdfelton/SUPERCOMPUTING/assignments/assignment_07/data/dog_reference/dog_reference.zip    778MB done
Validating package files [==================>-----------------------------]  40% 2/5
[1A[2K[1A[2K[1A[2KCollecting 1 genome record [================================================] 100% 1/1
Downloading: /sciclone/home/tdfelton/SUPERCOMPUTING/assignments/assignment_07/data/dog_reference/dog_reference.zip    778MB done
Validating package files [==================>-----------------------------]  40% 2/5
[1A[2K[1A[2K[1A[2KCollecting 1 genome record [================================================] 100% 1/1
Downloading: /sciclone/home/tdfelton/SUPERCOMPUTING/assignments/assignment_07/data/dog_reference/dog_reference.zip    778MB done
Validating package files [==================>-----------------------------]  40% 2/5
[1A[2K[1A[2K[1A[2KCollecting 1 genome record [================================================] 100% 1/1
Downloading: /sciclone/home/tdfelton/SUPERCOMPUTING/assignments/assignment_07/data/dog_reference/dog_reference.zip    778MB done
Validating package files [==================>-----------------------------]  40% 2/5
[1A[2K[1A[2K[1A[2KCollecting 1 genome record [================================================] 100% 1/1
Downloading: /sciclone/home/tdfelton/SUPERCOMPUTING/assignments/assignment_07/data/dog_reference/dog_reference.zip    778MB done
Validating package files [==================>-----------------------------]  40% 2/5
[1A[2K[1A[2K[1A[2KCollecting 1 genome record [================================================] 100% 1/1
Downloading: /sciclone/home/tdfelton/SUPERCOMPUTING/assignments/assignment_07/data/dog_reference/dog_reference.zip    778MB done
Validating package files [==================>-----------------------------]  40% 2/5
[1A[2K[1A[2K[1A[2KCollecting 1 genome record [================================================] 100% 1/1
Downloading: /sciclone/home/tdfelton/SUPERCOMPUTING/assignments/assignment_07/data/dog_reference/dog_reference.zip    778MB done
Validating package files [==================>-----------------------------]  40% 2/5
[1A[2K[1A[2K[1A[2KCollecting 1 genome record [================================================] 100% 1/1
Downloading: /sciclone/home/tdfelton/SUPERCOMPUTING/assignments/assignment_07/data/dog_reference/dog_reference.zip    778MB done
Validating package files [==================>-----------------------------]  40% 2/5
[1A[2K[1A[2K[1A[2KCollecting 1 genome record [================================================] 100% 1/1
Downloading: /sciclone/home/tdfelton/SUPERCOMPUTING/assignments/assignment_07/data/dog_reference/dog_reference.zip    778MB done
Validating package files [==================>-----------------------------]  40% 2/5
[1A[2K[1A[2K[1A[2KCollecting 1 genome record [================================================] 100% 1/1
Downloading: /sciclone/home/tdfelton/SUPERCOMPUTING/assignments/assignment_07/data/dog_reference/dog_reference.zip    778MB done
Validating package files [==================>-----------------------------]  40% 2/5
[1A[2K[1A[2K[1A[2KCollecting 1 genome record [================================================] 100% 1/1
Downloading: /sciclone/home/tdfelton/SUPERCOMPUTING/assignments/assignment_07/data/dog_reference/dog_reference.zip    778MB done
Validating package files [==================>-----------------------------]  40% 2/5
[1A[2K[1A[2K[1A[2KCollecting 1 genome record [================================================] 100% 1/1
Downloading: /sciclone/home/tdfelton/SUPERCOMPUTING/assignments/assignment_07/data/dog_reference/dog_reference.zip    778MB done
Validating package files [==================>-----------------------------]  40% 2/5
[1A[2K[1A[2K[1A[2KCollecting 1 genome record [================================================] 100% 1/1
Downloading: /sciclone/home/tdfelton/SUPERCOMPUTING/assignments/assignment_07/data/dog_reference/dog_reference.zip    778MB done
Validating package files [==================>-----------------------------]  40% 2/5
[1A[2K[1A[2K[1A[2KCollecting 1 genome record [================================================] 100% 1/1
Downloading: /sciclone/home/tdfelton/SUPERCOMPUTING/assignments/assignment_07/data/dog_reference/dog_reference.zip    778MB done
Validating package files [==================>-----------------------------]  40% 2/5
[1A[2K[1A[2K[1A[2KCollecting 1 genome record [================================================] 100% 1/1
Downloading: /sciclone/home/tdfelton/SUPERCOMPUTING/assignments/assignment_07/data/dog_reference/dog_reference.zip    778MB done
Validating package files [==================>-----------------------------]  40% 2/5
[1A[2K[1A[2K[1A[2KCollecting 1 genome record [================================================] 100% 1/1
Downloading: /sciclone/home/tdfelton/SUPERCOMPUTING/assignments/assignment_07/data/dog_reference/dog_reference.zip    778MB done
Validating package files [==================>-----------------------------]  40% 2/5
[1A[2K[1A[2K[1A[2KCollecting 1 genome record [================================================] 100% 1/1
Downloading: /sciclone/home/tdfelton/SUPERCOMPUTING/assignments/assignment_07/data/dog_reference/dog_reference.zip    778MB done
Validating package files [==================>-----------------------------]  40% 2/5
[1A[2K[1A[2K[1A[2KCollecting 1 genome record [================================================] 100% 1/1
Downloading: /sciclone/home/tdfelton/SUPERCOMPUTING/assignments/assignment_07/data/dog_reference/dog_reference.zip    778MB done
Validating package files [==================>-----------------------------]  40% 2/5
[1A[2K[1A[2K[1A[2KCollecting 1 genome record [================================================] 100% 1/1
Downloading: /sciclone/home/tdfelton/SUPERCOMPUTING/assignments/assignment_07/data/dog_reference/dog_reference.zip    778MB done
Validating package files [==================>-----------------------------]  40% 2/5
[1A[2K[1A[2K[1A[2KCollecting 1 genome record [================================================] 100% 1/1
Downloading: /sciclone/home/tdfelton/SUPERCOMPUTING/assignments/assignment_07/data/dog_reference/dog_reference.zip    778MB done
Validating package files [==================>-----------------------------]  40% 2/5
[1A[2K[1A[2K[1A[2KCollecting 1 genome record [================================================] 100% 1/1
Downloading: /sciclone/home/tdfelton/SUPERCOMPUTING/assignments/assignment_07/data/dog_reference/dog_reference.zip    778MB done
Validating package files [==================>-----------------------------]  40% 2/5
[1A[2K[1A[2K[1A[2KCollecting 1 genome record [================================================] 100% 1/1
Downloading: /sciclone/home/tdfelton/SUPERCOMPUTING/assignments/assignment_07/data/dog_reference/dog_reference.zip    778MB done
Validating package files [==================>-----------------------------]  40% 2/5
[1A[2K[1A[2K[1A[2KCollecting 1 genome record [================================================] 100% 1/1
Downloading: /sciclone/home/tdfelton/SUPERCOMPUTING/assignments/assignment_07/data/dog_reference/dog_reference.zip    778MB done
Validating package files [==================>-----------------------------]  40% 2/5
[1A[2K[1A[2K[1A[2KCollecting 1 genome record [================================================] 100% 1/1
Downloading: /sciclone/home/tdfelton/SUPERCOMPUTING/assignments/assignment_07/data/dog_reference/dog_reference.zip    778MB done
Validating package files [==================>-----------------------------]  40% 2/5
[1A[2K[1A[2K[1A[2KCollecting 1 genome record [================================================] 100% 1/1
Downloading: /sciclone/home/tdfelton/SUPERCOMPUTING/assignments/assignment_07/data/dog_reference/dog_reference.zip    778MB done
Validating package files [==================>-----------------------------]  40% 2/5
[1A[2K[1A[2K[1A[2KCollecting 1 genome record [================================================] 100% 1/1
Downloading: /sciclone/home/tdfelton/SUPERCOMPUTING/assignments/assignment_07/data/dog_reference/dog_reference.zip    778MB done
Validating package files [==================>-----------------------------]  40% 2/5
[1A[2K[1A[2K[1A[2KCollecting 1 genome record [================================================] 100% 1/1
Downloading: /sciclone/home/tdfelton/SUPERCOMPUTING/assignments/assignment_07/data/dog_reference/dog_reference.zip    778MB done
Validating package files [==================>-----------------------------]  40% 2/5
[1A[2K[1A[2K[1A[2KCollecting 1 genome record [================================================] 100% 1/1
Downloading: /sciclone/home/tdfelton/SUPERCOMPUTING/assignments/assignment_07/data/dog_reference/dog_reference.zip    778MB done
Validating package files [==================>-----------------------------]  40% 2/5
[1A[2K[1A[2K[1A[2KCollecting 1 genome record [================================================] 100% 1/1
Downloading: /sciclone/home/tdfelton/SUPERCOMPUTING/assignments/assignment_07/data/dog_reference/dog_reference.zip    778MB done
Validating package files [==================>-----------------------------]  40% 2/5
[1A[2K[1A[2K[1A[2KCollecting 1 genome record [================================================] 100% 1/1
Downloading: /sciclone/home/tdfelton/SUPERCOMPUTING/assignments/assignment_07/data/dog_reference/dog_reference.zip    778MB done
Validating package files [==================>-----------------------------]  40% 2/5
[1A[2K[1A[2K[1A[2KCollecting 1 genome record [================================================] 100% 1/1
Downloading: /sciclone/home/tdfelton/SUPERCOMPUTING/assignments/assignment_07/data/dog_reference/dog_reference.zip    778MB done
Validating package files [==================>-----------------------------]  40% 2/5
[1A[2K[1A[2K[1A[2KCollecting 1 genome record [================================================] 100% 1/1
Downloading: /sciclone/home/tdfelton/SUPERCOMPUTING/assignments/assignment_07/data/dog_reference/dog_reference.zip    778MB done
Validating package files [==================>-----------------------------]  40% 2/5
[1A[2K[1A[2K[1A[2KCollecting 1 genome record [================================================] 100% 1/1
Downloading: /sciclone/home/tdfelton/SUPERCOMPUTING/assignments/assignment_07/data/dog_reference/dog_reference.zip    778MB done
Validating package files [==================>-----------------------------]  40% 2/5
[1A[2K[1A[2K[1A[2KCollecting 1 genome record [================================================] 100% 1/1
Downloading: /sciclone/home/tdfelton/SUPERCOMPUTING/assignments/assignment_07/data/dog_reference/dog_reference.zip    778MB done
Validating package files [==================>-----------------------------]  40% 2/5
[1A[2K[1A[2K[1A[2KCollecting 1 genome record [================================================] 100% 1/1
Downloading: /sciclone/home/tdfelton/SUPERCOMPUTING/assignments/assignment_07/data/dog_reference/dog_reference.zip    778MB done
Validating package files [==================>-----------------------------]  40% 2/5
[1A[2K[1A[2K[1A[2KCollecting 1 genome record [================================================] 100% 1/1
Downloading: /sciclone/home/tdfelton/SUPERCOMPUTING/assignments/assignment_07/data/dog_reference/dog_reference.zip    778MB done
Validating package files [==================>-----------------------------]  40% 2/5
[1A[2K[1A[2K[1A[2KCollecting 1 genome record [================================================] 100% 1/1
Downloading: /sciclone/home/tdfelton/SUPERCOMPUTING/assignments/assignment_07/data/dog_reference/dog_reference.zip    778MB done
Validating package files [==================>-----------------------------]  40% 2/5
[1A[2K[1A[2K[1A[2KCollecting 1 genome record [================================================] 100% 1/1
Downloading: /sciclone/home/tdfelton/SUPERCOMPUTING/assignments/assignment_07/data/dog_reference/dog_reference.zip    778MB done
Validating package files [==================>-----------------------------]  40% 2/5
[1A[2K[1A[2K[1A[2KCollecting 1 genome record [================================================] 100% 1/1
Downloading: /sciclone/home/tdfelton/SUPERCOMPUTING/assignments/assignment_07/data/dog_reference/dog_reference.zip    778MB done
Validating package files [==================>-----------------------------]  40% 2/5
[1A[2K[1A[2K[1A[2KCollecting 1 genome record [================================================] 100% 1/1
Downloading: /sciclone/home/tdfelton/SUPERCOMPUTING/assignments/assignment_07/data/dog_reference/dog_reference.zip    778MB done
Validating package files [==================>-----------------------------]  40% 2/5
[1A[2K[1A[2K[1A[2KCollecting 1 genome record [================================================] 100% 1/1
Downloading: /sciclone/home/tdfelton/SUPERCOMPUTING/assignments/assignment_07/data/dog_reference/dog_reference.zip    778MB done
Validating package files [==================>-----------------------------]  40% 2/5
[1A[2K[1A[2K[1A[2KCollecting 1 genome record [================================================] 100% 1/1
Downloading: /sciclone/home/tdfelton/SUPERCOMPUTING/assignments/assignment_07/data/dog_reference/dog_reference.zip    778MB done
Validating package files [==================>-----------------------------]  40% 2/5
[1A[2K[1A[2K[1A[2KCollecting 1 genome record [================================================] 100% 1/1
Downloading: /sciclone/home/tdfelton/SUPERCOMPUTING/assignments/assignment_07/data/dog_reference/dog_reference.zip    778MB done
Validating package files [==================>-----------------------------]  40% 2/5
[1A[2K[1A[2K[1A[2KCollecting 1 genome record [================================================] 100% 1/1
Downloading: /sciclone/home/tdfelton/SUPERCOMPUTING/assignments/assignment_07/data/dog_reference/dog_reference.zip    778MB done
Validating package files [==================>-----------------------------]  40% 2/5
[1A[2K[1A[2K[1A[2KCollecting 1 genome record [================================================] 100% 1/1
Downloading: /sciclone/home/tdfelton/SUPERCOMPUTING/assignments/assignment_07/data/dog_reference/dog_reference.zip    778MB done
Validating package files [==================>-----------------------------]  40% 2/5
[1A[2K[1A[2K[1A[2KCollecting 1 genome record [================================================] 100% 1/1
Downloading: /sciclone/home/tdfelton/SUPERCOMPUTING/assignments/assignment_07/data/dog_reference/dog_reference.zip    778MB done
Validating package files [==================>-----------------------------]  40% 2/5
[1A[2K[1A[2K[1A[2KCollecting 1 genome record [================================================] 100% 1/1
Downloading: /sciclone/home/tdfelton/SUPERCOMPUTING/assignments/assignment_07/data/dog_reference/dog_reference.zip    778MB done
Validating package files [==================>-----------------------------]  40% 2/5
[1A[2K[1A[2K[1A[2KCollecting 1 genome record [================================================] 100% 1/1
Downloading: /sciclone/home/tdfelton/SUPERCOMPUTING/assignments/assignment_07/data/dog_reference/dog_reference.zip    778MB done
Validating package files [==================>-----------------------------]  40% 2/5
[1A[2K[1A[2K[1A[2KCollecting 1 genome record [================================================] 100% 1/1
Downloading: /sciclone/home/tdfelton/SUPERCOMPUTING/assignments/assignment_07/data/dog_reference/dog_reference.zip    778MB done
Validating package files [==================>-----------------------------]  40% 2/5
[1A[2K[1A[2K[1A[2KCollecting 1 genome record [================================================] 100% 1/1
Downloading: /sciclone/home/tdfelton/SUPERCOMPUTING/assignments/assignment_07/data/dog_reference/dog_reference.zip    778MB done
Validating package files [==================>-----------------------------]  40% 2/5
[1A[2K[1A[2K[1A[2KCollecting 1 genome record [================================================] 100% 1/1
Downloading: /sciclone/home/tdfelton/SUPERCOMPUTING/assignments/assignment_07/data/dog_reference/dog_reference.zip    778MB done
Validating package files [==================>-----------------------------]  40% 2/5
[1A[2K[1A[2K[1A[2KCollecting 1 genome record [================================================] 100% 1/1
Downloading: /sciclone/home/tdfelton/SUPERCOMPUTING/assignments/assignment_07/data/dog_reference/dog_reference.zip    778MB done
Validating package files [==================>-----------------------------]  40% 2/5
[1A[2K[1A[2K[1A[2KCollecting 1 genome record [================================================] 100% 1/1
Downloading: /sciclone/home/tdfelton/SUPERCOMPUTING/assignments/assignment_07/data/dog_reference/dog_reference.zip    778MB done
Validating package files [==================>-----------------------------]  40% 2/5
[1A[2K[1A[2K[1A[2KCollecting 1 genome record [================================================] 100% 1/1
Downloading: /sciclone/home/tdfelton/SUPERCOMPUTING/assignments/assignment_07/data/dog_reference/dog_reference.zip    778MB done
Validating package files [==================>-----------------------------]  40% 2/5
[1A[2K[1A[2K[1A[2KCollecting 1 genome record [================================================] 100% 1/1
Downloading: /sciclone/home/tdfelton/SUPERCOMPUTING/assignments/assignment_07/data/dog_reference/dog_reference.zip    778MB done
Validating package files [==================>-----------------------------]  40% 2/5
[1A[2K[1A[2K[1A[2KCollecting 1 genome record [================================================] 100% 1/1
Downloading: /sciclone/home/tdfelton/SUPERCOMPUTING/assignments/assignment_07/data/dog_reference/dog_reference.zip    778MB done
Validating package files [==================>-----------------------------]  40% 2/5
[1A[2K[1A[2K[1A[2KCollecting 1 genome record [================================================] 100% 1/1
Downloading: /sciclone/home/tdfelton/SUPERCOMPUTING/assignments/assignment_07/data/dog_reference/dog_reference.zip    778MB done
Validating package files [==================>-----------------------------]  40% 2/5
[1A[2K[1A[2K[1A[2KCollecting 1 genome record [================================================] 100% 1/1
Downloading: /sciclone/home/tdfelton/SUPERCOMPUTING/assignments/assignment_07/data/dog_reference/dog_reference.zip    778MB done
Validating package files [==================>-----------------------------]  40% 2/5
[1A[2K[1A[2K[1A[2KCollecting 1 genome record [================================================] 100% 1/1
Downloading: /sciclone/home/tdfelton/SUPERCOMPUTING/assignments/assignment_07/data/dog_reference/dog_reference.zip    778MB done
Validating package files [==================>-----------------------------]  40% 2/5
[1A[2K[1A[2K[1A[2KCollecting 1 genome record [================================================] 100% 1/1
Downloading: /sciclone/home/tdfelton/SUPERCOMPUTING/assignments/assignment_07/data/dog_reference/dog_reference.zip    778MB done
Validating package files [==================>-----------------------------]  40% 2/5
[1A[2K[1A[2K[1A[2KCollecting 1 genome record [================================================] 100% 1/1
Downloading: /sciclone/home/tdfelton/SUPERCOMPUTING/assignments/assignment_07/data/dog_reference/dog_reference.zip    778MB done
Validating package files [==================>-----------------------------]  40% 2/5
[1A[2K[1A[2K[1A[2KCollecting 1 genome record [================================================] 100% 1/1
Downloading: /sciclone/home/tdfelton/SUPERCOMPUTING/assignments/assignment_07/data/dog_reference/dog_reference.zip    778MB done
Validating package files [==================>-----------------------------]  40% 2/5
[1A[2K[1A[2K[1A[2KCollecting 1 genome record [================================================] 100% 1/1
Downloading: /sciclone/home/tdfelton/SUPERCOMPUTING/assignments/assignment_07/data/dog_reference/dog_reference.zip    778MB done
Validating package files [==================>-----------------------------]  40% 2/5
[1A[2K[1A[2K[1A[2KCollecting 1 genome record [================================================] 100% 1/1
Downloading: /sciclone/home/tdfelton/SUPERCOMPUTING/assignments/assignment_07/data/dog_reference/dog_reference.zip    778MB done
Validating package files [==================>-----------------------------]  40% 2/5
[1A[2K[1A[2K[1A[2KCollecting 1 genome record [================================================] 100% 1/1
Downloading: /sciclone/home/tdfelton/SUPERCOMPUTING/assignments/assignment_07/data/dog_reference/dog_reference.zip    778MB done
Validating package files [==================>-----------------------------]  40% 2/5
[1A[2K[1A[2K[1A[2KCollecting 1 genome record [================================================] 100% 1/1
Downloading: /sciclone/home/tdfelton/SUPERCOMPUTING/assignments/assignment_07/data/dog_reference/dog_reference.zip    778MB done
Validating package files [==================>-----------------------------]  40% 2/5
[1A[2K[1A[2K[1A[2KCollecting 1 genome record [================================================] 100% 1/1
Downloading: /sciclone/home/tdfelton/SUPERCOMPUTING/assignments/assignment_07/data/dog_reference/dog_reference.zip    778MB done
Validating package files [==================>-----------------------------]  40% 2/5
[1A[2K[1A[2K[1A[2KCollecting 1 genome record [================================================] 100% 1/1
Downloading: /sciclone/home/tdfelton/SUPERCOMPUTING/assignments/assignment_07/data/dog_reference/dog_reference.zip    778MB done
Validating package files [==================>-----------------------------]  40% 2/5
[1A[2K[1A[2K[1A[2KCollecting 1 genome record [================================================] 100% 1/1
Downloading: /sciclone/home/tdfelton/SUPERCOMPUTING/assignments/assignment_07/data/dog_reference/dog_reference.zip    778MB done
Validating package files [==================>-----------------------------]  40% 2/5
[1A[2K[1A[2K[1A[2KCollecting 1 genome record [================================================] 100% 1/1
Downloading: /sciclone/home/tdfelton/SUPERCOMPUTING/assignments/assignment_07/data/dog_reference/dog_reference.zip    778MB done
Validating package files [==================>-----------------------------]  40% 2/5
[1A[2K[1A[2K[1A[2KCollecting 1 genome record [================================================] 100% 1/1
Downloading: /sciclone/home/tdfelton/SUPERCOMPUTING/assignments/assignment_07/data/dog_reference/dog_reference.zip    778MB done
Validating package files [==================>-----------------------------]  40% 2/5
[1A[2K[1A[2K[1A[2KCollecting 1 genome record [================================================] 100% 1/1
Downloading: /sciclone/home/tdfelton/SUPERCOMPUTING/assignments/assignment_07/data/dog_reference/dog_reference.zip    778MB done
Validating package files [==================>-----------------------------]  40% 2/5
[1A[2K[1A[2K[1A[2KCollecting 1 genome record [================================================] 100% 1/1
Downloading: /sciclone/home/tdfelton/SUPERCOMPUTING/assignments/assignment_07/data/dog_reference/dog_reference.zip    778MB done
Validating package files [==================>-----------------------------]  40% 2/5
[1A[2K[1A[2K[1A[2KCollecting 1 genome record [================================================] 100% 1/1
Downloading: /sciclone/home/tdfelton/SUPERCOMPUTING/assignments/assignment_07/data/dog_reference/dog_reference.zip    778MB done
Validating package files [==================>-----------------------------]  40% 2/5
[1A[2K[1A[2K[1A[2KCollecting 1 genome record [================================================] 100% 1/1
Downloading: /sciclone/home/tdfelton/SUPERCOMPUTING/assignments/assignment_07/data/dog_reference/dog_reference.zip    778MB done
Validating package files [==================>-----------------------------]  40% 2/5
[1A[2K[1A[2K[1A[2KCollecting 1 genome record [================================================] 100% 1/1
Downloading: /sciclone/home/tdfelton/SUPERCOMPUTING/assignments/assignment_07/data/dog_reference/dog_reference.zip    778MB done
Validating package files [==================>-----------------------------]  40% 2/5
[1A[2K[1A[2K[1A[2KCollecting 1 genome record [================================================] 100% 1/1
Downloading: /sciclone/home/tdfelton/SUPERCOMPUTING/assignments/assignment_07/data/dog_reference/dog_reference.zip    778MB done
Validating package files [==================>-----------------------------]  40% 2/5
[1A[2K[1A[2K[1A[2KCollecting 1 genome record [================================================] 100% 1/1
Downloading: /sciclone/home/tdfelton/SUPERCOMPUTING/assignments/assignment_07/data/dog_reference/dog_reference.zip    778MB done
Validating package files [==================>-----------------------------]  40% 2/5
[1A[2K[1A[2K[1A[2KCollecting 1 genome record [================================================] 100% 1/1
Downloading: /sciclone/home/tdfelton/SUPERCOMPUTING/assignments/assignment_07/data/dog_reference/dog_reference.zip    778MB done
Validating package files [==================>-----------------------------]  40% 2/5
[1A[2K[1A[2K[1A[2KCollecting 1 genome record [================================================] 100% 1/1
Downloading: /sciclone/home/tdfelton/SUPERCOMPUTING/assignments/assignment_07/data/dog_reference/dog_reference.zip    778MB done
Validating package files [==================>-----------------------------]  40% 2/5
[1A[2K[1A[2K[1A[2KCollecting 1 genome record [================================================] 100% 1/1
Downloading: /sciclone/home/tdfelton/SUPERCOMPUTING/assignments/assignment_07/data/dog_reference/dog_reference.zip    778MB done
Validating package files [==================>-----------------------------]  40% 2/5
[1A[2K[1A[2K[1A[2KCollecting 1 genome record [================================================] 100% 1/1
Downloading: /sciclone/home/tdfelton/SUPERCOMPUTING/assignments/assignment_07/data/dog_reference/dog_reference.zip    778MB done
Validating package files [==================>-----------------------------]  40% 2/5
[1A[2K[1A[2K[1A[2KCollecting 1 genome record [================================================] 100% 1/1
Downloading: /sciclone/home/tdfelton/SUPERCOMPUTING/assignments/assignment_07/data/dog_reference/dog_reference.zip    778MB done
Validating package files [==================>-----------------------------]  40% 2/5
[1A[2K[1A[2K[1A[2KCollecting 1 genome record [================================================] 100% 1/1
Downloading: /sciclone/home/tdfelton/SUPERCOMPUTING/assignments/assignment_07/data/dog_reference/dog_reference.zip    778MB done
Validating package files [==================>-----------------------------]  40% 2/5
[1A[2K[1A[2K[1A[2KCollecting 1 genome record [================================================] 100% 1/1
Downloading: /sciclone/home/tdfelton/SUPERCOMPUTING/assignments/assignment_07/data/dog_reference/dog_reference.zip    778MB done
Validating package files [==================>-----------------------------]  40% 2/5
[1A[2K[1A[2K[1A[2KCollecting 1 genome record [================================================] 100% 1/1
Downloading: /sciclone/home/tdfelton/SUPERCOMPUTING/assignments/assignment_07/data/dog_reference/dog_reference.zip    778MB done
Validating package files [==================>-----------------------------]  40% 2/5
[1A[2K[1A[2K[1A[2KCollecting 1 genome record [================================================] 100% 1/1
Downloading: /sciclone/home/tdfelton/SUPERCOMPUTING/assignments/assignment_07/data/dog_reference/dog_reference.zip    778MB done
Validating package files [==================>-----------------------------]  40% 2/5
[1A[2K[1A[2K[1A[2KCollecting 1 genome record [================================================] 100% 1/1
Downloading: /sciclone/home/tdfelton/SUPERCOMPUTING/assignments/assignment_07/data/dog_reference/dog_reference.zip    778MB done
Validating package files [==================>-----------------------------]  40% 2/5
[1A[2K[1A[2K[1A[2KCollecting 1 genome record [================================================] 100% 1/1
Downloading: /sciclone/home/tdfelton/SUPERCOMPUTING/assignments/assignment_07/data/dog_reference/dog_reference.zip    778MB done
Validating package files [==================>-----------------------------]  40% 2/5
[1A[2K[1A[2K[1A[2KCollecting 1 genome record [================================================] 100% 1/1
Downloading: /sciclone/home/tdfelton/SUPERCOMPUTING/assignments/assignment_07/data/dog_reference/dog_reference.zip    778MB done
Validating package files [==================>-----------------------------]  40% 2/5
[1A[2K[1A[2K[1A[2KCollecting 1 genome record [================================================] 100% 1/1
Downloading: /sciclone/home/tdfelton/SUPERCOMPUTING/assignments/assignment_07/data/dog_reference/dog_reference.zip    778MB done
Validating package files [==================>-----------------------------]  40% 2/5
[1A[2K[1A[2K[1A[2KCollecting 1 genome record [================================================] 100% 1/1
Downloading: /sciclone/home/tdfelton/SUPERCOMPUTING/assignments/assignment_07/data/dog_reference/dog_reference.zip    778MB done
Validating package files [==================>-----------------------------]  40% 2/5
[1A[2K[1A[2K[1A[2KCollecting 1 genome record [================================================] 100% 1/1
Downloading: /sciclone/home/tdfelton/SUPERCOMPUTING/assignments/assignment_07/data/dog_reference/dog_reference.zip    778MB done
Validating package files [==================>-----------------------------]  40% 2/5
[1A[2K[1A[2K[1A[2KCollecting 1 genome record [================================================] 100% 1/1
Downloading: /sciclone/home/tdfelton/SUPERCOMPUTING/assignments/assignment_07/data/dog_reference/dog_reference.zip    778MB done
Validating package files [==================>-----------------------------]  40% 2/5
[1A[2K[1A[2K[1A[2KCollecting 1 genome record [================================================] 100% 1/1
Downloading: /sciclone/home/tdfelton/SUPERCOMPUTING/assignments/assignment_07/data/dog_reference/dog_reference.zip    778MB done
Validating package files [==================>-----------------------------]  40% 2/5
[1A[2K[1A[2K[1A[2KCollecting 1 genome record [================================================] 100% 1/1
Downloading: /sciclone/home/tdfelton/SUPERCOMPUTING/assignments/assignment_07/data/dog_reference/dog_reference.zip    778MB done
Validating package files [==================>-----------------------------]  40% 2/5
[1A[2K[1A[2K[1A[2KCollecting 1 genome record [================================================] 100% 1/1
Downloading: /sciclone/home/tdfelton/SUPERCOMPUTING/assignments/assignment_07/data/dog_reference/dog_reference.zip    778MB done
Validating package files [==================>-----------------------------]  40% 2/5
[1A[2K[1A[2K[1A[2KCollecting 1 genome record [================================================] 100% 1/1
Downloading: /sciclone/home/tdfelton/SUPERCOMPUTING/assignments/assignment_07/data/dog_reference/dog_reference.zip    778MB done
Validating package files [==================>-----------------------------]  40% 2/5
[1A[2K[1A[2K[1A[2KCollecting 1 genome record [================================================] 100% 1/1
Downloading: /sciclone/home/tdfelton/SUPERCOMPUTING/assignments/assignment_07/data/dog_reference/dog_reference.zip    778MB done
Validating package files [==================>-----------------------------]  40% 2/5
[1A[2K[1A[2K[1A[2KCollecting 1 genome record [================================================] 100% 1/1
Downloading: /sciclone/home/tdfelton/SUPERCOMPUTING/assignments/assignment_07/data/dog_reference/dog_reference.zip    778MB done
Validating package files [==================>-----------------------------]  40% 2/5
[1A[2K[1A[2K[1A[2KCollecting 1 genome record [================================================] 100% 1/1
Downloading: /sciclone/home/tdfelton/SUPERCOMPUTING/assignments/assignment_07/data/dog_reference/dog_reference.zip    778MB done
Validating package files [==================>-----------------------------]  40% 2/5
[1A[2K[1A[2K[1A[2KCollecting 1 genome record [================================================] 100% 1/1
Downloading: /sciclone/home/tdfelton/SUPERCOMPUTING/assignments/assignment_07/data/dog_reference/dog_reference.zip    778MB done
Validating package files [==================>-----------------------------]  40% 2/5
[1A[2K[1A[2K[1A[2KCollecting 1 genome record [================================================] 100% 1/1
Downloading: /sciclone/home/tdfelton/SUPERCOMPUTING/assignments/assignment_07/data/dog_reference/dog_reference.zip    778MB done
Validating package files [==================>-----------------------------]  40% 2/5
[1A[2K[1A[2K[1A[2KCollecting 1 genome record [================================================] 100% 1/1
Downloading: /sciclone/home/tdfelton/SUPERCOMPUTING/assignments/assignment_07/data/dog_reference/dog_reference.zip    778MB done
Validating package files [==================>-----------------------------]  40% 2/5
[1A[2K[1A[2K[1A[2KCollecting 1 genome record [================================================] 100% 1/1
Downloading: /sciclone/home/tdfelton/SUPERCOMPUTING/assignments/assignment_07/data/dog_reference/dog_reference.zip    778MB done
Validating package files [==================>-----------------------------]  40% 2/5
[1A[2K[1A[2K[1A[2KCollecting 1 genome record [================================================] 100% 1/1
Downloading: /sciclone/home/tdfelton/SUPERCOMPUTING/assignments/assignment_07/data/dog_reference/dog_reference.zip    778MB done
Validating package files [==================>-----------------------------]  40% 2/5
[1A[2K[1A[2K[1A[2KCollecting 1 genome record [================================================] 100% 1/1
Downloading: /sciclone/home/tdfelton/SUPERCOMPUTING/assignments/assignment_07/data/dog_reference/dog_reference.zip    778MB done
Validating package files [==================>-----------------------------]  40% 2/5
[1A[2K[1A[2K[1A[2KCollecting 1 genome record [================================================] 100% 1/1
Downloading: /sciclone/home/tdfelton/SUPERCOMPUTING/assignments/assignment_07/data/dog_reference/dog_reference.zip    778MB done
Validating package files [==================>-----------------------------]  40% 2/5
[1A[2K[1A[2K[1A[2KCollecting 1 genome record [================================================] 100% 1/1
Downloading: /sciclone/home/tdfelton/SUPERCOMPUTING/assignments/assignment_07/data/dog_reference/dog_reference.zip    778MB done
Validating package files [==================>-----------------------------]  40% 2/5
[1A[2K[1A[2K[1A[2KCollecting 1 genome record [================================================] 100% 1/1
Downloading: /sciclone/home/tdfelton/SUPERCOMPUTING/assignments/assignment_07/data/dog_reference/dog_reference.zip    778MB done
Validating package files [==================>-----------------------------]  40% 2/5
[1A[2K[1A[2K[1A[2KCollecting 1 genome record [================================================] 100% 1/1
Downloading: /sciclone/home/tdfelton/SUPERCOMPUTING/assignments/assignment_07/data/dog_reference/dog_reference.zip    778MB done
Validating package files [==================>-----------------------------]  40% 2/5
[1A[2K[1A[2K[1A[2KCollecting 1 genome record [================================================] 100% 1/1
Downloading: /sciclone/home/tdfelton/SUPERCOMPUTING/assignments/assignment_07/data/dog_reference/dog_reference.zip    778MB done
Validating package files [==================>-----------------------------]  40% 2/5
[1A[2K[1A[2K[1A[2KCollecting 1 genome record [================================================] 100% 1/1
Downloading: /sciclone/home/tdfelton/SUPERCOMPUTING/assignments/assignment_07/data/dog_reference/dog_reference.zip    778MB done
Validating package files [==================>-----------------------------]  40% 2/5
[1A[2K[1A[2K[1A[2KCollecting 1 genome record [================================================] 100% 1/1
Downloading: /sciclone/home/tdfelton/SUPERCOMPUTING/assignments/assignment_07/data/dog_reference/dog_reference.zip    778MB done
Validating package files [==================>-----------------------------]  40% 2/5
[1A[2K[1A[2K[1A[2KCollecting 1 genome record [================================================] 100% 1/1
Downloading: /sciclone/home/tdfelton/SUPERCOMPUTING/assignments/assignment_07/data/dog_reference/dog_reference.zip    778MB done
Validating package files [==================>-----------------------------]  40% 2/5
[1A[2K[1A[2K[1A[2KCollecting 1 genome record [================================================] 100% 1/1
Downloading: /sciclone/home/tdfelton/SUPERCOMPUTING/assignments/assignment_07/data/dog_reference/dog_reference.zip    778MB done
Validating package files [==================>-----------------------------]  40% 2/5
[1A[2K[1A[2K[1A[2KCollecting 1 genome record [================================================] 100% 1/1
Downloading: /sciclone/home/tdfelton/SUPERCOMPUTING/assignments/assignment_07/data/dog_reference/dog_reference.zip    778MB done
Validating package files [==================>-----------------------------]  40% 2/5
[1A[2K[1A[2K[1A[2KCollecting 1 genome record [================================================] 100% 1/1
Downloading: /sciclone/home/tdfelton/SUPERCOMPUTING/assignments/assignment_07/data/dog_reference/dog_reference.zip    778MB done
Validating package files [==================>-----------------------------]  40% 2/5
[1A[2K[1A[2K[1A[2KCollecting 1 genome record [================================================] 100% 1/1
Downloading: /sciclone/home/tdfelton/SUPERCOMPUTING/assignments/assignment_07/data/dog_reference/dog_reference.zip    778MB done
Validating package files [==================>-----------------------------]  40% 2/5
[1A[2K[1A[2K[1A[2KCollecting 1 genome record [================================================] 100% 1/1
Downloading: /sciclone/home/tdfelton/SUPERCOMPUTING/assignments/assignment_07/data/dog_reference/dog_reference.zip    778MB done
Validating package files [==================>-----------------------------]  40% 2/5
[1A[2K[1A[2K[1A[2KCollecting 1 genome record [================================================] 100% 1/1
Downloading: /sciclone/home/tdfelton/SUPERCOMPUTING/assignments/assignment_07/data/dog_reference/dog_reference.zip    778MB done
Validating package files [==================>-----------------------------]  40% 2/5
[1A[2K[1A[2K[1A[2KCollecting 1 genome record [================================================] 100% 1/1
Downloading: /sciclone/home/tdfelton/SUPERCOMPUTING/assignments/assignment_07/data/dog_reference/dog_reference.zip    778MB done
Validating package files [==================>-----------------------------]  40% 2/5
[1A[2K[1A[2K[1A[2KCollecting 1 genome record [================================================] 100% 1/1
Downloading: /sciclone/home/tdfelton/SUPERCOMPUTING/assignments/assignment_07/data/dog_reference/dog_reference.zip    778MB done
Validating package files [==================>-----------------------------]  40% 2/5
[1A[2K[1A[2K[1A[2KCollecting 1 genome record [================================================] 100% 1/1
Downloading: /sciclone/home/tdfelton/SUPERCOMPUTING/assignments/assignment_07/data/dog_reference/dog_reference.zip    778MB done
Validating package files [==================>-----------------------------]  40% 2/5
[1A[2K[1A[2K[1A[2KCollecting 1 genome record [================================================] 100% 1/1
Downloading: /sciclone/home/tdfelton/SUPERCOMPUTING/assignments/assignment_07/data/dog_reference/dog_reference.zip    778MB done
Validating package files [==================>-----------------------------]  40% 2/5
[1A[2K[1A[2K[1A[2KCollecting 1 genome record [================================================] 100% 1/1
Downloading: /sciclone/home/tdfelton/SUPERCOMPUTING/assignments/assignment_07/data/dog_reference/dog_reference.zip    778MB done
Validating package files [==================>-----------------------------]  40% 2/5
[1A[2K[1A[2K[1A[2KCollecting 1 genome record [================================================] 100% 1/1
Downloading: /sciclone/home/tdfelton/SUPERCOMPUTING/assignments/assignment_07/data/dog_reference/dog_reference.zip    778MB done
Validating package files [==================>-----------------------------]  40% 2/5
[1A[2K[1A[2K[1A[2KCollecting 1 genome record [================================================] 100% 1/1
Downloading: /sciclone/home/tdfelton/SUPERCOMPUTING/assignments/assignment_07/data/dog_reference/dog_reference.zip    778MB done
Validating package files [==================>-----------------------------]  40% 2/5
[1A[2K[1A[2K[1A[2KCollecting 1 genome record [================================================] 100% 1/1
Downloading: /sciclone/home/tdfelton/SUPERCOMPUTING/assignments/assignment_07/data/dog_reference/dog_reference.zip    778MB done
Validating package files [==================>-----------------------------]  40% 2/5
[1A[2K[1A[2K[1A[2KCollecting 1 genome record [================================================] 100% 1/1
Downloading: /sciclone/home/tdfelton/SUPERCOMPUTING/assignments/assignment_07/data/dog_reference/dog_reference.zip    778MB done
Validating package files [==================>-----------------------------]  40% 2/5
[1A[2K[1A[2K[1A[2KCollecting 1 genome record [================================================] 100% 1/1
Downloading: /sciclone/home/tdfelton/SUPERCOMPUTING/assignments/assignment_07/data/dog_reference/dog_reference.zip    778MB done
Validating package files [==================>-----------------------------]  40% 2/5
[1A[2K[1A[2K[1A[2KCollecting 1 genome record [================================================] 100% 1/1
Downloading: /sciclone/home/tdfelton/SUPERCOMPUTING/assignments/assignment_07/data/dog_reference/dog_reference.zip    778MB done
Validating package files [==================>-----------------------------]  40% 2/5
[1A[2K[1A[2K[1A[2KCollecting 1 genome record [================================================] 100% 1/1
Downloading: /sciclone/home/tdfelton/SUPERCOMPUTING/assignments/assignment_07/data/dog_reference/dog_reference.zip    778MB done
Validating package files [==================>-----------------------------]  40% 2/5
[1A[2K[1A[2K[1A[2KCollecting 1 genome record [================================================] 100% 1/1
Downloading: /sciclone/home/tdfelton/SUPERCOMPUTING/assignments/assignment_07/data/dog_reference/dog_reference.zip    778MB done
Validating package files [==================>-----------------------------]  40% 2/5
[1A[2K[1A[2K[1A[2KCollecting 1 genome record [================================================] 100% 1/1
Downloading: /sciclone/home/tdfelton/SUPERCOMPUTING/assignments/assignment_07/data/dog_reference/dog_reference.zip    778MB done
Validating package files [==================>-----------------------------]  40% 2/5
[1A[2K[1A[2K[1A[2KCollecting 1 genome record [================================================] 100% 1/1
Downloading: /sciclone/home/tdfelton/SUPERCOMPUTING/assignments/assignment_07/data/dog_reference/dog_reference.zip    778MB done
Validating package files [==================>-----------------------------]  40% 2/5
[1A[2K[1A[2K[1A[2KCollecting 1 genome record [================================================] 100% 1/1
Downloading: /sciclone/home/tdfelton/SUPERCOMPUTING/assignments/assignment_07/data/dog_reference/dog_reference.zip    778MB done
Validating package files [==================>-----------------------------]  40% 2/5
[1A[2K[1A[2K[1A[2KCollecting 1 genome record [================================================] 100% 1/1
Downloading: /sciclone/home/tdfelton/SUPERCOMPUTING/assignments/assignment_07/data/dog_reference/dog_reference.zip    778MB done
Validating package files [==================>-----------------------------]  40% 2/5
[1A[2K[1A[2K[1A[2KCollecting 1 genome record [================================================] 100% 1/1
Downloading: /sciclone/home/tdfelton/SUPERCOMPUTING/assignments/assignment_07/data/dog_reference/dog_reference.zip    778MB done
Validating package files [==================>-----------------------------]  40% 2/5
[1A[2K[1A[2K[1A[2KCollecting 1 genome record [================================================] 100% 1/1
Downloading: /sciclone/home/tdfelton/SUPERCOMPUTING/assignments/assignment_07/data/dog_reference/dog_reference.zip    778MB done
Validating package files [==================>-----------------------------]  40% 2/5
[1A[2K[1A[2K[1A[2KCollecting 1 genome record [================================================] 100% 1/1
Downloading: /sciclone/home/tdfelton/SUPERCOMPUTING/assignments/assignment_07/data/dog_reference/dog_reference.zip    778MB done
Validating package files [==================>-----------------------------]  40% 2/5
[1A[2K[1A[2K[1A[2KCollecting 1 genome record [================================================] 100% 1/1
Downloading: /sciclone/home/tdfelton/SUPERCOMPUTING/assignments/assignment_07/data/dog_reference/dog_reference.zip    778MB done
Validating package files [==================>-----------------------------]  40% 2/5
[1A[2K[1A[2K[1A[2KCollecting 1 genome record [================================================] 100% 1/1
Downloading: /sciclone/home/tdfelton/SUPERCOMPUTING/assignments/assignment_07/data/dog_reference/dog_reference.zip    778MB done
Validating package files [==================>-----------------------------]  40% 2/5
[1A[2K[1A[2K[1A[2KCollecting 1 genome record [================================================] 100% 1/1
Downloading: /sciclone/home/tdfelton/SUPERCOMPUTING/assignments/assignment_07/data/dog_reference/dog_reference.zip    778MB done
Validating package files [==================>-----------------------------]  40% 2/5
[1A[2K[1A[2K[1A[2KCollecting 1 genome record [================================================] 100% 1/1
Downloading: /sciclone/home/tdfelton/SUPERCOMPUTING/assignments/assignment_07/data/dog_reference/dog_reference.zip    778MB done
Validating package files [==================>-----------------------------]  40% 2/5
[1A[2K[1A[2K[1A[2KCollecting 1 genome record [================================================] 100% 1/1
Downloading: /sciclone/home/tdfelton/SUPERCOMPUTING/assignments/assignment_07/data/dog_reference/dog_reference.zip    778MB done
Validating package files [==================>-----------------------------]  40% 2/5
[1A[2K[1A[2K[1A[2KCollecting 1 genome record [================================================] 100% 1/1
Downloading: /sciclone/home/tdfelton/SUPERCOMPUTING/assignments/assignment_07/data/dog_reference/dog_reference.zip    778MB done
Validating package files [==================>-----------------------------]  40% 2/5
[1A[2K[1A[2K[1A[2KCollecting 1 genome record [================================================] 100% 1/1
Downloading: /sciclone/home/tdfelton/SUPERCOMPUTING/assignments/assignment_07/data/dog_reference/dog_reference.zip    778MB done
Validating package files [==================>-----------------------------]  40% 2/5
[1A[2K[1A[2K[1A[2KCollecting 1 genome record [================================================] 100% 1/1
Downloading: /sciclone/home/tdfelton/SUPERCOMPUTING/assignments/assignment_07/data/dog_reference/dog_reference.zip    778MB done
Validating package files [==================>-----------------------------]  40% 2/5
[1A[2K[1A[2K[1A[2KCollecting 1 genome record [================================================] 100% 1/1
Downloading: /sciclone/home/tdfelton/SUPERCOMPUTING/assignments/assignment_07/data/dog_reference/dog_reference.zip    778MB done
Validating package files [==================>-----------------------------]  40% 2/5
[1A[2K[1A[2K[1A[2KCollecting 1 genome record [================================================] 100% 1/1
Downloading: /sciclone/home/tdfelton/SUPERCOMPUTING/assignments/assignment_07/data/dog_reference/dog_reference.zip    778MB done
Validating package files [==================>-----------------------------]  40% 2/5
[1A[2K[1A[2K[1A[2KCollecting 1 genome record [================================================] 100% 1/1
Downloading: /sciclone/home/tdfelton/SUPERCOMPUTING/assignments/assignment_07/data/dog_reference/dog_reference.zip    778MB done
Validating package files [==================>-----------------------------]  40% 2/5
[1A[2K[1A[2K[1A[2KCollecting 1 genome record [================================================] 100% 1/1
Downloading: /sciclone/home/tdfelton/SUPERCOMPUTING/assignments/assignment_07/data/dog_reference/dog_reference.zip    778MB done
Validating package files [==================>-----------------------------]  40% 2/5
[1A[2K[1A[2K[1A[2KCollecting 1 genome record [================================================] 100% 1/1
Downloading: /sciclone/home/tdfelton/SUPERCOMPUTING/assignments/assignment_07/data/dog_reference/dog_reference.zip    778MB done
Validating package files [==================>-----------------------------]  40% 2/5
[1A[2K[1A[2K[1A[2KCollecting 1 genome record [================================================] 100% 1/1
Downloading: /sciclone/home/tdfelton/SUPERCOMPUTING/assignments/assignment_07/data/dog_reference/dog_reference.zip    778MB done
Validating package files [==================>-----------------------------]  40% 2/5
[1A[2K[1A[2K[1A[2KCollecting 1 genome record [================================================] 100% 1/1
Downloading: /sciclone/home/tdfelton/SUPERCOMPUTING/assignments/assignment_07/data/dog_reference/dog_reference.zip    778MB done
Validating package files [==================>-----------------------------]  40% 2/5
[1A[2K[1A[2K[1A[2KCollecting 1 genome record [================================================] 100% 1/1
Downloading: /sciclone/home/tdfelton/SUPERCOMPUTING/assignments/assignment_07/data/dog_reference/dog_reference.zip    778MB done
Validating package files [==================>-----------------------------]  40% 2/5
[1A[2K[1A[2K[1A[2KCollecting 1 genome record [================================================] 100% 1/1
Downloading: /sciclone/home/tdfelton/SUPERCOMPUTING/assignments/assignment_07/data/dog_reference/dog_reference.zip    778MB done
Validating package files [==================>-----------------------------]  40% 2/5
[1A[2K[1A[2K[1A[2KCollecting 1 genome record [================================================] 100% 1/1
Downloading: /sciclone/home/tdfelton/SUPERCOMPUTING/assignments/assignment_07/data/dog_reference/dog_reference.zip    778MB done
Validating package files [==================>-----------------------------]  40% 2/5
[1A[2K[1A[2K[1A[2KCollecting 1 genome record [================================================] 100% 1/1
Downloading: /sciclone/home/tdfelton/SUPERCOMPUTING/assignments/assignment_07/data/dog_reference/dog_reference.zip    778MB done
Validating package files [==================>-----------------------------]  40% 2/5
[1A[2K[1A[2K[1A[2KCollecting 1 genome record [================================================] 100% 1/1
Downloading: /sciclone/home/tdfelton/SUPERCOMPUTING/assignments/assignment_07/data/dog_reference/dog_reference.zip    778MB done
Validating package files [==================>-----------------------------]  40% 2/5
[1A[2K[1A[2K[1A[2KCollecting 1 genome record [================================================] 100% 1/1
Downloading: /sciclone/home/tdfelton/SUPERCOMPUTING/assignments/assignment_07/data/dog_reference/dog_reference.zip    778MB done
Validating package files [==================>-----------------------------]  40% 2/5
[1A[2K[1A[2K[1A[2KCollecting 1 genome record [================================================] 100% 1/1
Downloading: /sciclone/home/tdfelton/SUPERCOMPUTING/assignments/assignment_07/data/dog_reference/dog_reference.zip    778MB done
Validating package files [==================>-----------------------------]  40% 2/5
[1A[2K[1A[2K[1A[2KCollecting 1 genome record [================================================] 100% 1/1
Downloading: /sciclone/home/tdfelton/SUPERCOMPUTING/assignments/assignment_07/data/dog_reference/dog_reference.zip    778MB done
Validating package files [==================>-----------------------------]  40% 2/5
[1A[2K[1A[2K[1A[2KCollecting 1 genome record [================================================] 100% 1/1
Downloading: /sciclone/home/tdfelton/SUPERCOMPUTING/assignments/assignment_07/data/dog_reference/dog_reference.zip    778MB done
Validating package files [==================>-----------------------------]  40% 2/5
[1A[2K[1A[2K[1A[2KCollecting 1 genome record [================================================] 100% 1/1
Downloading: /sciclone/home/tdfelton/SUPERCOMPUTING/assignments/assignment_07/data/dog_reference/dog_reference.zip    778MB done
Validating package files [==================>-----------------------------]  40% 2/5
[1A[2K[1A[2K[1A[2KCollecting 1 genome record [================================================] 100% 1/1
Downloading: /sciclone/home/tdfelton/SUPERCOMPUTING/assignments/assignment_07/data/dog_reference/dog_reference.zip    778MB done
Validating package files [==================>-----------------------------]  40% 2/5
[1A[2K[1A[2K[1A[2KCollecting 1 genome record [================================================] 100% 1/1
Downloading: /sciclone/home/tdfelton/SUPERCOMPUTING/assignments/assignment_07/data/dog_reference/dog_reference.zip    778MB done
Validating package files [==================>-----------------------------]  40% 2/5
[1A[2K[1A[2K[1A[2KCollecting 1 genome record [================================================] 100% 1/1
Downloading: /sciclone/home/tdfelton/SUPERCOMPUTING/assignments/assignment_07/data/dog_reference/dog_reference.zip    778MB done
Validating package files [==================>-----------------------------]  40% 2/5
[1A[2K[1A[2K[1A[2KCollecting 1 genome record [================================================] 100% 1/1
Downloading: /sciclone/home/tdfelton/SUPERCOMPUTING/assignments/assignment_07/data/dog_reference/dog_reference.zip    778MB done
Validating package files [==================>-----------------------------]  40% 2/5
[1A[2K[1A[2K[1A[2KCollecting 1 genome record [================================================] 100% 1/1
Downloading: /sciclone/home/tdfelton/SUPERCOMPUTING/assignments/assignment_07/data/dog_reference/dog_reference.zip    778MB done
Validating package files [==================>-----------------------------]  40% 2/5
[1A[2K[1A[2K[1A[2KCollecting 1 genome record [================================================] 100% 1/1
Downloading: /sciclone/home/tdfelton/SUPERCOMPUTING/assignments/assignment_07/data/dog_reference/dog_reference.zip    778MB done
Validating package files [==================>-----------------------------]  40% 2/5
[1A[2K[1A[2K[1A[2KCollecting 1 genome record [================================================] 100% 1/1
Downloading: /sciclone/home/tdfelton/SUPERCOMPUTING/assignments/assignment_07/data/dog_reference/dog_reference.zip    778MB done
Validating package files [==================>-----------------------------]  40% 2/5
[1A[2K[1A[2K[1A[2KCollecting 1 genome record [================================================] 100% 1/1
Downloading: /sciclone/home/tdfelton/SUPERCOMPUTING/assignments/assignment_07/data/dog_reference/dog_reference.zip    778MB done
Validating package files [==================>-----------------------------]  40% 2/5
[1A[2K[1A[2K[1A[2KCollecting 1 genome record [================================================] 100% 1/1
Downloading: /sciclone/home/tdfelton/SUPERCOMPUTING/assignments/assignment_07/data/dog_reference/dog_reference.zip    778MB done
Validating package files [==================>-----------------------------]  40% 2/5
[1A[2K[1A[2K[1A[2KCollecting 1 genome record [================================================] 100% 1/1
Downloading: /sciclone/home/tdfelton/SUPERCOMPUTING/assignments/assignment_07/data/dog_reference/dog_reference.zip    778MB done
Validating package files [==================>-----------------------------]  40% 2/5
[1A[2K[1A[2K[1A[2KCollecting 1 genome record [================================================] 100% 1/1
Downloading: /sciclone/home/tdfelton/SUPERCOMPUTING/assignments/assignment_07/data/dog_reference/dog_reference.zip    778MB done
Validating package files [==================>-----------------------------]  40% 2/5
[1A[2K[1A[2K[1A[2KCollecting 1 genome record [================================================] 100% 1/1
Downloading: /sciclone/home/tdfelton/SUPERCOMPUTING/assignments/assignment_07/data/dog_reference/dog_reference.zip    778MB done
Validating package files [==================>-----------------------------]  40% 2/5
[1A[2K[1A[2K[1A[2KCollecting 1 genome record [================================================] 100% 1/1
Downloading: /sciclone/home/tdfelton/SUPERCOMPUTING/assignments/assignment_07/data/dog_reference/dog_reference.zip    778MB done
Validating package files [==================>-----------------------------]  40% 2/5
[1A[2K[1A[2K[1A[2KCollecting 1 genome record [================================================] 100% 1/1
Downloading: /sciclone/home/tdfelton/SUPERCOMPUTING/assignments/assignment_07/data/dog_reference/dog_reference.zip    778MB done
Validating package files [==================>-----------------------------]  40% 2/5
[1A[2K[1A[2K[1A[2KCollecting 1 genome record [================================================] 100% 1/1
Downloading: /sciclone/home/tdfelton/SUPERCOMPUTING/assignments/assignment_07/data/dog_reference/dog_reference.zip    778MB done
Validating package files [==================>-----------------------------]  40% 2/5
[1A[2K[1A[2K[1A[2KCollecting 1 genome record [================================================] 100% 1/1
Downloading: /sciclone/home/tdfelton/SUPERCOMPUTING/assignments/assignment_07/data/dog_reference/dog_reference.zip    778MB done
Validating package files [==================>-----------------------------]  40% 2/5
[1A[2K[1A[2K[1A[2KCollecting 1 genome record [================================================] 100% 1/1
Downloading: /sciclone/home/tdfelton/SUPERCOMPUTING/assignments/assignment_07/data/dog_reference/dog_reference.zip    778MB done
Validating package files [==================>-----------------------------]  40% 2/5
[1A[2K[1A[2K[1A[2KCollecting 1 genome record [================================================] 100% 1/1
Downloading: /sciclone/home/tdfelton/SUPERCOMPUTING/assignments/assignment_07/data/dog_reference/dog_reference.zip    778MB done
Validating package files [==================>-----------------------------]  40% 2/5
[1A[2K[1A[2K[1A[2KCollecting 1 genome record [================================================] 100% 1/1
Downloading: /sciclone/home/tdfelton/SUPERCOMPUTING/assignments/assignment_07/data/dog_reference/dog_reference.zip    778MB done
Validating package files [==================>-----------------------------]  40% 2/5
[1A[2K[1A[2K[1A[2KCollecting 1 genome record [================================================] 100% 1/1
Downloading: /sciclone/home/tdfelton/SUPERCOMPUTING/assignments/assignment_07/data/dog_reference/dog_reference.zip    778MB done
Validating package files [==================>-----------------------------]  40% 2/5
[1A[2K[1A[2K[1A[2KCollecting 1 genome record [================================================] 100% 1/1
Downloading: /sciclone/home/tdfelton/SUPERCOMPUTING/assignments/assignment_07/data/dog_reference/dog_reference.zip    778MB done
Validating package files [==================>-----------------------------]  40% 2/5
[1A[2K[1A[2K[1A[2KCollecting 1 genome record [================================================] 100% 1/1
Downloading: /sciclone/home/tdfelton/SUPERCOMPUTING/assignments/assignment_07/data/dog_reference/dog_reference.zip    778MB done
Validating package files [==================>-----------------------------]  40% 2/5
[1A[2K[1A[2K[1A[2KCollecting 1 genome record [================================================] 100% 1/1
Downloading: /sciclone/home/tdfelton/SUPERCOMPUTING/assignments/assignment_07/data/dog_reference/dog_reference.zip    778MB done
Validating package files [==================>-----------------------------]  40% 2/5
[1A[2K[1A[2K[1A[2KCollecting 1 genome record [================================================] 100% 1/1
Downloading: /sciclone/home/tdfelton/SUPERCOMPUTING/assignments/assignment_07/data/dog_reference/dog_reference.zip    778MB done
Validating package files [==================>-----------------------------]  40% 2/5
[1A[2K[1A[2K[1A[2KCollecting 1 genome record [================================================] 100% 1/1
Downloading: /sciclone/home/tdfelton/SUPERCOMPUTING/assignments/assignment_07/data/dog_reference/dog_reference.zip    778MB done
Validating package files [==================>-----------------------------]  40% 2/5
[1A[2K[1A[2K[1A[2KCollecting 1 genome record [================================================] 100% 1/1
Downloading: /sciclone/home/tdfelton/SUPERCOMPUTING/assignments/assignment_07/data/dog_reference/dog_reference.zip    778MB done
Validating package files [==================>-----------------------------]  40% 2/5
[1A[2K[1A[2K[1A[2KCollecting 1 genome record [================================================] 100% 1/1
Downloading: /sciclone/home/tdfelton/SUPERCOMPUTING/assignments/assignment_07/data/dog_reference/dog_reference.zip    778MB done
Validating package files [==================>-----------------------------]  40% 2/5
[1A[2K[1A[2K[1A[2KCollecting 1 genome record [================================================] 100% 1/1
Downloading: /sciclone/home/tdfelton/SUPERCOMPUTING/assignments/assignment_07/data/dog_reference/dog_reference.zip    778MB done
Validating package files [==================>-----------------------------]  40% 2/5
[1A[2K[1A[2K[1A[2KCollecting 1 genome record [================================================] 100% 1/1
Downloading: /sciclone/home/tdfelton/SUPERCOMPUTING/assignments/assignment_07/data/dog_reference/dog_reference.zip    778MB done
Validating package files [==================>-----------------------------]  40% 2/5
[1A[2K[1A[2K[1A[2KCollecting 1 genome record [================================================] 100% 1/1
Downloading: /sciclone/home/tdfelton/SUPERCOMPUTING/assignments/assignment_07/data/dog_reference/dog_reference.zip    778MB done
Validating package files [==================>-----------------------------]  40% 2/5
[1A[2K[1A[2K[1A[2KCollecting 1 genome record [================================================] 100% 1/1
Downloading: /sciclone/home/tdfelton/SUPERCOMPUTING/assignments/assignment_07/data/dog_reference/dog_reference.zip    778MB done
Validating package files [==================>-----------------------------]  40% 2/5
[1A[2K[1A[2K[1A[2KCollecting 1 genome record [================================================] 100% 1/1
Downloading: /sciclone/home/tdfelton/SUPERCOMPUTING/assignments/assignment_07/data/dog_reference/dog_reference.zip    778MB done
Validating package files [==================>-----------------------------]  40% 2/5
[1A[2K[1A[2K[1A[2KCollecting 1 genome record [================================================] 100% 1/1
Downloading: /sciclone/home/tdfelton/SUPERCOMPUTING/assignments/assignment_07/data/dog_reference/dog_reference.zip    778MB done
Validating package files [==================>-----------------------------]  40% 2/5
[1A[2K[1A[2K[1A[2KCollecting 1 genome record [================================================] 100% 1/1
Downloading: /sciclone/home/tdfelton/SUPERCOMPUTING/assignments/assignment_07/data/dog_reference/dog_reference.zip    778MB done
Validating package files [==================>-----------------------------]  40% 2/5
[1A[2K[1A[2K[1A[2KCollecting 1 genome record [================================================] 100% 1/1
Downloading: /sciclone/home/tdfelton/SUPERCOMPUTING/assignments/assignment_07/data/dog_reference/dog_reference.zip    778MB done
Validating package files [==================>-----------------------------]  40% 2/5
[1A[2K[1A[2K[1A[2KCollecting 1 genome record [================================================] 100% 1/1
Downloading: /sciclone/home/tdfelton/SUPERCOMPUTING/assignments/assignment_07/data/dog_reference/dog_reference.zip    778MB done
Validating package files [==================>-----------------------------]  40% 2/5
[1A[2K[1A[2K[1A[2KCollecting 1 genome record [================================================] 100% 1/1
Downloading: /sciclone/home/tdfelton/SUPERCOMPUTING/assignments/assignment_07/data/dog_reference/dog_reference.zip    778MB done
Validating package files [==================>-----------------------------]  40% 2/5
[1A[2K[1A[2K[1A[2KCollecting 1 genome record [================================================] 100% 1/1
Downloading: /sciclone/home/tdfelton/SUPERCOMPUTING/assignments/assignment_07/data/dog_reference/dog_reference.zip    778MB done
Validating package files [==================>-----------------------------]  40% 2/5
[1A[2K[1A[2K[1A[2KCollecting 1 genome record [================================================] 100% 1/1
Downloading: /sciclone/home/tdfelton/SUPERCOMPUTING/assignments/assignment_07/data/dog_reference/dog_reference.zip    778MB done
Validating package files [==================>-----------------------------]  40% 2/5
[1A[2K[1A[2K[1A[2KCollecting 1 genome record [================================================] 100% 1/1
Downloading: /sciclone/home/tdfelton/SUPERCOMPUTING/assignments/assignment_07/data/dog_reference/dog_reference.zip    778MB done
Validating package files [==================>-----------------------------]  40% 2/5
[1A[2K[1A[2K[1A[2KCollecting 1 genome record [================================================] 100% 1/1
Downloading: /sciclone/home/tdfelton/SUPERCOMPUTING/assignments/assignment_07/data/dog_reference/dog_reference.zip    778MB done
Validating package files [==================>-----------------------------]  40% 2/5
[1A[2K[1A[2K[1A[2KCollecting 1 genome record [================================================] 100% 1/1
Downloading: /sciclone/home/tdfelton/SUPERCOMPUTING/assignments/assignment_07/data/dog_reference/dog_reference.zip    778MB done
Validating package files [==================>-----------------------------]  40% 2/5
[1A[2K[1A[2K[1A[2KCollecting 1 genome record [================================================] 100% 1/1
Downloading: /sciclone/home/tdfelton/SUPERCOMPUTING/assignments/assignment_07/data/dog_reference/dog_reference.zip    778MB done
Validating package files [==================>-----------------------------]  40% 2/5
[1A[2K[1A[2K[1A[2KCollecting 1 genome record [================================================] 100% 1/1
Downloading: /sciclone/home/tdfelton/SUPERCOMPUTING/assignments/assignment_07/data/dog_reference/dog_reference.zip    778MB done
Validating package files [==================>-----------------------------]  40% 2/5
[1A[2K[1A[2K[1A[2KCollecting 1 genome record [================================================] 100% 1/1
Downloading: /sciclone/home/tdfelton/SUPERCOMPUTING/assignments/assignment_07/data/dog_reference/dog_reference.zip    778MB done
Validating package files [==================>-----------------------------]  40% 2/5
[1A[2K[1A[2K[1A[2KCollecting 1 genome record [================================================] 100% 1/1
Downloading: /sciclone/home/tdfelton/SUPERCOMPUTING/assignments/assignment_07/data/dog_reference/dog_reference.zip    778MB done
Validating package files [==================>-----------------------------]  40% 2/5
[1A[2K[1A[2K[1A[2KCollecting 1 genome record [================================================] 100% 1/1
Downloading: /sciclone/home/tdfelton/SUPERCOMPUTING/assignments/assignment_07/data/dog_reference/dog_reference.zip    778MB done
Validating package files [==================>-----------------------------]  40% 2/5
[1A[2K[1A[2K[1A[2KCollecting 1 genome record [================================================] 100% 1/1
Downloading: /sciclone/home/tdfelton/SUPERCOMPUTING/assignments/assignment_07/data/dog_reference/dog_reference.zip    778MB done
Validating package files [==================>-----------------------------]  40% 2/5
[1A[2K[1A[2K[1A[2KCollecting 1 genome record [================================================] 100% 1/1
Downloading: /sciclone/home/tdfelton/SUPERCOMPUTING/assignments/assignment_07/data/dog_reference/dog_reference.zip    778MB done
Validating package files [==================>-----------------------------]  40% 2/5
[1A[2K[1A[2K[1A[2KCollecting 1 genome record [================================================] 100% 1/1
Downloading: /sciclone/home/tdfelton/SUPERCOMPUTING/assignments/assignment_07/data/dog_reference/dog_reference.zip    778MB done
Validating package files [==================>-----------------------------]  40% 2/5
[1A[2K[1A[2K[1A[2KCollecting 1 genome record [================================================] 100% 1/1
Downloading: /sciclone/home/tdfelton/SUPERCOMPUTING/assignments/assignment_07/data/dog_reference/dog_reference.zip    778MB done
Validating package files [==================>-----------------------------]  40% 2/5
[1A[2K[1A[2K[1A[2KCollecting 1 genome record [================================================] 100% 1/1
Downloading: /sciclone/home/tdfelton/SUPERCOMPUTING/assignments/assignment_07/data/dog_reference/dog_reference.zip    778MB done
Validating package files [==================>-----------------------------]  40% 2/5
[1A[2K[1A[2K[1A[2KCollecting 1 genome record [================================================] 100% 1/1
Downloading: /sciclone/home/tdfelton/SUPERCOMPUTING/assignments/assignment_07/data/dog_reference/dog_reference.zip    778MB done
Validating package files [==================>-----------------------------]  40% 2/5
[1A[2K[1A[2K[1A[2KCollecting 1 genome record [================================================] 100% 1/1
Downloading: /sciclone/home/tdfelton/SUPERCOMPUTING/assignments/assignment_07/data/dog_reference/dog_reference.zip    778MB done
Validating package files [==================>-----------------------------]  40% 2/5
[1A[2K[1A[2K[1A[2KCollecting 1 genome record [================================================] 100% 1/1
Downloading: /sciclone/home/tdfelton/SUPERCOMPUTING/assignments/assignment_07/data/dog_reference/dog_reference.zip    778MB done
Validating package files [==================>-----------------------------]  40% 2/5
[1A[2K[1A[2K[1A[2KCollecting 1 genome record [================================================] 100% 1/1
Downloading: /sciclone/home/tdfelton/SUPERCOMPUTING/assignments/assignment_07/data/dog_reference/dog_reference.zip    778MB done
Validating package files [==================>-----------------------------]  40% 2/5
[1A[2K[1A[2K[1A[2KCollecting 1 genome record [================================================] 100% 1/1
Downloading: /sciclone/home/tdfelton/SUPERCOMPUTING/assignments/assignment_07/data/dog_reference/dog_reference.zip    778MB done
Validating package files [==================>-----------------------------]  40% 2/5
[1A[2K[1A[2K[1A[2KCollecting 1 genome record [================================================] 100% 1/1
Downloading: /sciclone/home/tdfelton/SUPERCOMPUTING/assignments/assignment_07/data/dog_reference/dog_reference.zip    778MB done
Validating package files [==================>-----------------------------]  40% 2/5
[1A[2K[1A[2K[1A[2KCollecting 1 genome record [================================================] 100% 1/1
Downloading: /sciclone/home/tdfelton/SUPERCOMPUTING/assignments/assignment_07/data/dog_reference/dog_reference.zip    778MB done
Validating package files [==================>-----------------------------]  40% 2/5
[1A[2K[1A[2K[1A[2KCollecting 1 genome record [================================================] 100% 1/1
Downloading: /sciclone/home/tdfelton/SUPERCOMPUTING/assignments/assignment_07/data/dog_reference/dog_reference.zip    778MB done
Validating package files [==================>-----------------------------]  40% 2/5
[1A[2K[1A[2K[1A[2KCollecting 1 genome record [================================================] 100% 1/1
Downloading: /sciclone/home/tdfelton/SUPERCOMPUTING/assignments/assignment_07/data/dog_reference/dog_reference.zip    778MB done
Validating package files [==================>-----------------------------]  40% 2/5
[1A[2K[1A[2K[1A[2KCollecting 1 genome record [================================================] 100% 1/1
Downloading: /sciclone/home/tdfelton/SUPERCOMPUTING/assignments/assignment_07/data/dog_reference/dog_reference.zip    778MB done
Validating package files [==================>-----------------------------]  40% 2/5
[1A[2K[1A[2K[1A[2KCollecting 1 genome record [================================================] 100% 1/1
Downloading: /sciclone/home/tdfelton/SUPERCOMPUTING/assignments/assignment_07/data/dog_reference/dog_reference.zip    778MB done
Validating package files [==================>-----------------------------]  40% 2/5
[1A[2K[1A[2K[1A[2KCollecting 1 genome record [================================================] 100% 1/1
Downloading: /sciclone/home/tdfelton/SUPERCOMPUTING/assignments/assignment_07/data/dog_reference/dog_reference.zip    778MB done
Validating package files [==================>-----------------------------]  40% 2/5
[1A[2K[1A[2K[1A[2KCollecting 1 genome record [================================================] 100% 1/1
Downloading: /sciclone/home/tdfelton/SUPERCOMPUTING/assignments/assignment_07/data/dog_reference/dog_reference.zip    778MB done
Validating package files [==================>-----------------------------]  40% 2/5
[1A[2K[1A[2K[1A[2KCollecting 1 genome record [================================================] 100% 1/1
Downloading: /sciclone/home/tdfelton/SUPERCOMPUTING/assignments/assignment_07/data/dog_reference/dog_reference.zip    778MB done
Validating package files [==================>-----------------------------]  40% 2/5
[1A[2K[1A[2K[1A[2KCollecting 1 genome record [================================================] 100% 1/1
Downloading: /sciclone/home/tdfelton/SUPERCOMPUTING/assignments/assignment_07/data/dog_reference/dog_reference.zip    778MB done
Validating package files [==================>-----------------------------]  40% 2/5
[1A[2K[1A[2K[1A[2KCollecting 1 genome record [================================================] 100% 1/1
Downloading: /sciclone/home/tdfelton/SUPERCOMPUTING/assignments/assignment_07/data/dog_reference/dog_reference.zip    778MB done
Validating package files [==================>-----------------------------]  40% 2/5
[1A[2K[1A[2K[1A[2KCollecting 1 genome record [================================================] 100% 1/1
Downloading: /sciclone/home/tdfelton/SUPERCOMPUTING/assignments/assignment_07/data/dog_reference/dog_reference.zip    778MB done
Validating package files [==================>-----------------------------]  40% 2/5
[1A[2K[1A[2K[1A[2KCollecting 1 genome record [================================================] 100% 1/1
Downloading: /sciclone/home/tdfelton/SUPERCOMPUTING/assignments/assignment_07/data/dog_reference/dog_reference.zip    778MB done
Validating package files [==================>-----------------------------]  40% 2/5
[1A[2K[1A[2K[1A[2KCollecting 1 genome record [================================================] 100% 1/1
Downloading: /sciclone/home/tdfelton/SUPERCOMPUTING/assignments/assignment_07/data/dog_reference/dog_reference.zip    778MB done
Validating package files [==================>-----------------------------]  40% 2/5
[1A[2K[1A[2K[1A[2KCollecting 1 genome record [================================================] 100% 1/1
Downloading: /sciclone/home/tdfelton/SUPERCOMPUTING/assignments/assignment_07/data/dog_reference/dog_reference.zip    778MB done
Validating package files [==================>-----------------------------]  40% 2/5
[1A[2K[1A[2K[1A[2KCollecting 1 genome record [================================================] 100% 1/1
Downloading: /sciclone/home/tdfelton/SUPERCOMPUTING/assignments/assignment_07/data/dog_reference/dog_reference.zip    778MB done
Validating package files [==================>-----------------------------]  40% 2/5
[1A[2K[1A[2K[1A[2KCollecting 1 genome record [================================================] 100% 1/1
Downloading: /sciclone/home/tdfelton/SUPERCOMPUTING/assignments/assignment_07/data/dog_reference/dog_reference.zip    778MB done
Validating package files [==================>-----------------------------]  40% 2/5
[1A[2K[1A[2K[1A[2KCollecting 1 genome record [================================================] 100% 1/1
Downloading: /sciclone/home/tdfelton/SUPERCOMPUTING/assignments/assignment_07/data/dog_reference/dog_reference.zip    778MB done
Validating package files [==================>-----------------------------]  40% 2/5
[1A[2K[1A[2K[1A[2KCollecting 1 genome record [================================================] 100% 1/1
Downloading: /sciclone/home/tdfelton/SUPERCOMPUTING/assignments/assignment_07/data/dog_reference/dog_reference.zip    778MB done
Validating package files [==================>-----------------------------]  40% 2/5
[1A[2K[1A[2K[1A[2KCollecting 1 genome record [================================================] 100% 1/1
Downloading: /sciclone/home/tdfelton/SUPERCOMPUTING/assignments/assignment_07/data/dog_reference/dog_reference.zip    778MB done
Validating package files [==================>-----------------------------]  40% 2/5
[1A[2K[1A[2K[1A[2KCollecting 1 genome record [================================================] 100% 1/1
Downloading: /sciclone/home/tdfelton/SUPERCOMPUTING/assignments/assignment_07/data/dog_reference/dog_reference.zip    778MB done
Validating package files [==================>-----------------------------]  40% 2/5
[1A[2K[1A[2K[1A[2KCollecting 1 genome record [================================================] 100% 1/1
Downloading: /sciclone/home/tdfelton/SUPERCOMPUTING/assignments/assignment_07/data/dog_reference/dog_reference.zip    778MB done
Validating package files [==================>-----------------------------]  40% 2/5
[1A[2K[1A[2K[1A[2KCollecting 1 genome record [================================================] 100% 1/1
Downloading: /sciclone/home/tdfelton/SUPERCOMPUTING/assignments/assignment_07/data/dog_reference/dog_reference.zip    778MB done
Validating package files [==================>-----------------------------]  40% 2/5
[1A[2K[1A[2K[1A[2KCollecting 1 genome record [================================================] 100% 1/1
Downloading: /sciclone/home/tdfelton/SUPERCOMPUTING/assignments/assignment_07/data/dog_reference/dog_reference.zip    778MB done
Validating package files [==================>-----------------------------]  40% 2/5
[1A[2K[1A[2K[1A[2KCollecting 1 genome record [================================================] 100% 1/1
Downloading: /sciclone/home/tdfelton/SUPERCOMPUTING/assignments/assignment_07/data/dog_reference/dog_reference.zip    778MB done
Validating package files [==================>-----------------------------]  40% 2/5
[1A[2K[1A[2K[1A[2KCollecting 1 genome record [================================================] 100% 1/1
Downloading: /sciclone/home/tdfelton/SUPERCOMPUTING/assignments/assignment_07/data/dog_reference/dog_reference.zip    778MB done
Validating package files [==================>-----------------------------]  40% 2/5
[1A[2K[1A[2K[1A[2KCollecting 1 genome record [================================================] 100% 1/1
Downloading: /sciclone/home/tdfelton/SUPERCOMPUTING/assignments/assignment_07/data/dog_reference/dog_reference.zip    778MB done
Validating package files [==================>-----------------------------]  40% 2/5
[1A[2K[1A[2K[1A[2KCollecting 1 genome record [================================================] 100% 1/1
Downloading: /sciclone/home/tdfelton/SUPERCOMPUTING/assignments/assignment_07/data/dog_reference/dog_reference.zip    778MB done
Validating package files [==================>-----------------------------]  40% 2/5
[1A[2K[1A[2K[1A[2KCollecting 1 genome record [================================================] 100% 1/1
Downloading: /sciclone/home/tdfelton/SUPERCOMPUTING/assignments/assignment_07/data/dog_reference/dog_reference.zip    778MB done
Validating package files [==================>-----------------------------]  40% 2/5
[1A[2K[1A[2K[1A[2KCollecting 1 genome record [================================================] 100% 1/1
Downloading: /sciclone/home/tdfelton/SUPERCOMPUTING/assignments/assignment_07/data/dog_reference/dog_reference.zip    778MB done
Validating package files [==================>-----------------------------]  40% 2/5
[1A[2K[1A[2K[1A[2KCollecting 1 genome record [================================================] 100% 1/1
Downloading: /sciclone/home/tdfelton/SUPERCOMPUTING/assignments/assignment_07/data/dog_reference/dog_reference.zip    778MB done
Validating package files [==================>-----------------------------]  40% 2/5
[1A[2K[1A[2K[1A[2KCollecting 1 genome record [================================================] 100% 1/1
Downloading: /sciclone/home/tdfelton/SUPERCOMPUTING/assignments/assignment_07/data/dog_reference/dog_reference.zip    778MB done
Validating package files [==================>-----------------------------]  40% 2/5
[1A[2K[1A[2K[1A[2KCollecting 1 genome record [================================================] 100% 1/1
Downloading: /sciclone/home/tdfelton/SUPERCOMPUTING/assignments/assignment_07/data/dog_reference/dog_reference.zip    778MB done
Validating package files [==================>-----------------------------]  40% 2/5
[1A[2K[1A[2K[1A[2KCollecting 1 genome record [================================================] 100% 1/1
Downloading: /sciclone/home/tdfelton/SUPERCOMPUTING/assignments/assignment_07/data/dog_reference/dog_reference.zip    778MB done
Validating package files [==================>-----------------------------]  40% 2/5
[1A[2K[1A[2K[1A[2KCollecting 1 genome record [================================================] 100% 1/1
Downloading: /sciclone/home/tdfelton/SUPERCOMPUTING/assignments/assignment_07/data/dog_reference/dog_reference.zip    778MB done
Validating package files [==================>-----------------------------]  40% 2/5
[1A[2K[1A[2K[1A[2KCollecting 1 genome record [================================================] 100% 1/1
Downloading: /sciclone/home/tdfelton/SUPERCOMPUTING/assignments/assignment_07/data/dog_reference/dog_reference.zip    778MB done
Validating package files [==================>-----------------------------]  40% 2/5
[1A[2K[1A[2K[1A[2KCollecting 1 genome record [================================================] 100% 1/1
Downloading: /sciclone/home/tdfelton/SUPERCOMPUTING/assignments/assignment_07/data/dog_reference/dog_reference.zip    778MB done
Validating package files [==================>-----------------------------]  40% 2/5
[1A[2K[1A[2K[1A[2KCollecting 1 genome record [================================================] 100% 1/1
Downloading: /sciclone/home/tdfelton/SUPERCOMPUTING/assignments/assignment_07/data/dog_reference/dog_reference.zip    778MB done
Validating package files [==================>-----------------------------]  40% 2/5
[1A[2K[1A[2K[1A[2KCollecting 1 genome record [================================================] 100% 1/1
Downloading: /sciclone/home/tdfelton/SUPERCOMPUTING/assignments/assignment_07/data/dog_reference/dog_reference.zip    778MB done
Validating package files [==================>-----------------------------]  40% 2/5
[1A[2K[1A[2K[1A[2KCollecting 1 genome record [================================================] 100% 1/1
Downloading: /sciclone/home/tdfelton/SUPERCOMPUTING/assignments/assignment_07/data/dog_reference/dog_reference.zip    778MB done
Validating package files [==================>-----------------------------]  40% 2/5
[1A[2K[1A[2K[1A[2KCollecting 1 genome record [================================================] 100% 1/1
Downloading: /sciclone/home/tdfelton/SUPERCOMPUTING/assignments/assignment_07/data/dog_reference/dog_reference.zip    778MB done
Validating package files [==================>-----------------------------]  40% 2/5
[1A[2K[1A[2K[1A[2KCollecting 1 genome record [================================================] 100% 1/1
Downloading: /sciclone/home/tdfelton/SUPERCOMPUTING/assignments/assignment_07/data/dog_reference/dog_reference.zip    778MB done
Validating package files [==================>-----------------------------]  40% 2/5
[1A[2K[1A[2K[1A[2KCollecting 1 genome record [================================================] 100% 1/1
Downloading: /sciclone/home/tdfelton/SUPERCOMPUTING/assignments/assignment_07/data/dog_reference/dog_reference.zip    778MB done
Validating package files [==================>-----------------------------]  40% 2/5
[1A[2K[1A[2K[1A[2KCollecting 1 genome record [================================================] 100% 1/1
Downloading: /sciclone/home/tdfelton/SUPERCOMPUTING/assignments/assignment_07/data/dog_reference/dog_reference.zip    778MB done
Validating package files [==================>-----------------------------]  40% 2/5
[1A[2K[1A[2K[1A[2KCollecting 1 genome record [================================================] 100% 1/1
Downloading: /sciclone/home/tdfelton/SUPERCOMPUTING/assignments/assignment_07/data/dog_reference/dog_reference.zip    778MB done
Validating package files [==================>-----------------------------]  40% 2/5
[1A[2K[1A[2K[1A[2KCollecting 1 genome record [================================================] 100% 1/1
Downloading: /sciclone/home/tdfelton/SUPERCOMPUTING/assignments/assignment_07/data/dog_reference/dog_reference.zip    778MB done
Validating package files [==================>-----------------------------]  40% 2/5
[1A[2K[1A[2K[1A[2KCollecting 1 genome record [================================================] 100% 1/1
Downloading: /sciclone/home/tdfelton/SUPERCOMPUTING/assignments/assignment_07/data/dog_reference/dog_reference.zip    778MB done
Validating package files [==================>-----------------------------]  40% 2/5
[1A[2K[1A[2K[1A[2KCollecting 1 genome record [================================================] 100% 1/1
Downloading: /sciclone/home/tdfelton/SUPERCOMPUTING/assignments/assignment_07/data/dog_reference/dog_reference.zip    778MB done
Validating package files [==================>-----------------------------]  40% 2/5
[1A[2K[1A[2K[1A[2KCollecting 1 genome record [================================================] 100% 1/1
Downloading: /sciclone/home/tdfelton/SUPERCOMPUTING/assignments/assignment_07/data/dog_reference/dog_reference.zip    778MB done
Validating package files [==================>-----------------------------]  40% 2/5
[1A[2K[1A[2K[1A[2KCollecting 1 genome record [================================================] 100% 1/1
Downloading: /sciclone/home/tdfelton/SUPERCOMPUTING/assignments/assignment_07/data/dog_reference/dog_reference.zip    778MB done
Validating package files [==================>-----------------------------]  40% 2/5
[1A[2K[1A[2K[1A[2KCollecting 1 genome record [================================================] 100% 1/1
Downloading: /sciclone/home/tdfelton/SUPERCOMPUTING/assignments/assignment_07/data/dog_reference/dog_reference.zip    778MB done
Validating package files [==================>-----------------------------]  40% 2/5
[1A[2K[1A[2K[1A[2KCollecting 1 genome record [================================================] 100% 1/1
Downloading: /sciclone/home/tdfelton/SUPERCOMPUTING/assignments/assignment_07/data/dog_reference/dog_reference.zip    778MB done
Validating package files [==================>-----------------------------]  40% 2/5
[1A[2K[1A[2K[1A[2KCollecting 1 genome record [================================================] 100% 1/1
Downloading: /sciclone/home/tdfelton/SUPERCOMPUTING/assignments/assignment_07/data/dog_reference/dog_reference.zip    778MB done
Validating package files [==================>-----------------------------]  40% 2/5
[1A[2K[1A[2K[1A[2KCollecting 1 genome record [================================================] 100% 1/1
Downloading: /sciclone/home/tdfelton/SUPERCOMPUTING/assignments/assignment_07/data/dog_reference/dog_reference.zip    778MB done
Validating package files [==================>-----------------------------]  40% 2/5
[1A[2K[1A[2K[1A[2KCollecting 1 genome record [================================================] 100% 1/1
Downloading: /sciclone/home/tdfelton/SUPERCOMPUTING/assignments/assignment_07/data/dog_reference/dog_reference.zip    778MB done
Validating package files [==================>-----------------------------]  40% 2/5
[1A[2K[1A[2K[1A[2KCollecting 1 genome record [================================================] 100% 1/1
Downloading: /sciclone/home/tdfelton/SUPERCOMPUTING/assignments/assignment_07/data/dog_reference/dog_reference.zip    778MB done
Validating package files [==================>-----------------------------]  40% 2/5
[1A[2K[1A[2K[1A[2KCollecting 1 genome record [================================================] 100% 1/1
Downloading: /sciclone/home/tdfelton/SUPERCOMPUTING/assignments/assignment_07/data/dog_reference/dog_reference.zip    778MB done
Validating package files [==================>-----------------------------]  40% 2/5
[1A[2K[1A[2K[1A[2KCollecting 1 genome record [================================================] 100% 1/1
Downloading: /sciclone/home/tdfelton/SUPERCOMPUTING/assignments/assignment_07/data/dog_reference/dog_reference.zip    778MB done
Validating package files [==================>-----------------------------]  40% 2/5
[1A[2K[1A[2K[1A[2KCollecting 1 genome record [================================================] 100% 1/1
Downloading: /sciclone/home/tdfelton/SUPERCOMPUTING/assignments/assignment_07/data/dog_reference/dog_reference.zip    778MB done
Validating package files [==================>-----------------------------]  40% 2/5
[1A[2K[1A[2K[1A[2KCollecting 1 genome record [================================================] 100% 1/1
Downloading: /sciclone/home/tdfelton/SUPERCOMPUTING/assignments/assignment_07/data/dog_reference/dog_reference.zip    778MB done
Validating package files [==================>-----------------------------]  40% 2/5
[1A[2K[1A[2K[1A[2KCollecting 1 genome record [================================================] 100% 1/1
Downloading: /sciclone/home/tdfelton/SUPERCOMPUTING/assignments/assignment_07/data/dog_reference/dog_reference.zip    778MB done
Validating package files [==================>-----------------------------]  40% 2/5
[1A[2K[1A[2K[1A[2KCollecting 1 genome record [================================================] 100% 1/1
Downloading: /sciclone/home/tdfelton/SUPERCOMPUTING/assignments/assignment_07/data/dog_reference/dog_reference.zip    778MB done
Validating package files [==================>-----------------------------]  40% 2/5
[1A[2K[1A[2K[1A[2KCollecting 1 genome record [================================================] 100% 1/1
Downloading: /sciclone/home/tdfelton/SUPERCOMPUTING/assignments/assignment_07/data/dog_reference/dog_reference.zip    778MB done
Validating package files [==================>-----------------------------]  40% 2/5
[1A[2K[1A[2K[1A[2KCollecting 1 genome record [================================================] 100% 1/1
Downloading: /sciclone/home/tdfelton/SUPERCOMPUTING/assignments/assignment_07/data/dog_reference/dog_reference.zip    778MB done
Validating package files [==================>-----------------------------]  40% 2/5
[1A[2K[1A[2K[1A[2KCollecting 1 genome record [================================================] 100% 1/1
Downloading: /sciclone/home/tdfelton/SUPERCOMPUTING/assignments/assignment_07/data/dog_reference/dog_reference.zip    778MB done
Validating package files [==================>-----------------------------]  40% 2/5
[1A[2K[1A[2K[1A[2KCollecting 1 genome record [================================================] 100% 1/1
Downloading: /sciclone/home/tdfelton/SUPERCOMPUTING/assignments/assignment_07/data/dog_reference/dog_reference.zip    778MB done
Validating package files [==================>-----------------------------]  40% 2/5
[1A[2K[1A[2K[1A[2KCollecting 1 genome record [================================================] 100% 1/1
Downloading: /sciclone/home/tdfelton/SUPERCOMPUTING/assignments/assignment_07/data/dog_reference/dog_reference.zip    778MB done
Validating package files [==================>-----------------------------]  40% 2/5
[1A[2K[1A[2K[1A[2KCollecting 1 genome record [================================================] 100% 1/1
Downloading: /sciclone/home/tdfelton/SUPERCOMPUTING/assignments/assignment_07/data/dog_reference/dog_reference.zip    778MB done
Validating package files [==================>-----------------------------]  40% 2/5
[1A[2K[1A[2K[1A[2KCollecting 1 genome record [================================================] 100% 1/1
Downloading: /sciclone/home/tdfelton/SUPERCOMPUTING/assignments/assignment_07/data/dog_reference/dog_reference.zip    778MB done
Validating package files [==================>-----------------------------]  40% 2/5
[1A[2K[1A[2K[1A[2KCollecting 1 genome record [================================================] 100% 1/1
Downloading: /sciclone/home/tdfelton/SUPERCOMPUTING/assignments/assignment_07/data/dog_reference/dog_reference.zip    778MB done
Validating package files [==================>-----------------------------]  40% 2/5
[1A[2K[1A[2K[1A[2KCollecting 1 genome record [================================================] 100% 1/1
Downloading: /sciclone/home/tdfelton/SUPERCOMPUTING/assignments/assignment_07/data/dog_reference/dog_reference.zip    778MB done
Validating package files [==================>-----------------------------]  40% 2/5
[1A[2K[1A[2K[1A[2KCollecting 1 genome record [================================================] 100% 1/1
Downloading: /sciclone/home/tdfelton/SUPERCOMPUTING/assignments/assignment_07/data/dog_reference/dog_reference.zip    778MB done
Validating package files [==================>-----------------------------]  40% 2/5
[1A[2K[1A[2K[1A[2KCollecting 1 genome record [================================================] 100% 1/1
Downloading: /sciclone/home/tdfelton/SUPERCOMPUTING/assignments/assignment_07/data/dog_reference/dog_reference.zip    778MB done
Validating package files [==================>-----------------------------]  40% 2/5
[1A[2K[1A[2K[1A[2KCollecting 1 genome record [================================================] 100% 1/1
Downloading: /sciclone/home/tdfelton/SUPERCOMPUTING/assignments/assignment_07/data/dog_reference/dog_reference.zip    778MB done
Validating package files [==================>-----------------------------]  40% 2/5
[1A[2K[1A[2K[1A[2KCollecting 1 genome record [================================================] 100% 1/1
Downloading: /sciclone/home/tdfelton/SUPERCOMPUTING/assignments/assignment_07/data/dog_reference/dog_reference.zip    778MB done
Validating package files [==================>-----------------------------]  40% 2/5
[1A[2K[1A[2K[1A[2KCollecting 1 genome record [================================================] 100% 1/1
Downloading: /sciclone/home/tdfelton/SUPERCOMPUTING/assignments/assignment_07/data/dog_reference/dog_reference.zip    778MB done
Validating package files [==================>-----------------------------]  40% 2/5
[1A[2K[1A[2K[1A[2KCollecting 1 genome record [================================================] 100% 1/1
Downloading: /sciclone/home/tdfelton/SUPERCOMPUTING/assignments/assignment_07/data/dog_reference/dog_reference.zip    778MB done
Validating package files [==================>-----------------------------]  40% 2/5
[1A[2K[1A[2K[1A[2KCollecting 1 genome record [================================================] 100% 1/1
Downloading: /sciclone/home/tdfelton/SUPERCOMPUTING/assignments/assignment_07/data/dog_reference/dog_reference.zip    778MB done
Validating package files [==================>-----------------------------]  40% 2/5
[1A[2K[1A[2K[1A[2KCollecting 1 genome record [================================================] 100% 1/1
Downloading: /sciclone/home/tdfelton/SUPERCOMPUTING/assignments/assignment_07/data/dog_reference/dog_reference.zip    778MB done
Validating package files [==================>-----------------------------]  40% 2/5
[1A[2K[1A[2K[1A[2KCollecting 1 genome record [================================================] 100% 1/1
Downloading: /sciclone/home/tdfelton/SUPERCOMPUTING/assignments/assignment_07/data/dog_reference/dog_reference.zip    778MB done
Validating package files [==================>-----------------------------]  40% 2/5
[1A[2K[1A[2K[1A[2KCollecting 1 genome record [================================================] 100% 1/1
Downloading: /sciclone/home/tdfelton/SUPERCOMPUTING/assignments/assignment_07/data/dog_reference/dog_reference.zip    778MB done
Validating package files [==================>-----------------------------]  40% 2/5
[1A[2K[1A[2K[1A[2KCollecting 1 genome record [================================================] 100% 1/1
Downloading: /sciclone/home/tdfelton/SUPERCOMPUTING/assignments/assignment_07/data/dog_reference/dog_reference.zip    778MB done
Validating package files [==================>-----------------------------]  40% 2/5
[1A[2K[1A[2K[1A[2KCollecting 1 genome record [================================================] 100% 1/1
Downloading: /sciclone/home/tdfelton/SUPERCOMPUTING/assignments/assignment_07/data/dog_reference/dog_reference.zip    778MB done
Validating package files [==================>-----------------------------]  40% 2/5
[1A[2K[1A[2K[1A[2KCollecting 1 genome record [================================================] 100% 1/1
Downloading: /sciclone/home/tdfelton/SUPERCOMPUTING/assignments/assignment_07/data/dog_reference/dog_reference.zip    778MB done
Validating package files [==================>-----------------------------]  40% 2/5
[1A[2K[1A[2K[1A[2KCollecting 1 genome record [================================================] 100% 1/1
Downloading: /sciclone/home/tdfelton/SUPERCOMPUTING/assignments/assignment_07/data/dog_reference/dog_reference.zip    778MB done
Validating package files [==================>-----------------------------]  40% 2/5
[1A[2K[1A[2K[1A[2KCollecting 1 genome record [================================================] 100% 1/1
Downloading: /sciclone/home/tdfelton/SUPERCOMPUTING/assignments/assignment_07/data/dog_reference/dog_reference.zip    778MB done
Validating package files [==================>-----------------------------]  40% 2/5
[1A[2K[1A[2K[1A[2KCollecting 1 genome record [================================================] 100% 1/1
Downloading: /sciclone/home/tdfelton/SUPERCOMPUTING/assignments/assignment_07/data/dog_reference/dog_reference.zip    778MB done
Validating package files [==================>-----------------------------]  40% 2/5
[1A[2K[1A[2K[1A[2KCollecting 1 genome record [================================================] 100% 1/1
Downloading: /sciclone/home/tdfelton/SUPERCOMPUTING/assignments/assignment_07/data/dog_reference/dog_reference.zip    778MB done
Validating package files [==================>-----------------------------]  40% 2/5
[1A[2K[1A[2K[1A[2KCollecting 1 genome record [================================================] 100% 1/1
Downloading: /sciclone/home/tdfelton/SUPERCOMPUTING/assignments/assignment_07/data/dog_reference/dog_reference.zip    778MB done
Validating package files [==================>-----------------------------]  40% 2/5
[1A[2K[1A[2K[1A[2KCollecting 1 genome record [================================================] 100% 1/1
Downloading: /sciclone/home/tdfelton/SUPERCOMPUTING/assignments/assignment_07/data/dog_reference/dog_reference.zip    778MB done
Validating package files [==================>-----------------------------]  40% 2/5
[1A[2K[1A[2K[1A[2KCollecting 1 genome record [================================================] 100% 1/1
Downloading: /sciclone/home/tdfelton/SUPERCOMPUTING/assignments/assignment_07/data/dog_reference/dog_reference.zip    778MB done
Validating package files [==================>-----------------------------]  40% 2/5
[1A[2K[1A[2K[1A[2KCollecting 1 genome record [================================================] 100% 1/1
Downloading: /sciclone/home/tdfelton/SUPERCOMPUTING/assignments/assignment_07/data/dog_reference/dog_reference.zip    778MB done
Validating package files [==================>-----------------------------]  40% 2/5
[1A[2K[1A[2K[1A[2KCollecting 1 genome record [================================================] 100% 1/1
Downloading: /sciclone/home/tdfelton/SUPERCOMPUTING/assignments/assignment_07/data/dog_reference/dog_reference.zip    778MB done
Validating package files [==================>-----------------------------]  40% 2/5
[1A[2K[1A[2K[1A[2KCollecting 1 genome record [================================================] 100% 1/1
Downloading: /sciclone/home/tdfelton/SUPERCOMPUTING/assignments/assignment_07/data/dog_reference/dog_reference.zip    778MB done
Validating package files [==================>-----------------------------]  40% 2/5
[1A[2K[1A[2K[1A[2KCollecting 1 genome record [================================================] 100% 1/1
Downloading: /sciclone/home/tdfelton/SUPERCOMPUTING/assignments/assignment_07/data/dog_reference/dog_reference.zip    778MB done
Validating package files [==================>-----------------------------]  40% 2/5
[1A[2K[1A[2K[1A[2KCollecting 1 genome record [================================================] 100% 1/1
Downloading: /sciclone/home/tdfelton/SUPERCOMPUTING/assignments/assignment_07/data/dog_reference/dog_reference.zip    778MB done
Validating package files [==================>-----------------------------]  40% 2/5
[1A[2K[1A[2K[1A[2KCollecting 1 genome record [================================================] 100% 1/1
Downloading: /sciclone/home/tdfelton/SUPERCOMPUTING/assignments/assignment_07/data/dog_reference/dog_reference.zip    778MB done
Validating package files [==================>-----------------------------]  40% 2/5
[1A[2K[1A[2K[1A[2KCollecting 1 genome record [================================================] 100% 1/1
Downloading: /sciclone/home/tdfelton/SUPERCOMPUTING/assignments/assignment_07/data/dog_reference/dog_reference.zip    778MB done
Validating package files [==================>-----------------------------]  40% 2/5
[1A[2K[1A[2K[1A[2KCollecting 1 genome record [================================================] 100% 1/1
Downloading: /sciclone/home/tdfelton/SUPERCOMPUTING/assignments/assignment_07/data/dog_reference/dog_reference.zip    778MB done
Validating package files [==================>-----------------------------]  40% 2/5
[1A[2K[1A[2K[1A[2KCollecting 1 genome record [================================================] 100% 1/1
Downloading: /sciclone/home/tdfelton/SUPERCOMPUTING/assignments/assignment_07/data/dog_reference/dog_reference.zip    778MB done
Validating package files [==================>-----------------------------]  40% 2/5
[1A[2K[1A[2K[1A[2KCollecting 1 genome record [================================================] 100% 1/1
Downloading: /sciclone/home/tdfelton/SUPERCOMPUTING/assignments/assignment_07/data/dog_reference/dog_reference.zip    778MB done
Validating package files [==================>-----------------------------]  40% 2/5
[1A[2K[1A[2K[1A[2KCollecting 1 genome record [================================================] 100% 1/1
Downloading: /sciclone/home/tdfelton/SUPERCOMPUTING/assignments/assignment_07/data/dog_reference/dog_reference.zip    778MB done
Validating package files [==================>-----------------------------]  40% 2/5
[1A[2K[1A[2K[1A[2KCollecting 1 genome record [================================================] 100% 1/1
Downloading: /sciclone/home/tdfelton/SUPERCOMPUTING/assignments/assignment_07/data/dog_reference/dog_reference.zip    778MB done
Validating package files [==================>-----------------------------]  40% 2/5
[1A[2K[1A[2K[1A[2KCollecting 1 genome record [================================================] 100% 1/1
Downloading: /sciclone/home/tdfelton/SUPERCOMPUTING/assignments/assignment_07/data/dog_reference/dog_reference.zip    778MB done
Validating package files [==================>-----------------------------]  40% 2/5
[1A[2K[1A[2K[1A[2KCollecting 1 genome record [================================================] 100% 1/1
Downloading: /sciclone/home/tdfelton/SUPERCOMPUTING/assignments/assignment_07/data/dog_reference/dog_reference.zip    778MB done
Validating package files [==================>-----------------------------]  40% 2/5
[1A[2K[1A[2K[1A[2KCollecting 1 genome record [================================================] 100% 1/1
Downloading: /sciclone/home/tdfelton/SUPERCOMPUTING/assignments/assignment_07/data/dog_reference/dog_reference.zip    778MB done
Validating package files [==================>-----------------------------]  40% 2/5
[1A[2K[1A[2K[1A[2KCollecting 1 genome record [================================================] 100% 1/1
Downloading: /sciclone/home/tdfelton/SUPERCOMPUTING/assignments/assignment_07/data/dog_reference/dog_reference.zip    778MB done
Validating package files [==================>-----------------------------]  40% 2/5
[1A[2K[1A[2K[1A[2KCollecting 1 genome record [================================================] 100% 1/1
Downloading: /sciclone/home/tdfelton/SUPERCOMPUTING/assignments/assignment_07/data/dog_reference/dog_reference.zip    778MB done
Validating package files [==================>-----------------------------]  40% 2/5
[1A[2K[1A[2K[1A[2KCollecting 1 genome record [================================================] 100% 1/1
Downloading: /sciclone/home/tdfelton/SUPERCOMPUTING/assignments/assignment_07/data/dog_reference/dog_reference.zip    778MB done
Validating package files [==================>-----------------------------]  40% 2/5
[1A[2K[1A[2K[1A[2KCollecting 1 genome record [================================================] 100% 1/1
Downloading: /sciclone/home/tdfelton/SUPERCOMPUTING/assignments/assignment_07/data/dog_reference/dog_reference.zip    778MB done
Validating package files [==================>-----------------------------]  40% 2/5
[1A[2K[1A[2K[1A[2KCollecting 1 genome record [================================================] 100% 1/1
Downloading: /sciclone/home/tdfelton/SUPERCOMPUTING/assignments/assignment_07/data/dog_reference/dog_reference.zip    778MB done
Validating package files [==================>-----------------------------]  40% 2/5
[1A[2K[1A[2K[1A[2KCollecting 1 genome record [================================================] 100% 1/1
Downloading: /sciclone/home/tdfelton/SUPERCOMPUTING/assignments/assignment_07/data/dog_reference/dog_reference.zip    778MB done
Validating package files [==================>-----------------------------]  40% 2/5
[1A[2K[1A[2K[1A[2KCollecting 1 genome record [================================================] 100% 1/1
Downloading: /sciclone/home/tdfelton/SUPERCOMPUTING/assignments/assignment_07/data/dog_reference/dog_reference.zip    778MB done
Validating package files [==================>-----------------------------]  40% 2/5
[1A[2K[1A[2K[1A[2KCollecting 1 genome record [================================================] 100% 1/1
Downloading: /sciclone/home/tdfelton/SUPERCOMPUTING/assignments/assignment_07/data/dog_reference/dog_reference.zip    778MB done
Validating package files [==================>-----------------------------]  40% 2/5
[1A[2K[1A[2K[1A[2KCollecting 1 genome record [================================================] 100% 1/1
Downloading: /sciclone/home/tdfelton/SUPERCOMPUTING/assignments/assignment_07/data/dog_reference/dog_reference.zip    778MB done
Validating package files [==================>-----------------------------]  40% 2/5
[1A[2K[1A[2K[1A[2KCollecting 1 genome record [================================================] 100% 1/1
Downloading: /sciclone/home/tdfelton/SUPERCOMPUTING/assignments/assignment_07/data/dog_reference/dog_reference.zip    778MB done
Validating package files [==================>-----------------------------]  40% 2/5
[1A[2K[1A[2K[1A[2KCollecting 1 genome record [================================================] 100% 1/1
Downloading: /sciclone/home/tdfelton/SUPERCOMPUTING/assignments/assignment_07/data/dog_reference/dog_reference.zip    778MB done
Validating package files [==================>-----------------------------]  40% 2/5
[1A[2K[1A[2K[1A[2KCollecting 1 genome record [================================================] 100% 1/1
Downloading: /sciclone/home/tdfelton/SUPERCOMPUTING/assignments/assignment_07/data/dog_reference/dog_reference.zip    778MB done
Validating package files [==================>-----------------------------]  40% 2/5
[1A[2K[1A[2K[1A[2KCollecting 1 genome record [================================================] 100% 1/1
Downloading: /sciclone/home/tdfelton/SUPERCOMPUTING/assignments/assignment_07/data/dog_reference/dog_reference.zip    778MB done
Validating package files [==================>-----------------------------]  40% 2/5
[1A[2K[1A[2K[1A[2KCollecting 1 genome record [================================================] 100% 1/1
Downloading: /sciclone/home/tdfelton/SUPERCOMPUTING/assignments/assignment_07/data/dog_reference/dog_reference.zip    778MB done
Validating package files [==================>-----------------------------]  40% 2/5
[1A[2K[1A[2K[1A[2KCollecting 1 genome record [================================================] 100% 1/1
Downloading: /sciclone/home/tdfelton/SUPERCOMPUTING/assignments/assignment_07/data/dog_reference/dog_reference.zip    778MB done
Validating package files [==================>-----------------------------]  40% 2/5
[1A[2K[1A[2K[1A[2KCollecting 1 genome record [================================================] 100% 1/1
Downloading: /sciclone/home/tdfelton/SUPERCOMPUTING/assignments/assignment_07/data/dog_reference/dog_reference.zip    778MB done
Validating package files [==================>-----------------------------]  40% 2/5
[1A[2K[1A[2K[1A[2KCollecting 1 genome record [================================================] 100% 1/1
Downloading: /sciclone/home/tdfelton/SUPERCOMPUTING/assignments/assignment_07/data/dog_reference/dog_reference.zip    778MB done
Validating package files [==================>-----------------------------]  40% 2/5
[1A[2K[1A[2K[1A[2KCollecting 1 genome record [================================================] 100% 1/1
Downloading: /sciclone/home/tdfelton/SUPERCOMPUTING/assignments/assignment_07/data/dog_reference/dog_reference.zip    778MB done
Validating package files [==================>-----------------------------]  40% 2/5
[1A[2K[1A[2K[1A[2KCollecting 1 genome record [================================================] 100% 1/1
Downloading: /sciclone/home/tdfelton/SUPERCOMPUTING/assignments/assignment_07/data/dog_reference/dog_reference.zip    778MB done
Validating package files [==================>-----------------------------]  40% 2/5
[1A[2K[1A[2K[1A[2KCollecting 1 genome record [================================================] 100% 1/1
Downloading: /sciclone/home/tdfelton/SUPERCOMPUTING/assignments/assignment_07/data/dog_reference/dog_reference.zip    778MB done
Validating package files [==================>-----------------------------]  40% 2/5
[1A[2K[1A[2K[1A[2KCollecting 1 genome record [================================================] 100% 1/1
Downloading: /sciclone/home/tdfelton/SUPERCOMPUTING/assignments/assignment_07/data/dog_reference/dog_reference.zip    778MB done
Validating package files [==================>-----------------------------]  40% 2/5
[1A[2K[1A[2K[1A[2KCollecting 1 genome record [================================================] 100% 1/1
Downloading: /sciclone/home/tdfelton/SUPERCOMPUTING/assignments/assignment_07/data/dog_reference/dog_reference.zip    778MB done
Validating package files [==================>-----------------------------]  40% 2/5
[1A[2K[1A[2K[1A[2KCollecting 1 genome record [================================================] 100% 1/1
Downloading: /sciclone/home/tdfelton/SUPERCOMPUTING/assignments/assignment_07/data/dog_reference/dog_reference.zip    778MB done
Validating package files [==================>-----------------------------]  40% 2/5
[1A[2K[1A[2K[1A[2KCollecting 1 genome record [================================================] 100% 1/1
Downloading: /sciclone/home/tdfelton/SUPERCOMPUTING/assignments/assignment_07/data/dog_reference/dog_reference.zip    778MB done
Validating package files [==================>-----------------------------]  40% 2/5
[1A[2K[1A[2K[1A[2KCollecting 1 genome record [================================================] 100% 1/1
Downloading: /sciclone/home/tdfelton/SUPERCOMPUTING/assignments/assignment_07/data/dog_reference/dog_reference.zip    778MB done
Validating package files [==================>-----------------------------]  40% 2/5
[1A[2K[1A[2K[1A[2KCollecting 1 genome record [================================================] 100% 1/1
Downloading: /sciclone/home/tdfelton/SUPERCOMPUTING/assignments/assignment_07/data/dog_reference/dog_reference.zip    778MB done
Validating package files [==================>-----------------------------]  40% 2/5
[1A[2K[1A[2K[1A[2KCollecting 1 genome record [================================================] 100% 1/1
Downloading: /sciclone/home/tdfelton/SUPERCOMPUTING/assignments/assignment_07/data/dog_reference/dog_reference.zip    778MB done
Validating package files [==================>-----------------------------]  40% 2/5
[1A[2K[1A[2K[1A[2KCollecting 1 genome record [================================================] 100% 1/1
Downloading: /sciclone/home/tdfelton/SUPERCOMPUTING/assignments/assignment_07/data/dog_reference/dog_reference.zip    778MB done
Validating package files [==================>-----------------------------]  40% 2/5
[1A[2K[1A[2K[1A[2KCollecting 1 genome record [================================================] 100% 1/1
Downloading: /sciclone/home/tdfelton/SUPERCOMPUTING/assignments/assignment_07/data/dog_reference/dog_reference.zip    778MB done
Validating package files [==================>-----------------------------]  40% 2/5
[1A[2K[1A[2K[1A[2KCollecting 1 genome record [================================================] 100% 1/1
Downloading: /sciclone/home/tdfelton/SUPERCOMPUTING/assignments/assignment_07/data/dog_reference/dog_reference.zip    778MB done
Validating package files [==================>-----------------------------]  40% 2/5
[1A[2K[1A[2K[1A[2KCollecting 1 genome record [================================================] 100% 1/1
Downloading: /sciclone/home/tdfelton/SUPERCOMPUTING/assignments/assignment_07/data/dog_reference/dog_reference.zip    778MB done
Validating package files [==================>-----------------------------]  40% 2/5
[1A[2K[1A[2K[1A[2KCollecting 1 genome record [================================================] 100% 1/1
Downloading: /sciclone/home/tdfelton/SUPERCOMPUTING/assignments/assignment_07/data/dog_reference/dog_reference.zip    778MB done
Validating package files [==================>-----------------------------]  40% 2/5
[1A[2K[1A[2K[1A[2KCollecting 1 genome record [================================================] 100% 1/1
Downloading: /sciclone/home/tdfelton/SUPERCOMPUTING/assignments/assignment_07/data/dog_reference/dog_reference.zip    778MB valid data package
Validating package files [================================================] 100% 5/5
ERROR: Failed to open file: /sciclone/home/tdfelton/SUPERCOMPUTING/assignments/assignment_07/data/raw/*_1.fastq
